0.000000	0.000000	0.000000	0.000000	0.000000	0.000000	0.000000	0.000000
-2574.384519	-2847.813409	-2875.350758	-2837.688069	-64824.931601	-56256.636233	-59909.738291	-67996.375918
-836.357574	-2726.532844	-2520.114484	-2712.361838	-30004.668832	-59943.087094	-43828.842798	-56179.321549
-5428.277603	-5847.395163	-5699.180746	-5621.799007	-128577.940593	-111522.106710	-118616.773917	-133870.498403
-6119.214728	-5641.557949	-5875.625417	-5679.421804	-60144.230443	-120121.761575	-86428.898445	-112991.130411
-5573.340425	-5967.424031	-5691.268228	-5619.496777	-128574.945459	-111519.089224	-118613.756432	-133867.391511
-2574.384519	-2847.813409	-2875.350758	-2837.688069	-64824.931601	-56256.636233	-59909.738291	-67996.375918
-836.357574	-2726.532844	-2520.114484	-2712.361838	-30004.668832	-59943.087094	-43828.842798	-56179.321549
-5428.277603	-5847.395163	-5699.180746	-5621.799007	-128577.940593	-111522.106710	-118616.773917	-133870.498403
-6119.214728	-5641.557949	-5875.625417	-5679.421804	-60144.230443	-120121.761575	-86428.898445	-112991.130411
-5573.340425	-5967.424031	-5691.268228	-5619.496777	-128574.945459	-111519.089224	-118613.756432	-133867.391511
328.548292	-5409.368027	-4600.927782	-5359.680099	-59993.490278	-119824.930409	-87900.693762	-112206.539477
-3096.521270	-4681.774042	-5712.658848	-5629.219786	-128581.762741	-111528.901640	-118621.490135	-133874.767587
-3807.619668	-5542.450314	-5438.514702	-5546.093648	-60069.508561	-119998.201132	-87075.042674	-112659.877558
-6378.785536	-6438.040011	-5686.440252	-5615.920498	-128573.067912	-111515.311779	-118611.476554	-133865.178688
-4418.917527	-5559.504695	-5563.416250	-5567.081936	-60097.269427	-120015.747251	-86933.734946	-112713.655855
-3255.308062	-4795.566773	-5708.009685	-5628.236309	-128580.265174	-111527.113500	-118619.701996	-133873.135909
853.858990	-5398.370969	-4494.175851	-5346.134942	-59974.960682	-119813.061632	-87988.111435	-112172.028383
-5380.578981	-5820.036628	-5699.560726	-5621.754303	-128576.666543	-111520.989123	-118615.589275	-133869.023188
-6110.899879	-5643.033164	-5874.597236	-5680.718205	-60144.029277	-120122.298017	-86431.759469	-112990.839838
-5621.530786	-5993.977904	-5694.196307	-5622.223690	-128576.666543	-111520.609143	-118615.455164	-133868.933781
245.243340	-5413.525452	-4609.644963	-5364.776297	-59995.211362	-119828.640798	-87884.846376	-112215.658988
-3064.424165	-4667.871257	-5714.223470	-5630.493835	-128581.941555	-111528.901640	-118621.646598	-133874.745235
-3692.530536	-5539.678698	-5413.167824	-5541.936224	-60066.111096	-119993.350803	-87099.383724	-112647.226470
-6377.846763	-6437.414162	-5688.496612	-5617.507472	-128573.537299	-111515.691759	-118612.080051	-133865.513964
-6378.785536	-6438.040011	-5686.440252	-5615.920498	-128573.067912	-111515.311779	-118611.476554	-133865.178688
-4418.917527	-5559.504695	-5563.416250	-5567.081936	-60097.269427	-120015.747251	-86933.734946	-112713.655855
-3255.308062	-4795.566773	-5708.009685	-5628.236309	-128580.265174	-111527.113500	-118619.701996	-133873.135909
853.858990	-5398.370969	-4494.175851	-5346.134942	-59974.960682	-119813.061632	-87988.111435	-112172.028383
-5380.578981	-5820.036628	-5699.560726	-5621.754303	-128576.666543	-111520.989123	-118615.589275	-133869.023188
-6110.899879	-5643.033164	-5874.597236	-5680.718205	-60144.029277	-120122.298017	-86431.759469	-112990.839838
-5621.530786	-5993.977904	-5694.196307	-5622.223690	-128576.666543	-111520.609143	-118615.455164	-133868.933781
245.243340	-5413.525452	-4609.644963	-5364.776297	-59995.211362	-119828.640798	-87884.846376	-112215.658988
-3064.424165	-4667.871257	-5714.223470	-5630.493835	-128581.941555	-111528.901640	-118621.646598	-133874.745235
-3692.530536	-5539.678698	-5413.167824	-5541.936224	-60066.111096	-119993.350803	-87099.383724	-112647.226470
-6377.846763	-6437.414162	-5688.496612	-5617.507472	-128573.537299	-111515.691759	-118612.080051	-133865.513964
-4503.183604	-5565.360852	-5578.883657	-5574.502715	-60099.839878	-120021.737519	-86911.807884	-112727.692750
-3310.874499	-4825.987497	-5712.055351	-5631.991402	-128583.170901	-111529.862765	-118622.741833	-133875.840470
943.467133	-5399.533260	-4470.661815	-5346.649032	-59974.938330	-119812.726356	-88003.020049	-112167.826255
-5333.908538	-5795.047378	-5702.757025	-5624.212995	-128578.320572	-111522.486689	-118617.265656	-133870.543107
-6098.941696	-5644.217806	-5872.250303	-5682.148717	-60142.934041	-120122.879162	-86436.229817	-112990.884541
-5670.414051	-6020.799997	-5696.900868	-5624.481216	-128578.298220	-111522.039654	-118617.086842	-133870.341941
154.003519	-5418.129911	-4621.603146	-5370.788916	-59997.133612	-119833.379368	-87869.289561	-112226.432529
-3041.379516	-4659.176428	-5716.928031	-5632.550196	-128583.215604	-111530.086283	-118622.898295	-133875.907526
-3578.469584	-5536.996488	-5388.335036	-5538.091724	-60062.557168	-119988.969861	-87124.931768	-112635.402398
-6376.595065	-6436.408333	-5690.888249	-5619.385018	-128574.587831	-111516.965809	-118613.197638	-133866.519793
-4589.729558	-5570.300587	-5595.423948	-5580.738852	-60101.404500	-120026.789013	-86891.288983	-112740.276783
-3365.636273	-4854.083640	-5712.860014	-5632.751361	-128583.081494	-111529.661599	-118622.607723	-133875.527546
1011.327030	-5398.438024	-4458.368356	-5344.883245	-59972.725507	-119810.155906	-88014.173569	-112161.835988
-5287.327503	-5769.946369	-5704.031075	-5625.196472	-128578.275869	-111522.531393	-118617.377414	-133870.431348
-5333.908538	-5795.047378	-5702.757025	-5624.212995	-128578.320572	-111522.486689	-118617.265656	-133870.543107
-6098.941696	-5644.217806	-5872.250303	-5682.148717	-60142.934041	-120122.879162	-86436.229817	-112990.884541
-5670.414051	-6020.799997	-5696.900868	-5624.481216	-128578.298220	-111522.039654	-118617.086842	-133870.341941
154.003519	-5418.129911	-4621.603146	-5370.788916	-59997.133612	-119833.379368	-87869.289561	-112226.432529
-3041.379516	-4659.176428	-5716.928031	-5632.550196	-128583.215604	-111530.086283	-118622.898295	-133875.907526
-3578.469584	-5536.996488	-5388.335036	-5538.091724	-60062.557168	-119988.969861	-87124.931768	-112635.402398
-6376.595065	-6436.408333	-5690.888249	-5619.385018	-128574.587831	-111516.965809	-118613.197638	-133866.519793
-4589.729558	-5570.300587	-5595.423948	-5580.738852	-60101.404500	-120026.789013	-86891.288983	-112740.276783
-3365.636273	-4854.083640	-5712.860014	-5632.751361	-128583.081494	-111529.661599	-118622.607723	-133875.527546
1011.327030	-5398.438024	-4458.368356	-5344.883245	-59972.725507	-119810.155906	-88014.173569	-112161.835988
-5287.327503	-5769.946369	-5704.031075	-5625.196472	-128578.275869	-111522.531393	-118617.377414	-133870.431348
-6086.692940	-5642.608481	-5868.942245	-5680.449984	-60139.625983	-120120.196953	-86438.666158	-112987.420021
-5711.228336	-6041.788285	-5695.515060	-5623.341277	-128576.331267	-111519.893887	-118615.164592	-133868.285581
57.153411	-5421.326211	-4640.982108	-5374.745175	-59998.072386	-119836.173336	-87852.190477	-112234.725026
-3014.892699	-4648.447591	-5719.386723	-5635.031239	-128584.735523	-111531.583849	-118624.485269	-133877.360389
-3474.332806	-5534.783666	-5367.950245	-5534.515445	-60060.299642	-119984.834788	-87149.608093	-112623.354807
-6374.941036	-6435.246043	-5691.804670	-5620.301440	-128574.654886	-111516.764643	-118613.219990	-133866.385682
-4679.337702	-5575.016806	-5615.339353	-5586.729120	-60103.974951	-120031.572286	-86869.518384	-112752.369076
-3423.639050	-4886.046634	-5714.067008	-5634.159521	-128583.595584	-111530.108634	-118623.188868	-133875.907526
1072.257885	-5397.387492	-4457.384879	-5343.072753	-59971.719679	-119807.786621	-88025.170627	-112155.622203
-5243.227511	-5748.175770	-5708.277906	-5629.286841	-128581.472168	-111525.615934	-118620.663121	-133873.426482
-6081.261466	-5647.972899	-5874.284312	-5685.568534	-60144.431608	-120124.577895	-86448.389166	-112990.482210
-5764.403136	-6074.243018	-5701.572383	-5629.733876	-128582.008610	-111525.347713	-118620.841935	-133873.694703
-63.635416	-5430.065743	-4693.307542	-5384.445832	-60006.789566	-119844.689351	-87841.752212	-112248.940736
-3019.497158	-4660.808106	-5722.471264	-5638.965146	-128587.797712	-111534.578983	-118627.636865	-133880.109653
-3014.892699	-4648.447591	-5719.386723	-5635.031239	-128584.735523	-111531.583849	-118624.485269	-133877.360389
-3474.332806	-5534.783666	-5367.950245	-5534.515445	-60060.299642	-119984.834788	-87149.608093	-112623.354807
-6374.941036	-6435.246043	-5691.804670	-5620.301440	-128574.654886	-111516.764643	-118613.219990	-133866.385682
-4679.337702	-5575.016806	-5615.339353	-5586.729120	-60103.974951	-120031.572286	-86869.518384	-112752.369076
-3423.639050	-4886.046634	-5714.067008	-5634.159521	-128583.595584	-111530.108634	-118623.188868	-133875.907526
1072.257885	-5397.387492	-4457.384879	-5343.072753	-59971.719679	-119807.786621	-88025.170627	-112155.622203
-5243.227511	-5748.175770	-5708.277906	-5629.286841	-128581.472168	-111525.615934	-118620.663121	-133873.426482
-6081.261466	-5647.972899	-5874.284312	-5685.568534	-60144.431608	-120124.577895	-86448.389166	-112990.482210
-5764.403136	-6074.243018	-5701.572383	-5629.733876	-128582.008610	-111525.347713	-118620.841935	-133873.694703
-63.635416	-5430.065743	-4693.307542	-5384.445832	-60006.789566	-119844.689351	-87841.752212	-112248.940736
-3019.497158	-4660.808106	-5722.471264	-5638.965146	-128587.797712	-111534.578983	-118627.636865	-133880.109653
-3386.758672	-5532.950822	-5358.204884	-5531.073276	-60060.500808	-119981.057344	-87177.838347	-112611.374272
-6374.292836	-6435.380153	-5694.129252	-5622.938946	-128576.420674	-111518.396320	-118615.075185	-133867.950305
-4774.220857	-5581.074128	-5639.479237	-5594.015788	-60108.959390	-120037.808423	-86851.614636	-112765.646013
-3493.577658	-4925.542167	-5716.212775	-5637.266414	-128585.897814	-111532.232050	-118625.647560	-133878.097996
1105.293763	-5398.616838	-4478.641388	-5343.698602	-59975.340661	-119807.473696	-88042.560284	-112151.487130
-5200.088644	-5725.958136	-5709.015514	-5630.538539	-128581.762741	-111525.973562	-118621.087804	-133873.627648
-6070.532628	-5645.491856	-5872.674986	-5682.998083	-60142.039972	-120121.023967	-86452.300722	-112985.698937
-5802.110529	-6093.219649	-5696.990275	-5625.576451	-128577.091226	-111520.229163	-118616.036310	-133868.777319
-179.618618	-5427.137664	-4721.604850	-5382.814155	-60003.213287	-119841.738920	-87817.925253	-112251.958221
-2997.793615	-4652.426201	-5718.358543	-5635.098295	-128583.081494	-111529.751006	-118623.010054	-133875.393435
-3284.253572	-5527.742866	-5339.384715	-5524.501863	-60056.365735	-119973.882434	-87201.061809	-112596.040976
-6370.582446	-6432.563833	-5694.822156	-5623.743608	-128576.375970	-111518.373968	-118615.209295	-133867.883249
-4862.711413	-5585.097442	-5657.271225	-5599.424910	-60111.485137	-120041.876440	-86829.754630	-112777.134809
-3550.887531	-4955.113525	-5717.352714	-5638.786332	-128586.836587	-111532.902602	-118626.452223	-133878.835604
-3493.577658	-4925.542167	-5716.212775	-5637.266414	-128585.897814	-111532.232050	-118625.647560	-133878.097996
1105.293763	-5398.616838	-4478.641388	-5343.698602	-59975.340661	-119807.473696	-88042.560284	-112151.487130
-5200.088644	-5725.958136	-5709.015514	-5630.538539	-128581.762741	-111525.973562	-118621.087804	-133873.627648
-6070.532628	-5645.491856	-5872.674986	-5682.998083	-60142.039972	-120121.023967	-86452.300722	-112985.698937
-5802.110529	-6093.219649	-5696.990275	-5625.576451	-128577.091226	-111520.229163	-118616.036310	-133868.777319
-179.618618	-5427.137664	-4721.604850	-5382.814155	-60003.213287	-119841.738920	-87817.925253	-112251.958221
-2997.793615	-4652.426201	-5718.358543	-5635.098295	-128583.081494	-111529.751006	-118623.010054	-133875.393435
-3284.253572	-5527.742866	-5339.384715	-5524.501863	-60056.365735	-119973.882434	-87201.061809	-112596.040976
-6370.582446	-6432.563833	-5694.822156	-5623.743608	-128576.375970	-111518.373968	-118615.209295	-133867.883249
-4862.711413	-5585.097442	-5657.271225	-5599.424910	-60111.485137	-120041.876440	-86829.754630	-112777.134809
-3550.887531	-4955.113525	-5717.352714	-5638.786332	-128586.836587	-111532.902602	-118626.452223	-133878.835604
1156.859238	-5399.935591	-4475.601551	-5344.302099	-59977.285263	-119807.540751	-88054.496116	-112147.977906
-5150.311309	-5700.812423	-5712.927069	-5634.315984	-128584.802578	-111528.856937	-118623.948827	-133876.578078
-6058.417983	-5649.135190	-5873.949036	-5686.283789	-60144.923347	-120123.795584	-86461.531992	-112986.548303
-5845.964652	-6119.661763	-5703.047598	-5631.723181	-128582.545052	-111525.615934	-118621.490135	-133874.029979
-286.348198	-5435.631327	-4744.224816	-5392.380702	-60010.298790	-119850.165528	-87804.380096	-112266.196283
-2977.364120	-4644.334870	-5723.722961	-5640.261548	-128587.596546	-111534.221355	-118627.480403	-133879.707322
-3169.499716	-5528.055790	-5318.307020	-5523.250165	-60056.633956	-119972.273108	-87230.096725	-112586.161505
-6366.648539	-6429.926327	-5697.906697	-5626.358763	-128578.320572	-111520.095053	-118617.086842	-133869.649037
-4937.813275	-5591.244172	-5672.224542	-5606.711579	-60114.569678	-120048.000818	-86811.493255	-112790.054117
-3608.331514	-4985.221325	-5721.018400	-5642.116742	-128589.429389	-111535.361294	-118629.156784	-133881.450758
1223.690954	-5400.360274	-4460.625882	-5344.056230	-59976.547656	-119806.423164	-88065.448471	-112143.619316
-5097.963524	-5673.073908	-5715.922203	-5636.551158	-128586.054276	-111530.108634	-118625.401691	-133877.718017
-6035.239224	-5650.141019	-5869.568094	-5687.021397	-60143.604594	-120123.594418	-86470.718559	-112983.933149
-5882.621513	-6140.895920	-5705.662752	-5633.712486	-128583.774398	-111526.666466	-118622.741833	-133875.214621
-5845.964652	-6119.661763	-5703.047598	-5631.723181	-128582.545052	-111525.615934	-118621.490135	-133874.029979
-286.348198	-5435.631327	-4744.224816	-5392.380702	-60010.298790	-119850.165528	-87804.380096	-112266.196283
-2977.364120	-4644.334870	-5723.722961	-5640.261548	-128587.596546	-111534.221355	-118627.480403	-133879.707322
-3169.499716	-5528.055790	-5318.307020	-5523.250165	-60056.633956	-119972.273108	-87230.096725	-112586.161505
-6366.648539	-6429.926327	-5697.906697	-5626.358763	-128578.320572	-111520.095053	-118617.086842	-133869.649037
-4937.813275	-5591.244172	-5672.224542	-5606.711579	-60114.569678	-120048.000818	-86811.493255	-112790.054117
-3608.331514	-4985.221325	-5721.018400	-5642.116742	-128589.429389	-111535.361294	-118629.156784	-133881.450758
1223.690954	-5400.360274	-4460.625882	-5344.056230	-59976.547656	-119806.423164	-88065.448471	-112143.619316
-5097.963524	-5673.073908	-5715.922203	-5636.551158	-128586.054276	-111530.108634	-118625.401691	-133877.718017
-6035.239224	-5650.141019	-5869.568094	-5687.021397	-60143.604594	-120123.594418	-86470.718559	-112983.933149
-5882.621513	-6140.895920	-5705.662752	-5633.712486	-128583.774398	-111526.666466	-118622.741833	-133875.214621
-380.426691	-5441.353374	-4757.099421	-5399.175632	-60012.757482	-119855.597002	-87787.258659	-112277.819190
-2959.750946	-4641.004460	-5727.723924	-5643.457847	-128589.898776	-111536.568288	-118629.916743	-133881.920145
-3041.603034	-5525.373581	-5289.495622	-5519.137444	-60052.677697	-119967.534538	-87254.773051	-112573.108086
-6357.350213	-6422.304383	-5698.376083	-5625.442341	-128576.487729	-111518.329265	-118615.388109	-133867.771491
-4999.995828	-5590.014826	-5677.879534	-5606.644524	-60109.607590	-120046.726769	-86785.073493	-112795.440888
-3654.912550	-5007.841290	-5716.145720	-5636.461751	-128582.969735	-111528.767530	-118622.674778	-133874.879345
1288.309847	-5395.286428	-4438.877635	-5338.602404	-59970.020946	-119800.075269	-88068.398901	-112134.522156
-5039.692526	-5641.781466	-5715.072836	-5634.472446	-128583.237956	-111527.337018	-118622.607723	-133874.946401
-6005.399645	-5645.961242	-5860.470934	-5682.461641	-60137.346105	-120118.297055	-86472.931382	-112976.445314
-5913.243403	-6156.318624	-5704.478109	-5631.544367	-128581.025133	-111523.783091	-118620.014920	-133872.443005
-481.858907	-5442.605071	-4772.991511	-5401.746083	-60011.103453	-119856.960458	-87763.811679	-112285.709356
-2935.052268	-4628.442780	-5727.969793	-5642.943757	-128588.624726	-111535.182480	-118628.709749	-133880.757854
-2920.724800	-5523.853662	-5265.847476	-5516.097607	-60050.464875	-119964.070018	-87280.522261	-112561.619289
-6354.668004	-6421.499720	-5705.908621	-5631.991402	-128582.410941	-111524.096015	-118621.378377	-133873.739406
-6357.350213	-6422.304383	-5698.376083	-5625.442341	-128576.487729	-111518.329265	-118615.388109	-133867.771491
-4999.995828	-5590.014826	-5677.879534	-5606.644524	-60109.607590	-120046.726769	-86785.073493	-112795.440888
-3654.912550	-5007.841290	-5716.145720	-5636.461751	-128582.969735	-111528.767530	-118622.674778	-133874.879345
1288.309847	-5395.286428	-4438.877635	-5338.602404	-59970.020946	-119800.075269	-88068.398901	-112134.522156
-5039.692526	-5641.781466	-5715.072836	-5634.472446	-128583.237956	-111527.337018	-118622.607723	-133874.946401
-6005.399645	-5645.961242	-5860.470934	-5682.461641	-60137.346105	-120118.297055	-86472.931382	-112976.445314
-5913.243403	-6156.318624	-5704.478109	-5631.544367	-128581.025133	-111523.783091	-118620.014920	-133872.443005
-481.858907	-5442.605071	-4772.991511	-5401.746083	-60011.103453	-119856.960458	-87763.811679	-112285.709356
-2935.052268	-4628.442780	-5727.969793	-5642.943757	-128588.624726	-111535.182480	-118628.709749	-133880.757854
-2920.724800	-5523.853662	-5265.847476	-5516.097607	-60050.464875	-119964.070018	-87280.522261	-112561.619289
-6354.668004	-6421.499720	-5705.908621	-5631.991402	-128582.410941	-111524.096015	-118621.378377	-133873.739406
-5076.282332	-5600.341332	-5697.683179	-5618.267431	-60116.894259	-120057.232089	-86769.807252	-112812.808193
-3710.657801	-5035.423343	-5722.828892	-5642.608481	-128588.535319	-111534.064893	-118628.352121	-133880.377874
1342.646938	-5399.108577	-4437.089495	-5341.977518	-59972.725507	-119802.846885	-88079.664180	-112134.522156
-4987.054168	-5616.009905	-5722.404208	-5640.954452	-128588.915299	-111532.902602	-118628.486231	-133880.511985
-5986.177145	-5652.353841	-5863.890751	-5688.518964	-60142.174082	-120123.706177	-86487.035333	-112979.239283
-5953.744764	-6182.045481	-5712.055351	-5638.384001	-128587.350677	-111529.751006	-118626.362816	-133878.545031
-591.918897	-5450.182313	-4804.149843	-5410.440911	-60016.266706	-119864.492996	-87746.064394	-112299.969769
-2922.401181	-4627.101675	-5733.110694	-5647.503513	-128592.536282	-111538.870518	-118632.576601	-133884.423540
-2802.528775	-5524.345401	-5248.279005	-5514.980020	-60050.911909	-119962.885375	-87308.327831	-112552.097446
-6350.108248	-6419.018676	-5710.378970	-5635.902957	-128585.651944	-111527.292314	-118624.641731	-133876.801595
-5151.630062	-5608.544422	-5716.793921	-5627.453998	-60122.482195	-120065.502234	-86752.842278	-112827.962676
-3779.992912	-5075.008282	-5728.886214	-5648.576397	-128593.899738	-111539.250498	-118633.627133	-133885.563479
1382.813022	-5402.394283	-4441.313975	-5344.704431	-59975.564179	-119804.992653	-88089.074265	-112134.678618
-4935.064010	-5590.461861	-5725.064066	-5643.144923	-128590.345811	-111534.333114	-118629.894391	-133881.786034
-4987.054168	-5616.009905	-5722.404208	-5640.954452	-128588.915299	-111532.902602	-118628.486231	-133880.511985
-5986.177145	-5652.353841	-5863.890751	-5688.518964	-60142.174082	-120123.706177	-86487.035333	-112979.239283
-5953.744764	-6182.045481	-5712.055351	-5638.384001	-128587.350677	-111529.751006	-118626.362816	-133878.545031
-591.918897	-5450.182313	-4804.149843	-5410.440911	-60016.266706	-119864.492996	-87746.064394	-112299.969769
-2922.401181	-4627.101675	-5733.110694	-5647.503513	-128592.536282	-111538.870518	-118632.576601	-133884.423540
-2802.528775	-5524.345401	-5248.279005	-5514.980020	-60050.911909	-119962.885375	-87308.327831	-112552.097446
-6350.108248	-6419.018676	-5710.378970	-5635.902957	-128585.651944	-111527.292314	-118624.641731	-133876.801595
-5151.630062	-5608.544422	-5716.793921	-5627.453998	-60122.482195	-120065.502234	-86752.842278	-112827.962676
-3779.992912	-5075.008282	-5728.886214	-5648.576397	-128593.899738	-111539.250498	-118633.627133	-133885.563479
1382.813022	-5402.394283	-4441.313975	-5344.704431	-59975.564179	-119804.992653	-88089.074265	-112134.678618
-4935.064010	-5590.461861	-5725.064066	-5643.144923	-128590.345811	-111534.333114	-118629.894391	-133881.786034
-5960.539694	-5650.856274	-5860.090954	-5686.596714	-60140.095370	-120121.202781	-86493.919670	-112974.500713
-5986.177145	-6200.306857	-5711.518909	-5637.914614	-128586.233090	-111528.611067	-118625.222877	-133877.248630
-706.650401	-5454.250330	-4833.408276	-5415.693571	-60018.635990	-119868.806883	-87724.584368	-112311.369158
-2913.214614	-4626.162902	-5735.502331	-5649.917501	-128594.190311	-111540.502195	-118634.297685	-133885.921107
-2685.875021	-5522.445503	-5229.190615	-5511.582555	-60049.950784	-119959.219689	-87335.082869	-112540.385132
-6343.402725	-6414.525976	-5713.195290	-5638.272242	-128587.484787	-111528.991047	-118626.407519	-133878.455624
-5223.110941	-5613.059475	-5732.641307	-5633.220748	-60125.522032	-120070.374914	-86734.089164	-112839.496176
-3843.091886	-5108.111216	-5730.115560	-5649.559873	-128594.436180	-111539.764588	-118634.275333	-133885.965811
1414.954831	-5402.863670	-4447.974795	-5344.883245	-59976.257083	-119804.590321	-88096.316230	-112132.130519
-4884.705530	-5565.696128	-5727.858034	-5645.603615	-128592.156302	-111536.076550	-118631.749586	-133883.440063
-5935.639851	-5651.437420	-5858.146353	-5686.797880	-60140.788274	-120120.912209	-86505.386115	-112971.326765
-6019.905927	-6220.512834	-5714.067008	-5640.440362	-128588.043581	-111530.220393	-118627.167478	-133878.992066
-826.634565	-5458.050127	-4864.477201	-5420.923879	-60021.206441	-119873.120770	-87703.685487	-112322.433272
-2911.247660	-4629.269794	-5734.429447	-5648.509341	-128592.089247	-111538.311724	-118632.308380	-133883.775340
-2913.214614	-4626.162902	-5735.502331	-5649.917501	-128594.190311	-111540.502195	-118634.297685	-133885.921107
-2685.875021	-5522.445503	-5229.190615	-5511.582555	-60049.950784	-119959.219689	-87335.082869	-112540.385132
-6343.402725	-6414.525976	-5713.195290	-5638.272242	-128587.484787	-111528.991047	-118626.407519	-133878.455624
-5223.110941	-5613.059475	-5732.641307	-5633.220748	-60125.522032	-120070.374914	-86734.089164	-112839.496176
-3843.091886	-5108.111216	-5730.115560	-5649.559873	-128594.436180	-111539.764588	-118634.275333	-133885.965811
1414.954831	-5402.863670	-4447.974795	-5344.883245	-59976.257083	-119804.590321	-88096.316230	-112132.130519
-4884.705530	-5565.696128	-5727.858034	-5645.603615	-128592.156302	-111536.076550	-118631.749586	-133883.440063
-5935.639851	-5651.437420	-5858.146353	-5686.797880	-60140.788274	-120120.912209	-86505.386115	-112971.326765
-6019.905927	-6220.512834	-5714.067008	-5640.440362	-128588.043581	-111530.220393	-118627.167478	-133878.992066
-826.634565	-5458.050127	-4864.477201	-5420.923879	-60021.206441	-119873.120770	-87703.685487	-112322.433272
-2911.247660	-4629.269794	-5734.429447	-5648.509341	-128592.089247	-111538.311724	-118632.308380	-133883.775340
-2575.032720	-5514.555337	-5205.542470	-5502.485395	-60042.842930	-119949.742550	-87354.327721	-112522.995475
-6328.337649	-6401.830185	-5708.501423	-5633.176045	-128581.673334	-111523.090186	-118620.730176	-133872.621819
-5283.505354	-5610.377265	-5738.452761	-5631.656126	-60120.962277	-120067.893871	-86709.546949	-112843.161862
-3899.865317	-5134.061591	-5726.718095	-5646.095353	-128590.323459	-111535.517756	-118630.252019	-133881.763683
1446.515494	-5398.192155	-4438.967042	-5340.055268	-59971.049127	-119799.158847	-88096.852672	-112124.754444
-4825.920442	-5532.928471	-5724.482921	-5641.669707	-128587.507139	-111531.472091	-118627.256885	-133878.768549
-5902.559269	-5646.408277	-5848.423344	-5681.433461	-60135.088579	-120115.145459	-86511.443438	-112962.162550
-6046.728021	-6234.974412	-5713.172938	-5639.188664	-128586.300145	-111528.432253	-118625.580505	-133877.136871
-934.235863	-5463.034566	-4878.491745	-5427.271775	-60023.799243	-119878.529892	-87683.479510	-112334.704379
-2897.322523	-4620.664373	-5738.497464	-5652.242083	-128595.240843	-111541.396265	-118635.459976	-133886.725770
-2450.689966	-5513.460101	-5177.491030	-5500.183165	-60041.613584	-119947.216803	-87381.373332	-112512.333693
-6320.402780	-6396.510469	-5712.524737	-5636.819379	-128584.646116	-111526.062969	-118623.770013	-133875.460491
-5343.408029	-5615.786387	-5749.807447	-5638.518112	-60123.868003	-120073.772380	-86693.632507	-112855.142397
-3958.806867	-5164.124687	-5728.081552	-5647.168237	-128590.971660	-111535.987143	-118630.967275	-133882.344828
-3899.865317	-5134.061591	-5726.718095	-5646.095353	-128590.323459	-111535.517756	-118630.252019	-133881.763683
1446.515494	-5398.192155	-4438.967042	-5340.055268	-59971.049127	-119799.158847	-88096.852672	-112124.754444
-4825.920442	-5532.928471	-5724.482921	-5641.669707	-128587.507139	-111531.472091	-118627.256885	-133878.768549
-5902.559269	-5646.408277	-5848.423344	-5681.433461	-60135.088579	-120115.145459	-86511.443438	-112962.162550
-6046.728021	-6234.974412	-5713.172938	-5639.188664	-128586.300145	-111528.432253	-118625.580505	-133877.136871
-934.235863	-5463.034566	-4878.491745	-5427.271775	-60023.799243	-119878.529892	-87683.479510	-112334.704379
-2897.322523	-4620.664373	-5738.497464	-5652.242083	-128595.240843	-111541.396265	-118635.459976	-133886.725770
-2450.689966	-5513.460101	-5177.491030	-5500.183165	-60041.613584	-119947.216803	-87381.373332	-112512.333693
-6320.402780	-6396.510469	-5712.524737	-5636.819379	-128584.646116	-111526.062969	-118623.770013	-133875.460491
-5343.408029	-5615.786387	-5749.807447	-5638.518112	-60123.868003	-120073.772380	-86693.632507	-112855.142397
-3958.806867	-5164.124687	-5728.081552	-5647.168237	-128590.971660	-111535.987143	-118630.967275	-133882.344828
1482.971189	-5397.968638	-4422.918489	-5339.787047	-59969.685670	-119798.443591	-88100.808930	-112122.698083
-4771.270427	-5505.748749	-5726.516929	-5643.033164	-128588.445912	-111532.366160	-118628.240362	-133879.573212
-5867.757603	-5644.910710	-5841.494303	-5679.645321	-60132.339315	-120112.932636	-86521.814647	-112956.708724
-6074.846515	-6251.000613	-5712.681200	-5638.361649	-128585.093151	-111526.957038	-118624.395862	-133875.795767
-1045.391088	-5465.761479	-4899.681199	-5431.518606	-60023.732188	-119881.793246	-87659.406681	-112345.612031
-2897.926020	-4627.056971	-5740.620880	-5654.007870	-128596.470189	-111542.558556	-118636.912839	-133887.977468
-2327.062467	-5512.431921	-5153.842885	-5497.791528	-60040.071313	-119944.758111	-87407.927204	-112502.186001
-6312.110282	-6391.570734	-5716.503348	-5640.283899	-128587.641250	-111528.923992	-118626.876906	-133878.276810
-5404.830623	-5622.626021	-5764.224322	-5646.408277	-60128.181890	-120081.103752	-86679.640315	-112868.486389
-4017.927232	-5194.299542	-5732.998935	-5651.951510	-128595.397305	-111540.032809	-118635.214106	-133886.412845
1514.554204	-5402.796615	-4419.699838	-5344.145637	-59972.613749	-119802.578664	-88107.849730	-112125.715569
-4718.252089	-5480.223057	-5733.535377	-5649.559873	-128594.190311	-111538.132911	-118634.118871	-133885.228203
-5838.454466	-5648.263472	-5841.650765	-5682.439289	-60135.423855	-120115.570142	-86538.511400	-112955.792303
-6105.334294	-6270.401927	-5716.101017	-5641.803818	-128588.043581	-111529.907469	-118627.390996	-133878.679142
-5867.757603	-5644.910710	-5841.494303	-5679.645321	-60132.339315	-120112.932636	-86521.814647	-112956.708724
-6074.846515	-6251.000613	-5712.681200	-5638.361649	-128585.093151	-111526.957038	-118624.395862	-133875.795767
-1045.391088	-5465.761479	-4899.681199	-5431.518606	-60023.732188	-119881.793246	-87659.406681	-112345.612031
-2897.926020	-4627.056971	-5740.620880	-5654.007870	-128596.470189	-111542.558556	-118636.912839	-133887.977468
-2327.062467	-5512.431921	-5153.842885	-5497.791528	-60040.071313	-119944.758111	-87407.927204	-112502.186001
-6312.110282	-6391.570734	-5716.503348	-5640.283899	-128587.641250	-111528.923992	-118626.876906	-133878.276810
-5404.830623	-5622.626021	-5764.224322	-5646.408277	-60128.181890	-120081.103752	-86679.640315	-112868.486389
-4017.927232	-5194.299542	-5732.998935	-5651.951510	-128595.397305	-111540.032809	-118635.214106	-133886.412845
1514.554204	-5402.796615	-4419.699838	-5344.145637	-59972.613749	-119802.578664	-88107.849730	-112125.715569
-4718.252089	-5480.223057	-5733.535377	-5649.559873	-128594.190311	-111538.132911	-118634.118871	-133885.228203
-5838.454466	-5648.263472	-5841.650765	-5682.439289	-60135.423855	-120115.570142	-86538.511400	-112955.792303
-6105.334294	-6270.401927	-5716.101017	-5641.803818	-128588.043581	-111529.907469	-118627.390996	-133878.679142
-1164.525886	-5470.768269	-4928.313783	-5438.022964	-60027.084950	-119887.515293	-87638.932483	-112358.307822
-2889.231192	-4622.385457	-5742.118447	-5655.125458	-128597.118389	-111543.117350	-118637.426929	-133888.424502
-2210.118140	-5510.800244	-5134.083943	-5494.751691	-60038.707857	-119941.695922	-87432.402364	-112491.233646
-6303.169585	-6385.803984	-5719.364371	-5643.033164	-128589.831721	-111531.047408	-118629.022673	-133880.422578
-5465.984996	-5625.509396	-5777.322445	-5650.006908	-60130.238251	-120084.143589	-86663.301189	-112876.801238
-4085.407148	-5228.832987	-5731.076685	-5650.163370	-128593.095075	-111537.752931	-118632.844822	-133883.931802
1522.131446	-5400.852013	-4433.580271	-5342.089277	-59971.026775	-119800.008214	-88108.699096	-112121.893420
-4668.742975	-5457.089002	-5735.457627	-5651.035088	-128595.285546	-111539.161091	-118635.035293	-133886.144624
-5807.072616	-5648.509341	-5838.655631	-5682.081661	-60135.848538	-120114.832534	-86551.765985	-112950.919622
-6131.687001	-6286.338721	-5717.196252	-5642.675536	-128588.624726	-111530.287448	-118627.905086	-133879.059121
-1286.275838	-5474.858639	-4960.701461	-5443.320327	-60029.945973	-119891.940938	-87616.737201	-112369.573101
-2889.410006	-4627.101675	-5742.788999	-5655.281920	-128597.096038	-111542.938536	-118637.404577	-133888.066875
-2096.012485	-5506.039322	-5114.995553	-5488.560258	-60035.176281	-119935.504488	-87454.977626	-112476.637957
-2889.231192	-4622.385457	-5742.118447	-5655.125458	-128597.118389	-111543.117350	-118637.426929	-133888.424502
-2210.118140	-5510.800244	-5134.083943	-5494.751691	-60038.707857	-119941.695922	-87432.402364	-112491.233646
-6303.169585	-6385.803984	-5719.364371	-5643.033164	-128589.831721	-111531.047408	-118629.022673	-133880.422578
-5465.984996	-5625.509396	-5777.322445	-5650.006908	-60130.238251	-120084.143589	-86663.301189	-112876.801238
-4085.407148	-5228.832987	-5731.076685	-5650.163370	-128593.095075	-111537.752931	-118632.844822	-133883.931802
1522.131446	-5400.852013	-4433.580271	-5342.089277	-59971.026775	-119800.008214	-88108.699096	-112121.893420
-4668.742975	-5457.089002	-5735.457627	-5651.035088	-128595.285546	-111539.161091	-118635.035293	-133886.144624
-5807.072616	-5648.509341	-5838.655631	-5682.081661	-60135.848538	-120114.832534	-86551.765985	-112950.919622
-6131.687001	-6286.338721	-5717.196252	-5642.675536	-128588.624726	-111530.287448	-118627.905086	-133879.059121
-1286.275838	-5474.858639	-4960.701461	-5443.320327	-60029.945973	-119891.940938	-87616.737201	-112369.573101
-2889.410006	-4627.101675	-5742.788999	-5655.281920	-128597.096038	-111542.938536	-118637.404577	-133888.066875
-2096.012485	-5506.039322	-5114.995553	-5488.560258	-60035.176281	-119935.504488	-87454.977626	-112476.637957
-6288.886820	-6375.343367	-5719.297316	-5642.362612	-128588.937651	-111530.063931	-118628.173307	-133879.327342
-5523.965421	-5629.197434	-5789.504145	-5654.834885	-60132.719294	-120088.278662	-86646.805602	-112886.121915
-4143.879312	-5257.286758	-5733.021287	-5651.884455	-128594.682049	-111538.982277	-118634.431795	-133885.295258
1534.000222	-5401.276696	-4436.508350	-5342.424553	-59971.853789	-119799.963510	-88112.610652	-112120.284095
-4608.013285	-5425.103655	-5736.642270	-5651.884455	-128595.598471	-111539.384608	-118635.482327	-133886.323438
-5769.007596	-5646.743553	-5832.374791	-5679.801784	-60134.350972	-120112.418546	-86564.506479	-112944.035285
-6157.726783	-6302.431977	-5719.073799	-5644.620138	-128590.211700	-111531.628553	-118629.380301	-133880.355523
-1413.323154	-5479.552505	-4989.445804	-5449.623519	-60033.522252	-119897.417116	-87594.251346	-112382.537113
-2888.761805	-4626.431123	-5743.280738	-5655.796010	-128596.961927	-111542.849129	-118637.359874	-133887.910412
-1974.575457	-5501.837194	-5091.503869	-5482.949970	-60031.912927	-119929.804794	-87479.564545	-112462.601061
-6274.045262	-6364.636882	-5720.236089	-5643.167274	-128589.161168	-111530.309800	-118628.396824	-133879.439101
-5576.424965	-5632.147864	-5798.400140	-5658.813495	-60133.993344	-120091.452609	-86630.667642	-112894.906151
-4206.397141	-5289.875602	-5734.272985	-5653.292615	-128595.553767	-111539.786940	-118635.459976	-133886.211680
-4143.879312	-5257.286758	-5733.021287	-5651.884455	-128594.682049	-111538.982277	-118634.431795	-133885.295258
1534.000222	-5401.276696	-4436.508350	-5342.424553	-59971.853789	-119799.963510	-88112.610652	-112120.284095
-4608.013285	-5425.103655	-5736.642270	-5651.884455	-128595.598471	-111539.384608	-118635.482327	-133886.323438
-5769.007596	-5646.743553	-5832.374791	-5679.801784	-60134.350972	-120112.418546	-86564.506479	-112944.035285
-6157.726783	-6302.431977	-5719.073799	-5644.620138	-128590.211700	-111531.628553	-118629.380301	-133880.355523
-1413.323154	-5479.552505	-4989.445804	-5449.623519	-60033.522252	-119897.417116	-87594.251346	-112382.537113
-2888.761805	-4626.431123	-5743.280738	-5655.796010	-128596.961927	-111542.849129	-118637.359874	-133887.910412
-1974.575457	-5501.837194	-5091.503869	-5482.949970	-60031.912927	-119929.804794	-87479.564545	-112462.601061
-6274.045262	-6364.636882	-5720.236089	-5643.167274	-128589.161168	-111530.309800	-118628.396824	-133879.439101
-5576.424965	-5632.147864	-5798.400140	-5658.813495	-60133.993344	-120091.452609	-86630.667642	-112894.906151
-4206.397141	-5289.875602	-5734.272985	-5653.292615	-128595.553767	-111539.786940	-118635.459976	-133886.211680
1542.940920	-5401.947248	-4432.999126	-5342.916291	-59971.898493	-119800.052917	-88114.644660	-112119.859412
-4552.960939	-5398.259210	-5738.519816	-5653.359670	-128596.671354	-111540.368085	-118636.555211	-133887.239860
-5727.835682	-5646.005946	-5825.065771	-5678.304217	-60132.898108	-120110.697461	-86579.057464	-112938.313238
-6180.704377	-6316.625335	-5720.012572	-5645.245987	-128590.636383	-111531.896774	-118629.827336	-133880.690799
-1527.607623	-5484.112261	-5007.483662	-5455.345566	-60035.645668	-119902.490962	-87572.368988	-112395.232903
-2888.672398	-4628.576890	-5746.454686	-5658.791144	-128599.755895	-111545.374876	-118640.109139	-133890.525566
-1852.043194	-5501.613677	-5065.464087	-5481.139479	-60031.465892	-119928.106061	-87506.408990	-112453.369791
-6262.936445	-6358.154876	-5725.376990	-5647.771734	-128593.408000	-111534.556631	-118632.710711	-133883.529470
-5628.213957	-5640.082734	-5810.671247	-5667.664786	-60139.290707	-120099.678051	-86619.715288	-112908.741881
-4274.033520	-5326.733628	-5740.062087	-5659.148772	-128601.007593	-111545.151358	-118641.070264	-133891.464340
1556.284911	-5407.401074	-4429.288736	-5348.168951	-59976.033566	-119804.791487	-88120.545521	-112124.553278
-4501.820147	-5374.856934	-5743.794828	-5658.232350	-128600.940538	-111544.704323	-118640.980857	-133891.419636
-5684.562705	-5647.592920	-5819.120207	-5679.198286	-60133.367495	-120111.323310	-86596.134197	-112934.714608
-6206.028903	-6333.165626	-5725.041714	-5650.073963	-128594.905567	-111536.165957	-118634.275333	-133884.937630
-6180.704377	-6316.625335	-5720.012572	-5645.245987	-128590.636383	-111531.896774	-118629.827336	-133880.690799
-1527.607623	-5484.112261	-5007.483662	-5455.345566	-60035.645668	-119902.490962	-87572.368988	-112395.232903
-2888.672398	-4628.576890	-5746.454686	-5658.791144	-128599.755895	-111545.374876	-118640.109139	-133890.525566
-1852.043194	-5501.613677	-5065.464087	-5481.139479	-60031.465892	-119928.106061	-87506.408990	-112453.369791
-6262.936445	-6358.154876	-5725.376990	-5647.771734	-128593.408000	-111534.556631	-118632.710711	-133883.529470
-5628.213957	-5640.082734	-5810.671247	-5667.664786	-60139.290707	-120099.678051	-86619.715288	-112908.741881
-4274.033520	-5326.733628	-5740.062087	-5659.148772	-128601.007593	-111545.151358	-118641.070264	-133891.464340
1556.284911	-5407.401074	-4429.288736	-5348.168951	-59976.033566	-119804.791487	-88120.545521	-112124.553278
-4501.820147	-5374.856934	-5743.794828	-5658.232350	-128600.940538	-111544.704323	-118640.980857	-133891.419636
-5684.562705	-5647.592920	-5819.120207	-5679.198286	-60133.367495	-120111.323310	-86596.134197	-112934.714608
-6206.028903	-6333.165626	-5725.041714	-5650.073963	-128594.905567	-111536.165957	-118634.275333	-133884.937630
-1641.825037	-5491.689502	-5031.400029	-5464.174505	-60040.384238	-119910.492886	-87552.855915	-112410.968531
-2892.405139	-4634.164826	-5749.740392	-5662.076850	-128602.303994	-111547.967678	-118642.858403	-133893.073665
-1724.727657	-5499.713778	-5038.172607	-5477.674958	-60028.895441	-119924.596837	-87531.219427	-112442.328029
-6245.613843	-6346.040231	-5726.382819	-5648.375231	-128593.251537	-111534.310762	-118632.777766	-133883.373008
-5669.765850	-5640.440362	-5815.432169	-5668.648263	-60136.563794	-120100.303900	-86601.968003	-112914.553334
-4332.550386	-5355.679137	-5737.983374	-5656.734783	-128598.258328	-111542.267983	-118638.253944	-133888.580965
1562.632807	-5404.562402	-4427.746466	-5345.129114	-59971.674975	-119801.572836	-88116.969242	-112121.267572
-4443.012708	-5344.547968	-5740.665584	-5654.432554	-128596.738410	-111540.546899	-118636.823432	-133887.150453
-5628.772751	-5638.629870	-5803.317523	-5669.318815	-60122.973934	-120101.577950	-86602.906776	-112920.677712
-6219.886985	-6339.804094	-5720.794883	-5645.245987	-128589.787017	-111530.913297	-118629.268542	-133879.640267
-1755.461306	-5493.589400	-5052.634186	-5467.482563	-60039.400761	-119913.130392	-87526.547912	-112421.809128
-2892.315733	-4634.433047	-5749.628633	-5661.406298	-128601.432276	-111546.894794	-118642.031389	-133891.956078
-1600.228441	-5494.505822	-5012.378694	-5471.036490	-60023.396912	-119918.338349	-87552.163011	-112428.671113
-6227.508930	-6333.255033	-5727.925089	-5648.822266	-128593.743276	-111534.578983	-118633.224801	-133883.685933
-6245.613843	-6346.040231	-5726.382819	-5648.375231	-128593.251537	-111534.310762	-118632.777766	-133883.373008
-5669.765850	-5640.440362	-5815.432169	-5668.648263	-60136.563794	-120100.303900	-86601.968003	-112914.553334
-4332.550386	-5355.679137	-5737.983374	-5656.734783	-128598.258328	-111542.267983	-118638.253944	-133888.580965
1562.632807	-5404.562402	-4427.746466	-5345.129114	-59971.674975	-119801.572836	-88116.969242	-112121.267572
-4443.012708	-5344.547968	-5740.665584	-5654.432554	-128596.738410	-111540.546899	-118636.823432	-133887.150453
-5628.772751	-5638.629870	-5803.317523	-5669.318815	-60122.973934	-120101.577950	-86602.906776	-112920.677712
-6219.886985	-6339.804094	-5720.794883	-5645.245987	-128589.787017	-111530.913297	-118629.268542	-133879.640267
-1755.461306	-5493.589400	-5052.634186	-5467.482563	-60039.400761	-119913.130392	-87526.547912	-112421.809128
-2892.315733	-4634.433047	-5749.628633	-5661.406298	-128601.432276	-111546.894794	-118642.031389	-133891.956078
-1600.228441	-5494.505822	-5012.378694	-5471.036490	-60023.396912	-119918.338349	-87552.163011	-112428.671113
-6227.508930	-6333.255033	-5727.925089	-5648.822266	-128593.743276	-111534.578983	-118633.224801	-133883.685933
-5713.038828	-5643.770771	-5823.590556	-5672.828039	-60137.279050	-120104.103697	-86587.551127	-112923.874012
-4393.749463	-5385.541068	-5739.168017	-5657.360632	-128598.951232	-111542.670315	-118638.969200	-133889.050351
1564.264484	-5405.612934	-4426.226548	-5346.157294	-59971.607920	-119802.489257	-88116.499855	-112122.787490
-4385.166393	-5316.384770	-5744.040697	-5657.159466	-128599.197101	-111542.916184	-118639.349179	-133889.430331
-5580.291817	-5639.814513	-5797.103738	-5669.810554	-60123.286858	-120102.226150	-86620.609357	-112917.369654
-6243.870407	-6355.852646	-5725.332287	-5649.179894	-128593.631517	-111534.422521	-118633.045987	-133883.350656
-1878.887639	-5500.361979	-5080.305646	-5475.730357	-60043.491130	-119920.975855	-87503.592670	-112438.461177
-2904.989172	-4645.988899	-5753.651947	-5665.049632	-128604.874445	-111550.158149	-118645.473557	-133895.308840
-1470.610675	-5494.863450	-4989.177583	-5470.030662	-60023.620429	-119917.533686	-87579.588602	-112420.803299
-6212.019171	-6323.889652	-5732.373086	-5652.443248	-128596.939575	-111537.842338	-118636.599915	-133886.770473
-5755.909473	-5648.844617	-5832.955937	-5678.930066	-60139.871852	-120109.915150	-86574.363598	-112935.765140
-4462.011690	-5421.147397	-5742.073744	-5659.998138	-128601.208758	-111544.749027	-118641.316133	-133891.196119
1567.304321	-5407.691647	-4421.040943	-5348.437172	-59972.524342	-119804.545618	-88116.835131	-112125.916734
-4332.438628	-5293.004846	-5747.684031	-5660.065193	-128601.633442	-111545.352524	-118641.941982	-133891.889023
-4385.166393	-5316.384770	-5744.040697	-5657.159466	-128599.197101	-111542.916184	-118639.349179	-133889.430331
-5580.291817	-5639.814513	-5797.103738	-5669.810554	-60123.286858	-120102.226150	-86620.609357	-112917.369654
-6243.870407	-6355.852646	-5725.332287	-5649.179894	-128593.631517	-111534.422521	-118633.045987	-133883.350656
-1878.887639	-5500.361979	-5080.305646	-5475.730357	-60043.491130	-119920.975855	-87503.592670	-112438.461177
-2904.989172	-4645.988899	-5753.651947	-5665.049632	-128604.874445	-111550.158149	-118645.473557	-133895.308840
-1470.610675	-5494.863450	-4989.177583	-5470.030662	-60023.620429	-119917.533686	-87579.588602	-112420.803299
-6212.019171	-6323.889652	-5732.373086	-5652.443248	-128596.939575	-111537.842338	-118636.599915	-133886.770473
-5755.909473	-5648.844617	-5832.955937	-5678.930066	-60139.871852	-120109.915150	-86574.363598	-112935.765140
-4462.011690	-5421.147397	-5742.073744	-5659.998138	-128601.208758	-111544.749027	-118641.316133	-133891.196119
1567.304321	-5407.691647	-4421.040943	-5348.437172	-59972.524342	-119804.545618	-88116.835131	-112125.916734
-4332.438628	-5293.004846	-5747.684031	-5660.065193	-128601.633442	-111545.352524	-118641.941982	-133891.889023
-5523.987773	-5639.680402	-5788.051282	-5669.028243	-60122.236326	-120101.466191	-86638.043718	-112912.496974
-6263.316424	-6368.146106	-5726.628688	-5649.671632	-128593.877386	-111534.534280	-118633.470670	-133883.484767
-1994.736730	-5501.501918	-5097.650599	-5478.569028	-60042.105322	-119923.166325	-87475.384769	-112449.614698
-2915.807416	-4650.727469	-5749.136895	-5660.065193	-128599.599433	-111544.838434	-118640.287952	-133889.944421
-1333.259205	-5484.849868	-4952.967757	-5458.653624	-60013.651551	-119906.514276	-87596.508872	-112402.474869
-6185.062967	-6303.191936	-5726.762799	-5646.073001	-128590.524625	-111531.159166	-118630.050853	-133880.020247
-5783.849154	-5644.821303	-5831.212500	-5675.711414	-60133.613364	-120106.562389	-86554.448194	-112937.374465
-4520.081522	-5447.388345	-5738.318651	-5655.885417	-128597.140741	-111540.368085	-118637.270467	-133886.882232
1567.147859	-5404.137719	-4409.082760	-5344.816189	-59968.076344	-119800.924635	-88110.509588	-112123.368636
-4273.474726	-5260.840685	-5743.928938	-5655.863065	-128597.364258	-111540.904527	-118637.605743	-133887.217508
-5459.525342	-5632.840768	-5771.823915	-5661.294539	-60115.284933	-120094.134819	-86650.314826	-112900.091755
-6277.241561	-6375.857458	-5725.198177	-5648.039955	-128592.089247	-111532.589678	-118631.682531	-133881.584869
-2108.574165	-5504.966438	-5118.817701	-5483.464060	-60043.915813	-119927.971951	-87451.267237	-112462.556358
-2919.428399	-4653.990824	-5749.807447	-5660.825152	-128600.135875	-111545.285469	-118640.869098	-133890.369104
-2915.807416	-4650.727469	-5749.136895	-5660.065193	-128599.599433	-111544.838434	-118640.287952	-133889.944421
-1333.259205	-5484.849868	-4952.967757	-5458.653624	-60013.651551	-119906.514276	-87596.508872	-112402.474869
-6185.062967	-6303.191936	-5726.762799	-5646.073001	-128590.524625	-111531.159166	-118630.050853	-133880.020247
-5783.849154	-5644.821303	-5831.212500	-5675.711414	-60133.613364	-120106.562389	-86554.448194	-112937.374465
-4520.081522	-5447.388345	-5738.318651	-5655.885417	-128597.140741	-111540.368085	-118637.270467	-133886.882232
1567.147859	-5404.137719	-4409.082760	-5344.816189	-59968.076344	-119800.924635	-88110.509588	-112123.368636
-4273.474726	-5260.840685	-5743.928938	-5655.863065	-128597.364258	-111540.904527	-118637.605743	-133887.217508
-5459.525342	-5632.840768	-5771.823915	-5661.294539	-60115.284933	-120094.134819	-86650.314826	-112900.091755
-6277.241561	-6375.857458	-5725.198177	-5648.039955	-128592.089247	-111532.589678	-118631.682531	-133881.584869
-2108.574165	-5504.966438	-5118.817701	-5483.464060	-60043.915813	-119927.971951	-87451.267237	-112462.556358
-2919.428399	-4653.990824	-5749.807447	-5660.825152	-128600.135875	-111545.285469	-118640.869098	-133890.369104
-1206.122483	-5480.848906	-4923.910490	-5453.244502	-60010.544659	-119901.686299	-87619.866445	-112390.114354
-6163.404127	-6289.110337	-5728.997973	-5647.950548	-128592.156302	-111532.835547	-118631.816641	-133881.629572
-5823.635259	-5648.911673	-5839.952033	-5680.628798	-60136.608498	-120111.546828	-86545.462793	-112946.225756
-4580.073605	-5477.563200	-5739.771514	-5657.561798	-128598.750067	-111541.888004	-118638.902144	-133888.424502
1541.800981	-5403.377760	-4419.610431	-5344.324451	-59967.361089	-119800.544655	-88107.201529	-112123.525098
-4214.086141	-5230.218796	-5743.951290	-5655.863065	-128597.140741	-111540.613954	-118637.449281	-133886.882232
-5406.618763	-5630.538539	-5763.643177	-5658.209998	-60113.876774	-120091.452609	-86669.045588	-112891.575741
-6292.530154	-6385.602818	-5726.740447	-5649.895149	-128593.899738	-111534.243707	-118633.493022	-133883.238898
-2239.935367	-5510.509671	-5154.625196	-5490.482508	-60048.296755	-119934.744529	-87429.876617	-112476.705012
-2924.211672	-4655.220169	-5752.891988	-5664.312025	-128603.555692	-111548.481768	-118644.221859	-133893.565404
-1106.254888	-5479.619560	-4915.238013	-5450.584644	-60010.812880	-119899.540532	-87645.481544	-112380.145476
-6140.359478	-6273.486468	-5728.774456	-5648.419934	-128592.245709	-111532.813195	-118631.861345	-133881.651924
-5864.628358	-5648.442286	-5847.037536	-5680.673502	-60135.669724	-120111.569179	-86532.185856	-112950.137311
-4640.266852	-5506.486357	-5737.044601	-5655.751307	-128596.760761	-111539.652829	-118636.890487	-133886.234031
-4580.073605	-5477.563200	-5739.771514	-5657.561798	-128598.750067	-111541.888004	-118638.902144	-133888.424502
1541.800981	-5403.377760	-4419.610431	-5344.324451	-59967.361089	-119800.544655	-88107.201529	-112123.525098
-4214.086141	-5230.218796	-5743.951290	-5655.863065	-128597.140741	-111540.613954	-118637.449281	-133886.882232
-5406.618763	-5630.538539	-5763.643177	-5658.209998	-60113.876774	-120091.452609	-86669.045588	-112891.575741
-6292.530154	-6385.602818	-5726.740447	-5649.895149	-128593.899738	-111534.243707	-118633.493022	-133883.238898
-2239.935367	-5510.509671	-5154.625196	-5490.482508	-60048.296755	-119934.744529	-87429.876617	-112476.705012
-2924.211672	-4655.220169	-5752.891988	-5664.312025	-128603.555692	-111548.481768	-118644.221859	-133893.565404
-1106.254888	-5479.619560	-4915.238013	-5450.584644	-60010.812880	-119899.540532	-87645.481544	-112380.145476
-6140.359478	-6273.486468	-5728.774456	-5648.419934	-128592.245709	-111532.813195	-118631.861345	-133881.651924
-5864.628358	-5648.442286	-5847.037536	-5680.673502	-60135.669724	-120111.569179	-86532.185856	-112950.137311
-4640.266852	-5506.486357	-5737.044601	-5655.751307	-128596.760761	-111539.652829	-118636.890487	-133886.234031
1497.164547	-5403.288353	-4446.007841	-5344.369154	-59967.651661	-119800.388193	-88103.602899	-112124.352112
-4160.665472	-5205.296600	-5744.912415	-5657.360632	-128598.392439	-111541.731541	-118638.723330	-133888.044523
-5357.802553	-5628.772751	-5756.915302	-5655.706603	-60113.228573	-120088.993918	-86688.759826	-112883.506761
-6308.489300	-6396.108138	-5725.622860	-5649.559873	-128593.340944	-111533.528451	-118632.978932	-133882.456587
-2373.397633	-5512.878956	-5185.582362	-5494.550525	-60049.816674	-119938.231401	-87404.395628	-112488.685547
-2951.480800	-4673.123917	-5752.847284	-5664.893170	-128604.047430	-111548.928803	-118644.803005	-133893.878328
-997.379541	-5478.926656	-4902.095187	-5448.707098	-60011.595191	-119897.864151	-87672.527155	-112371.227130
-6123.998001	-6264.411660	-5733.021287	-5652.778524	-128596.649003	-111537.127082	-118636.309342	-133885.809348
-5902.603972	-5654.276091	-5857.833428	-5687.446080	-60141.011791	-120117.961778	-86526.240292	-112960.776742
-4715.771045	-5546.987718	-5739.480941	-5658.724089	-128599.890006	-111542.558556	-118639.975028	-133889.206813
1470.163640	-5407.289315	-4461.475249	-5348.683041	-59972.099659	-119804.590321	-88104.452265	-112130.074159
-4119.672372	-5189.717435	-5748.242825	-5660.936911	-128601.767552	-111545.196062	-118642.165499	-133891.441988
-5297.452843	-5628.683344	-5749.695688	-5654.454905	-60114.502622	-120088.166903	-86711.223329	-112876.778886
-6325.700143	-6407.932211	-5727.254537	-5651.370365	-128595.352601	-111535.428349	-118634.923534	-133884.401188
-6308.489300	-6396.108138	-5725.622860	-5649.559873	-128593.340944	-111533.528451	-118632.978932	-133882.456587
-2373.397633	-5512.878956	-5185.582362	-5494.550525	-60049.816674	-119938.231401	-87404.395628	-112488.685547
-2951.480800	-4673.123917	-5752.847284	-5664.893170	-128604.047430	-111548.928803	-118644.803005	-133893.878328
-997.379541	-5478.926656	-4902.095187	-5448.707098	-60011.595191	-119897.864151	-87672.527155	-112371.227130
-6123.998001	-6264.411660	-5733.021287	-5652.778524	-128596.649003	-111537.127082	-118636.309342	-133885.809348
-5902.603972	-5654.276091	-5857.833428	-5687.446080	-60141.011791	-120117.961778	-86526.240292	-112960.776742
-4715.771045	-5546.987718	-5739.480941	-5658.724089	-128599.890006	-111542.558556	-118639.975028	-133889.206813
1470.163640	-5407.289315	-4461.475249	-5348.683041	-59972.099659	-119804.590321	-88104.452265	-112130.074159
-4119.672372	-5189.717435	-5748.242825	-5660.936911	-128601.767552	-111545.196062	-118642.165499	-133891.441988
-5297.452843	-5628.683344	-5749.695688	-5654.454905	-60114.502622	-120088.166903	-86711.223329	-112876.778886
-6325.700143	-6407.932211	-5727.254537	-5651.370365	-128595.352601	-111535.428349	-118634.923534	-133884.401188
-2496.332228	-5518.198671	-5216.852452	-5501.144290	-60054.532892	-119944.355779	-87382.692085	-112502.744794
-2971.664425	-4685.573838	-5752.444953	-5664.826115	-128603.935671	-111548.727637	-118644.624191	-133893.677162
-879.094109	-5474.635121	-4884.280847	-5442.940348	-60009.382368	-119892.455029	-87696.175301	-112357.816083
-6100.774539	-6249.525398	-5734.429447	-5654.253740	-128598.034811	-111538.535242	-118637.784557	-133887.128101
-5936.399810	-5658.254702	-5866.908236	-5692.072891	-60145.102161	-120122.365072	-86519.400659	-112968.018707
-4774.466726	-5577.162573	-5741.246729	-5661.026318	-128602.058125	-111544.592565	-118642.143147	-133891.352581
1436.993651	-5409.792711	-4474.998054	-5351.298195	-59975.273606	-119807.026661	-88103.200567	-112132.957534
-4062.563665	-5163.074155	-5751.014441	-5663.708528	-128604.449761	-111547.766512	-118644.937115	-133893.945383
-5235.136179	-5626.917556	-5740.509121	-5651.571530	-60113.943829	-120085.439990	-86732.435135	-112866.787656
-6337.993603	-6416.470577	-5728.640345	-5653.046745	-128596.894872	-111536.769454	-118636.555211	-133885.831700
-2619.043305	-5525.284174	-5247.161418	-5509.526194	-60060.880787	-119952.178890	-87362.419052	-112517.541649
-2974.324283	-4688.256048	-5756.669433	-5669.251760	-128608.316613	-111552.862710	-118649.116892	-133897.901642
-763.356777	-5473.361072	-4868.008777	-5439.945214	-60009.561182	-119889.795171	-87721.745696	-112346.662563
-6073.348948	-6232.582776	-5736.239938	-5656.041879	-128599.666488	-111540.010457	-118639.483290	-133888.558613
-6100.774539	-6249.525398	-5734.429447	-5654.253740	-128598.034811	-111538.535242	-118637.784557	-133887.128101
-5936.399810	-5658.254702	-5866.908236	-5692.072891	-60145.102161	-120122.365072	-86519.400659	-112968.018707
-4774.466726	-5577.162573	-5741.246729	-5661.026318	-128602.058125	-111544.592565	-118642.143147	-133891.352581
1436.993651	-5409.792711	-4474.998054	-5351.298195	-59975.273606	-119807.026661	-88103.200567	-112132.957534
-4062.563665	-5163.074155	-5751.014441	-5663.708528	-128604.449761	-111547.766512	-118644.937115	-133893.945383
-5235.136179	-5626.917556	-5740.509121	-5651.571530	-60113.943829	-120085.439990	-86732.435135	-112866.787656
-6337.993603	-6416.470577	-5728.640345	-5653.046745	-128596.894872	-111536.769454	-118636.555211	-133885.831700
-2619.043305	-5525.284174	-5247.161418	-5509.526194	-60060.880787	-119952.178890	-87362.419052	-112517.541649
-2974.324283	-4688.256048	-5756.669433	-5669.251760	-128608.316613	-111552.862710	-118649.116892	-133897.901642
-763.356777	-5473.361072	-4868.008777	-5439.945214	-60009.561182	-119889.795171	-87721.745696	-112346.662563
-6073.348948	-6232.582776	-5736.239938	-5656.041879	-128599.666488	-111540.010457	-118639.483290	-133888.558613
-5969.145116	-5659.953434	-5873.233780	-5694.039845	-60145.996230	-120124.086156	-86510.214092	-112971.930262
-4832.268337	-5604.521108	-5740.352659	-5660.244007	-128601.499331	-111543.810254	-118641.651409	-133890.525566
1387.171613	-5409.882117	-4494.354665	-5351.387602	-59975.407717	-119806.803144	-88097.858500	-112133.717493
-4000.112891	-5131.580547	-5750.478000	-5663.239141	-128603.868616	-111547.140664	-118644.400673	-133893.163072
-5173.713586	-5623.631850	-5729.847339	-5647.078830	-60111.418082	-120080.947290	-86752.886981	-112855.187101
-6351.114077	-6425.366572	-5729.176787	-5654.052574	-128597.967756	-111537.484710	-118637.516336	-133886.546956
-2758.764059	-5527.944032	-5278.096232	-5513.929488	-60062.244244	-119955.710465	-87336.446325	-112528.963390
-2997.860670	-4700.437748	-5754.411907	-5667.575379	-128606.729639	-111550.940460	-118647.328752	-133895.957040
-672.362825	-5470.790621	-4856.654090	-5436.324231	-60007.817746	-119886.062430	-87744.745641	-112335.553746
-6050.706631	-6219.059970	-5737.826912	-5657.964129	-128601.655793	-111541.910355	-118641.405540	-133890.302049
-6001.666904	-5662.881513	-5879.648731	-5697.660827	-60147.672611	-120127.215401	-86503.396810	-112978.367564
-4901.446986	-5641.267376	-5740.732639	-5661.383946	-128602.728677	-111544.704323	-118642.858403	-133891.531395
1333.840350	-5412.564327	-4501.596630	-5354.583902	-59976.994691	-119809.485353	-88093.790483	-112138.634877
-3965.311225	-5119.376495	-5751.662642	-5664.759060	-128605.366183	-111548.504120	-118645.965296	-133894.526529
-4000.112891	-5131.580547	-5750.478000	-5663.239141	-128603.868616	-111547.140664	-118644.400673	-133893.163072
-5173.713586	-5623.631850	-5729.847339	-5647.078830	-60111.418082	-120080.947290	-86752.886981	-112855.187101
-6351.114077	-6425.366572	-5729.176787	-5654.052574	-128597.967756	-111537.484710	-118637.516336	-133886.546956
-2758.764059	-5527.944032	-5278.096232	-5513.929488	-60062.244244	-119955.710465	-87336.446325	-112528.963390
-2997.860670	-4700.437748	-5754.411907	-5667.575379	-128606.729639	-111550.940460	-118647.328752	-133895.957040
-672.362825	-5470.790621	-4856.654090	-5436.324231	-60007.817746	-119886.062430	-87744.745641	-112335.553746
-6050.706631	-6219.059970	-5737.826912	-5657.964129	-128601.655793	-111541.910355	-118641.405540	-133890.302049
-6001.666904	-5662.881513	-5879.648731	-5697.660827	-60147.672611	-120127.215401	-86503.396810	-112978.367564
-4901.446986	-5641.267376	-5740.732639	-5661.383946	-128602.728677	-111544.704323	-118642.858403	-133891.531395
1333.840350	-5412.564327	-4501.596630	-5354.583902	-59976.994691	-119809.485353	-88093.790483	-112138.634877
-3965.311225	-5119.376495	-5751.662642	-5664.759060	-128605.366183	-111548.504120	-118645.965296	-133894.526529
-5112.603916	-5622.558966	-5718.693819	-5645.424801	-60110.345198	-120079.069743	-86775.261077	-112847.833377
-6366.514428	-6436.855368	-5728.685049	-5654.276091	-128598.280680	-111537.685876	-118637.941019	-133886.725770
-2879.530535	-5533.107285	-5299.285686	-5520.791473	-60065.284081	-119961.745436	-87314.340450	-112544.095521
-3044.464057	-4731.037287	-5754.121334	-5667.798897	-128607.020212	-111551.186329	-118647.820490	-133896.269965
-562.660463	-5466.007348	-4830.077866	-5430.602185	-60003.637970	-119880.295680	-87765.912743	-112323.997894
-6026.387933	-6202.922011	-5733.445970	-5654.521961	-128598.146570	-111538.311724	-118637.873964	-133886.725770
-6026.991430	-5661.451001	-5881.369815	-5697.414958	-60145.817416	-120126.366034	-86495.350182	-112981.183884
-4981.198011	-5684.473298	-5736.888139	-5659.238179	-128600.761724	-111542.536204	-118640.824394	-133889.407979
1262.739451	-5412.720789	-4527.301136	-5355.768544	-59979.341624	-119810.178257	-88091.868233	-112141.987639
-3949.866170	-5120.583489	-5749.248654	-5664.468487	-128604.941500	-111548.012382	-118645.384150	-133893.878328
-5056.322224	-5617.038085	-5707.115615	-5639.546292	-60107.752396	-120072.990069	-86798.395133	-112835.361103
-6378.897295	-6445.170217	-5724.505272	-5651.817399	-128595.844340	-111535.093073	-118635.459976	-133884.200023
-3020.480635	-5535.364811	-5334.087352	-5525.239471	-60068.770953	-119965.612288	-87293.128645	-112556.165463
-3112.614526	-4775.494906	-5751.774401	-5667.977711	-128607.042564	-111551.074571	-118647.731083	-133895.957040
-3044.464057	-4731.037287	-5754.121334	-5667.798897	-128607.020212	-111551.186329	-118647.820490	-133896.269965
-562.660463	-5466.007348	-4830.077866	-5430.602185	-60003.637970	-119880.295680	-87765.912743	-112323.997894
-6026.387933	-6202.922011	-5733.445970	-5654.521961	-128598.146570	-111538.311724	-118637.873964	-133886.725770
-6026.991430	-5661.451001	-5881.369815	-5697.414958	-60145.817416	-120126.366034	-86495.350182	-112981.183884
-4981.198011	-5684.473298	-5736.888139	-5659.238179	-128600.761724	-111542.536204	-118640.824394	-133889.407979
1262.739451	-5412.720789	-4527.301136	-5355.768544	-59979.341624	-119810.178257	-88091.868233	-112141.987639
-3949.866170	-5120.583489	-5749.248654	-5664.468487	-128604.941500	-111548.012382	-118645.384150	-133893.878328
-5056.322224	-5617.038085	-5707.115615	-5639.546292	-60107.752396	-120072.990069	-86798.395133	-112835.361103
-6378.897295	-6445.170217	-5724.505272	-5651.817399	-128595.844340	-111535.093073	-118635.459976	-133884.200023
-3020.480635	-5535.364811	-5334.087352	-5525.239471	-60068.770953	-119965.612288	-87293.128645	-112556.165463
-3112.614526	-4775.494906	-5751.774401	-5667.977711	-128607.042564	-111551.074571	-118647.731083	-133895.957040
-492.610096	-5463.928636	-4833.028297	-5427.651754	-60006.498993	-119877.434656	-87795.282936	-112313.760795
-6008.707703	-6193.444871	-5735.591738	-5658.567626	-128601.901663	-111542.022114	-118641.740816	-133890.257345
-6060.675509	-5666.346033	-5892.568039	-5703.338170	-60152.366478	-120131.998674	-86495.886623	-112989.275216
-5045.392221	-5718.984392	-5738.765685	-5662.680347	-128603.958023	-111545.620745	-118644.020694	-133892.358409
1191.482090	-5415.805330	-4558.481819	-5359.411879	-59984.326063	-119813.508667	-88089.789520	-112147.329706
-3910.348285	-5106.188966	-5751.640290	-5667.620083	-128607.891930	-111550.962812	-118648.356932	-133896.627593
-5001.649857	-5617.261603	-5702.421749	-5638.562815	-60110.255791	-120072.341868	-86824.591377	-112827.761510
-6390.766071	-6454.803819	-5727.656868	-5655.661900	-128599.510026	-111538.758759	-118639.170365	-133887.619840
-3148.757297	-5540.349250	-5365.960940	-5531.430904	-60072.995433	-119971.177873	-87270.575734	-112569.352993
-3120.974078	-4778.534744	-5751.148552	-5667.776545	-128606.707288	-111550.649887	-118647.373455	-133895.308840
-399.179804	-5459.771211	-4825.786331	-5421.728542	-60003.727377	-119871.779665	-87814.751305	-112300.819135
-5974.353072	-6171.495458	-5734.854130	-5657.584150	-128600.694668	-111540.703361	-118640.466766	-133888.849186
-6079.763899	-5665.720185	-5895.160841	-5702.757025	-60150.332469	-120131.015197	-86485.716580	-112990.392803
-5094.074320	-5741.738467	-5738.676278	-5662.255664	-128603.600395	-111545.061951	-118643.528955	-133891.799616
-5045.392221	-5718.984392	-5738.765685	-5662.680347	-128603.958023	-111545.620745	-118644.020694	-133892.358409
1191.482090	-5415.805330	-4558.481819	-5359.411879	-59984.326063	-119813.508667	-88089.789520	-112147.329706
-3910.348285	-5106.188966	-5751.640290	-5667.620083	-128607.891930	-111550.962812	-118648.356932	-133896.627593
-5001.649857	-5617.261603	-5702.421749	-5638.562815	-60110.255791	-120072.341868	-86824.591377	-112827.761510
-6390.766071	-6454.803819	-5727.656868	-5655.661900	-128599.510026	-111538.758759	-118639.170365	-133887.619840
-3148.757297	-5540.349250	-5365.960940	-5531.430904	-60072.995433	-119971.177873	-87270.575734	-112569.352993
-3120.974078	-4778.534744	-5751.148552	-5667.776545	-128606.707288	-111550.649887	-118647.373455	-133895.308840
-399.179804	-5459.771211	-4825.786331	-5421.728542	-60003.727377	-119871.779665	-87814.751305	-112300.819135
-5974.353072	-6171.495458	-5734.854130	-5657.584150	-128600.694668	-111540.703361	-118640.466766	-133888.849186
-6079.763899	-5665.720185	-5895.160841	-5702.757025	-60150.332469	-120131.015197	-86485.716580	-112990.392803
-5094.074320	-5741.738467	-5738.676278	-5662.255664	-128603.600395	-111545.061951	-118643.528955	-133891.799616
1136.049764	-5415.850033	-4571.669349	-5359.300120	-59983.297882	-119812.994577	-88078.546593	-112148.961383
-3844.902378	-5071.946093	-5749.852151	-5665.139039	-128605.343831	-111548.302954	-118645.741778	-133893.788921
-4919.507196	-5610.176100	-5683.489821	-5629.957393	-60102.477384	-120063.579984	-86838.605921	-112812.361158
-6392.084824	-6454.245025	-5725.600508	-5652.599711	-128596.447837	-111535.517756	-118635.951714	-133884.267078
-3244.646280	-5543.120866	-5377.896771	-5535.454218	-60072.503695	-119974.374172	-87242.054909	-112580.886493
-3125.064448	-4777.104232	-5753.316671	-5668.961187	-128607.891930	-111551.767475	-118648.625153	-133896.448779
-262.565942	-5456.753726	-4788.950657	-5417.414655	-59999.569952	-119867.242261	-87831.224541	-112290.045594
-5937.584452	-6148.093182	-5735.301165	-5656.332452	-128599.442971	-111539.518719	-118639.349179	-133887.418674
-6082.580219	-5665.273150	-5891.472804	-5702.309990	-60146.197396	-120130.188183	-86473.691341	-112992.449163
-5138.241367	-5761.452706	-5738.385706	-5660.601635	-128602.013421	-111543.340867	-118642.076092	-133890.056180
1126.326755	-5417.235841	-4547.127133	-5360.931797	-59981.442688	-119813.955702	-88066.364892	-112153.096456
-3781.088147	-5040.027802	-5752.690822	-5666.323682	-128606.461418	-111549.375838	-118647.060531	-133894.884157
-4813.403465	-5608.209146	-5662.456830	-5626.761094	-60098.565829	-120060.361333	-86857.560200	-112802.727557
-6396.733987	-6457.195456	-5728.908566	-5653.963167	-128597.878349	-111536.769454	-118637.538688	-133885.630534
-6392.084824	-6454.245025	-5725.600508	-5652.599711	-128596.447837	-111535.517756	-118635.951714	-133884.267078
-3244.646280	-5543.120866	-5377.896771	-5535.454218	-60072.503695	-119974.374172	-87242.054909	-112580.886493
-3125.064448	-4777.104232	-5753.316671	-5668.961187	-128607.891930	-111551.767475	-118648.625153	-133896.448779
-262.565942	-5456.753726	-4788.950657	-5417.414655	-59999.569952	-119867.242261	-87831.224541	-112290.045594
-5937.584452	-6148.093182	-5735.301165	-5656.332452	-128599.442971	-111539.518719	-118639.349179	-133887.418674
-6082.580219	-5665.273150	-5891.472804	-5702.309990	-60146.197396	-120130.188183	-86473.691341	-112992.449163
-5138.241367	-5761.452706	-5738.385706	-5660.601635	-128602.013421	-111543.340867	-118642.076092	-133890.056180
1126.326755	-5417.235841	-4547.127133	-5360.931797	-59981.442688	-119813.955702	-88066.364892	-112153.096456
-3781.088147	-5040.027802	-5752.690822	-5666.323682	-128606.461418	-111549.375838	-118647.060531	-133894.884157
-4813.403465	-5608.209146	-5662.456830	-5626.761094	-60098.565829	-120060.361333	-86857.560200	-112802.727557
-6396.733987	-6457.195456	-5728.908566	-5653.963167	-128597.878349	-111536.769454	-118637.538688	-133885.630534
-3331.169883	-5546.943014	-5386.658655	-5540.662174	-60072.235474	-119978.822169	-87213.578786	-112593.984615
-3128.596023	-4773.438546	-5753.987223	-5668.312987	-128607.355488	-111550.985164	-118648.133415	-133895.644116
-116.899624	-5454.965586	-4745.118886	-5414.285411	-59996.239543	-119864.202424	-87849.620026	-112280.635510
-5902.022827	-6126.568452	-5740.285604	-5659.752269	-128602.929843	-111542.782073	-118642.880755	-133890.704380
-6090.403329	-5668.782374	-5892.255115	-5706.132139	-60146.510320	-120133.831517	-86468.013998	-112998.193562
-5186.945818	-5783.983264	-5740.352659	-5661.763926	-128603.131009	-111544.167882	-118643.283086	-133891.017305
1090.183984	-5418.956926	-4533.000831	-5363.144620	-59980.481563	-119815.833249	-88054.160840	-112158.259709
-3720.939603	-5008.020104	-5754.836590	-5667.776545	-128607.780171	-111550.538129	-118648.379284	-133895.979392
-4717.872109	-5605.661047	-5643.614309	-5622.804835	-60094.944846	-120056.740350	-86878.101454	-112792.199885
-6403.260696	-6462.068136	-5731.210796	-5655.818362	-128599.711192	-111538.445835	-118639.438586	-133887.418674
-3442.503922	-5553.246206	-5407.624591	-5548.328823	-60075.320014	-119986.019431	-87188.142501	-112609.563781
-3149.584311	-4783.161555	-5754.188389	-5668.424746	-128607.400192	-111550.918108	-118648.133415	-133895.755875
-9.253622	-5449.981147	-4720.442560	-5408.272792	-59990.741013	-119858.234508	-87864.059253	-112268.610271
-5864.628358	-6103.523803	-5738.653927	-5657.964129	-128601.029945	-111540.971582	-118640.958505	-133888.849186
-116.899624	-5454.965586	-4745.118886	-5414.285411	-59996.239543	-119864.202424	-87849.620026	-112280.635510
-5902.022827	-6126.568452	-5740.285604	-5659.752269	-128602.929843	-111542.782073	-118642.880755	-133890.704380
-6090.403329	-5668.782374	-5892.255115	-5706.132139	-60146.510320	-120133.831517	-86468.013998	-112998.193562
-5186.945818	-5783.983264	-5740.352659	-5661.763926	-128603.131009	-111544.167882	-118643.283086	-133891.017305
1090.183984	-5418.956926	-4533.000831	-5363.144620	-59980.481563	-119815.833249	-88054.160840	-112158.259709
-3720.939603	-5008.020104	-5754.836590	-5667.776545	-128607.780171	-111550.538129	-118648.379284	-133895.979392
-4717.872109	-5605.661047	-5643.614309	-5622.804835	-60094.944846	-120056.740350	-86878.101454	-112792.199885
-6403.260696	-6462.068136	-5731.210796	-5655.818362	-128599.711192	-111538.445835	-118639.438586	-133887.418674
-3442.503922	-5553.246206	-5407.624591	-5548.328823	-60075.320014	-119986.019431	-87188.142501	-112609.563781
-3149.584311	-4783.161555	-5754.188389	-5668.424746	-128607.400192	-111550.918108	-118648.133415	-133895.755875
-9.253622	-5449.981147	-4720.442560	-5408.272792	-59990.741013	-119858.234508	-87864.059253	-112268.610271
-5864.628358	-6103.523803	-5738.653927	-5657.964129	-128601.029945	-111540.971582	-118640.958505	-133888.849186
-6104.909611	-5668.245932	-5893.707978	-5706.042732	-60144.364553	-120133.384482	-86459.565039	-112999.780536
-5243.138104	-5812.593497	-5740.598528	-5662.188609	-128603.667450	-111544.637268	-118643.953639	-133891.576098
1013.741018	-5422.644964	-4554.078526	-5367.458507	-59982.336757	-119819.834211	-88042.202657	-112166.038116
-3674.738547	-4988.708197	-5756.512971	-5669.296464	-128609.389497	-111552.192158	-118650.122720	-133897.611069
-4645.094829	-5603.492928	-5632.416085	-5619.407370	-60093.536686	-120053.454644	-86900.095570	-112781.851027
-6411.955525	-6468.907770	-5729.445008	-5655.192513	-128599.152398	-111537.819986	-118638.902144	-133886.658715
-3575.317988	-5555.615491	-5436.413638	-5552.195674	-60076.817581	-119989.260434	-87161.499222	-112621.276095
-3188.409291	-4804.060436	-5752.132029	-5667.061289	-128605.969680	-111549.264079	-118646.859365	-133894.079494
70.609161	-5445.801371	-4714.005257	-5402.997780	-59986.918865	-119852.959496	-87878.319666	-112257.948489
-5832.397143	-6084.457765	-5735.435275	-5655.706603	-128598.683011	-111538.468187	-118638.589220	-133886.211680
-6125.853196	-5667.933007	-5898.737120	-5705.998028	-60145.102161	-120132.982151	-86456.771071	-113001.233399
-5307.198203	-5846.590501	-5737.603395	-5660.892208	-128602.460456	-111543.050294	-118642.411368	-133890.078532
926.345697	-5422.510853	-4574.776241	-5368.084355	-59982.269702	-119819.923618	-88028.925720	-112170.307299
1013.741018	-5422.644964	-4554.078526	-5367.458507	-59982.336757	-119819.834211	-88042.202657	-112166.038116
-3674.738547	-4988.708197	-5756.512971	-5669.296464	-128609.389497	-111552.192158	-118650.122720	-133897.611069
-4645.094829	-5603.492928	-5632.416085	-5619.407370	-60093.536686	-120053.454644	-86900.095570	-112781.851027
-6411.955525	-6468.907770	-5729.445008	-5655.192513	-128599.152398	-111537.819986	-118638.902144	-133886.658715
-3575.317988	-5555.615491	-5436.413638	-5552.195674	-60076.817581	-119989.260434	-87161.499222	-112621.276095
-3188.409291	-4804.060436	-5752.132029	-5667.061289	-128605.969680	-111549.264079	-118646.859365	-133894.079494
70.609161	-5445.801371	-4714.005257	-5402.997780	-59986.918865	-119852.959496	-87878.319666	-112257.948489
-5832.397143	-6084.457765	-5735.435275	-5655.706603	-128598.683011	-111538.468187	-118638.589220	-133886.211680
-6125.853196	-5667.933007	-5898.737120	-5705.998028	-60145.102161	-120132.982151	-86456.771071	-113001.233399
-5307.198203	-5846.590501	-5737.603395	-5660.892208	-128602.460456	-111543.050294	-118642.411368	-133890.078532
926.345697	-5422.510853	-4574.776241	-5368.084355	-59982.269702	-119819.923618	-88028.925720	-112170.307299
-3644.988375	-4978.292284	-5753.741354	-5667.217751	-128607.087267	-111549.800521	-118647.686380	-133895.107674
-4563.957997	-5599.000227	-5616.971030	-5613.797082	-60090.675663	-120047.822004	-86922.492018	-112769.579920
-6419.242194	-6474.696872	-5726.606336	-5653.717298	-128597.632479	-111536.121254	-118637.225763	-133884.915279
-3688.328408	-5560.108192	-5459.592397	-5558.364756	-60080.840895	-119994.624852	-87138.275759	-112635.558860
-3234.185664	-4830.167273	-5752.824933	-5668.491801	-128607.377840	-111550.515777	-118648.155767	-133895.353543
172.778985	-5445.734316	-4699.051940	-5401.902545	-59988.930522	-119851.976019	-87899.687934	-112251.555890
-5802.579916	-6068.386861	-5738.028078	-5659.148772	-128601.856959	-111541.619783	-118641.874926	-133889.340924
-6140.448885	-5672.716281	-5906.113196	-5711.273040	-60151.494759	-120137.787776	-86460.481460	-113007.469536
-5366.296216	-5877.748832	-5739.011555	-5663.641472	-128605.097962	-111545.598393	-118645.093578	-133892.537223
853.590769	-5427.539996	-4593.909334	-5373.918161	-59988.528191	-119825.265685	-88021.706107	-112179.605625
-3601.760102	-4959.002728	-5755.104811	-5669.341167	-128608.964814	-111551.700419	-118649.675685	-133896.851110
-4476.048586	-5598.217916	-5605.057550	-5611.919536	-60093.491983	-120046.078568	-86951.884562	-112760.125132
-6429.032258	-6483.034072	-5729.400304	-5658.142943	-128601.789904	-111540.099864	-118641.494947	-133888.983296
-3806.189156	-5567.171343	-5487.845002	-5566.903122	-60089.423965	-120002.649129	-87120.439067	-112651.495654
-3688.328408	-5560.108192	-5459.592397	-5558.364756	-60080.840895	-119994.624852	-87138.275759	-112635.558860
-3234.185664	-4830.167273	-5752.824933	-5668.491801	-128607.377840	-111550.515777	-118648.155767	-133895.353543
172.778985	-5445.734316	-4699.051940	-5401.902545	-59988.930522	-119851.976019	-87899.687934	-112251.555890
-5802.579916	-6068.386861	-5738.028078	-5659.148772	-128601.856959	-111541.619783	-118641.874926	-133889.340924
-6140.448885	-5672.716281	-5906.113196	-5711.273040	-60151.494759	-120137.787776	-86460.481460	-113007.469536
-5366.296216	-5877.748832	-5739.011555	-5663.641472	-128605.097962	-111545.598393	-118645.093578	-133892.537223
853.590769	-5427.539996	-4593.909334	-5373.918161	-59988.528191	-119825.265685	-88021.706107	-112179.605625
-3601.760102	-4959.002728	-5755.104811	-5669.341167	-128608.964814	-111551.700419	-118649.675685	-133896.851110
-4476.048586	-5598.217916	-5605.057550	-5611.919536	-60093.491983	-120046.078568	-86951.884562	-112760.125132
-6429.032258	-6483.034072	-5729.400304	-5658.142943	-128601.789904	-111540.099864	-118641.494947	-133888.983296
-3806.189156	-5567.171343	-5487.845002	-5566.903122	-60089.423965	-120002.649129	-87120.439067	-112651.495654
-3264.584036	-4842.952471	-5755.238921	-5672.112783	-128610.909416	-111553.890890	-118651.575583	-133898.706305
265.516372	-5448.282414	-4693.955743	-5403.288353	-59994.719624	-119853.607697	-87925.615957	-112246.973782
-5768.158229	-6050.080782	-5742.073744	-5664.289673	-128606.796695	-111546.559518	-118646.769958	-133894.124197
-6156.028051	-5676.985464	-5914.316286	-5715.698685	-60158.423800	-120141.989904	-86467.768129	-113011.626960
-5417.548766	-5905.241478	-5740.889101	-5667.061289	-128608.406020	-111548.749989	-118648.446339	-133895.644116
768.050643	-5432.367972	-4620.507910	-5379.081414	-59994.943141	-119830.205420	-88015.604081	-112187.562846
-3552.362746	-4935.868673	-5758.569331	-5673.230371	-128612.630500	-111555.276699	-118653.363723	-133900.270927
-4390.083777	-5596.630942	-5592.965256	-5608.745588	-60094.810736	-120043.195193	-86981.388865	-112748.189300
-6430.686287	-6484.285770	-5729.579118	-5659.081716	-128602.728677	-111541.016286	-118642.344313	-133889.698552
-3912.404646	-5572.133430	-5510.800244	-5573.005149	-60094.564866	-120008.170010	-87102.423561	-112662.827988
-3266.640397	-4838.817398	-5755.216569	-5672.269246	-128610.976471	-111553.913242	-118651.776749	-133898.572194
371.128365	-5442.605071	-4674.532077	-5396.113443	-59990.204572	-119846.678656	-87941.440993	-112232.288686
-5714.312877	-6016.530814	-5740.598528	-5661.987443	-128604.449761	-111544.234937	-118644.490080	-133891.509043
-6148.741382	-5673.945626	-5909.622420	-5712.323572	-60154.556948	-120138.435976	-86466.807004	-113005.591989
-6156.028051	-5676.985464	-5914.316286	-5715.698685	-60158.423800	-120141.989904	-86467.768129	-113011.626960
-5417.548766	-5905.241478	-5740.889101	-5667.061289	-128608.406020	-111548.749989	-118648.446339	-133895.644116
768.050643	-5432.367972	-4620.507910	-5379.081414	-59994.943141	-119830.205420	-88015.604081	-112187.562846
-3552.362746	-4935.868673	-5758.569331	-5673.230371	-128612.630500	-111555.276699	-118653.363723	-133900.270927
-4390.083777	-5596.630942	-5592.965256	-5608.745588	-60094.810736	-120043.195193	-86981.388865	-112748.189300
-6430.686287	-6484.285770	-5729.579118	-5659.081716	-128602.728677	-111541.016286	-118642.344313	-133889.698552
-3912.404646	-5572.133430	-5510.800244	-5573.005149	-60094.564866	-120008.170010	-87102.423561	-112662.827988
-3266.640397	-4838.817398	-5755.216569	-5672.269246	-128610.976471	-111553.913242	-118651.776749	-133898.572194
371.128365	-5442.605071	-4674.532077	-5396.113443	-59990.204572	-119846.678656	-87941.440993	-112232.288686
-5714.312877	-6016.530814	-5740.598528	-5661.987443	-128604.449761	-111544.234937	-118644.490080	-133891.509043
-6148.741382	-5673.945626	-5909.622420	-5712.323572	-60154.556948	-120138.435976	-86466.807004	-113005.591989
-5413.570155	-5889.908181	-5739.749162	-5664.624949	-128606.081439	-111546.291297	-118646.099406	-133893.073665
928.625575	-5428.657583	-4484.721063	-5374.923989	-59985.868333	-119826.047996	-88004.227043	-112180.410287
-3022.514644	-4598.133814	-5782.306884	-5673.856220	-128613.546921	-111556.416637	-118654.749531	-133901.544976
-3232.285766	-5552.240378	-5321.592727	-5559.795268	-60002.721548	-119999.117553	-87032.976691	-112639.649229
-5859.755678	-5974.487182	-5825.222233	-5664.759060	-128610.283567	-111549.264079	-118651.307362	-133898.438084
-1553.714461	-5507.089854	-4523.411932	-5502.619505	-59946.238690	-119946.926230	-87166.796585	-112513.943018
760.428698	-1483.597038	-5839.370887	-5674.929103	-128617.078497	-111560.618765	-118659.219880	-133905.858863
2998.799443	-5381.875382	-2379.566715	-5324.476102	-59854.171855	-119788.228844	-88071.282276	-112084.834228
-4037.015621	-4854.284806	-5838.096838	-5664.244969	-128612.496389	-111552.929765	-118654.190738	-133901.053238
-4604.548765	-5591.333579	-5496.293962	-5626.448170	-59972.390231	-120065.681048	-86611.579253	-112824.520507
-3612.511291	-4507.408083	-5839.482646	-5666.189571	-128615.268006	-111555.991954	-118657.007057	-133903.914261
3048.308557	-5367.436155	-2124.510959	-5307.309962	-59841.654878	-119774.348411	-88158.744652	-112047.529167
425.018421	-1721.576061	-5832.911233	-5669.318815	-128618.285491	-111561.401076	-118660.516281	-133907.199968
-1926.295689	-5519.629183	-4722.208348	-5524.814787	-59936.716847	-119976.385829	-87201.933527	-112579.724202
-3232.285766	-5552.240378	-5321.592727	-5559.795268	-60002.721548	-119999.117553	-87032.976691	-112639.649229
-5859.755678	-5974.487182	-5825.222233	-5664.759060	-128610.283567	-111549.264079	-118651.307362	-133898.438084
-1553.714461	-5507.089854	-4523.411932	-5502.619505	-59946.238690	-119946.926230	-87166.796585	-112513.943018
760.428698	-1483.597038	-5839.370887	-5674.929103	-128617.078497	-111560.618765	-118659.219880	-133905.858863
2998.799443	-5381.875382	-2379.566715	-5324.476102	-59854.171855	-119788.228844	-88071.282276	-112084.834228
-4037.015621	-4854.284806	-5838.096838	-5664.244969	-128612.496389	-111552.929765	-118654.190738	-133901.053238
-4604.548765	-5591.333579	-5496.293962	-5626.448170	-59972.390231	-120065.681048	-86611.579253	-112824.520507
-3612.511291	-4507.408083	-5839.482646	-5666.189571	-128615.268006	-111555.991954	-118657.007057	-133903.914261
3048.308557	-5367.436155	-2124.510959	-5307.309962	-59841.654878	-119774.348411	-88158.744652	-112047.529167
425.018421	-1721.576061	-5832.911233	-5669.318815	-128618.285491	-111561.401076	-118660.516281	-133907.199968
-1926.295689	-5519.629183	-4722.208348	-5524.814787	-59936.716847	-119976.385829	-87201.933527	-112579.724202
-5887.337731	-6023.325744	-5804.971552	-5654.723126	-128609.769477	-111548.370009	-118650.994438	-133897.789883
-2216.555442	-5509.369732	-4686.736129	-5509.928526	-59945.076399	-119961.454864	-87239.640920	-112546.621269
457.294340	-1797.124958	-5823.523500	-5666.077812	-128617.860808	-111560.886986	-118660.069246	-133906.618822
2676.330826	-5371.928855	-2470.270094	-5316.764750	-59839.464407	-119788.720583	-88165.830155	-112083.359013
-4174.836478	-5004.913211	-5804.301000	-5655.438382	-128612.965776	-111552.840358	-118654.347200	-133901.209700
-5238.444238	-5606.532765	-5637.445228	-5645.469504	-60010.589362	-120090.379726	-86663.323541	-112882.992671
-4230.134693	-5045.705145	-5792.834555	-5654.007870	-128611.870541	-111551.946289	-118653.251964	-133900.047410
2232.425181	-5369.939550	-2805.456854	-5314.328410	-59854.618890	-119786.954795	-88173.183879	-112082.442591
-49.017376	-2450.712317	-5808.592535	-5659.506400	-128617.056145	-111559.635289	-118659.309287	-133905.657697
-2365.082784	-5515.896441	-4894.383835	-5522.624317	-59944.808179	-119980.677364	-87253.834278	-112591.034185
-6014.943840	-6143.265205	-5773.276779	-5643.949585	-128607.444895	-111545.352524	-118648.423987	-133895.174729
-2920.993021	-5515.024723	-4994.899630	-5519.897404	-59963.829513	-119976.654050	-87234.075336	-112587.234388
-388.898002	-2770.789298	-5796.477890	-5656.913597	-128616.899683	-111559.300013	-118659.041066	-133905.367125
2287.589286	-5370.543047	-3091.737997	-5317.524709	-59851.355535	-119794.844961	-88193.367504	-112098.580551
457.294340	-1797.124958	-5823.523500	-5666.077812	-128617.860808	-111560.886986	-118660.069246	-133906.618822
2676.330826	-5371.928855	-2470.270094	-5316.764750	-59839.464407	-119788.720583	-88165.830155	-112083.359013
-4174.836478	-5004.913211	-5804.301000	-5655.438382	-128612.965776	-111552.840358	-118654.347200	-133901.209700
-5238.444238	-5606.532765	-5637.445228	-5645.469504	-60010.589362	-120090.379726	-86663.323541	-112882.992671
-4230.134693	-5045.705145	-5792.834555	-5654.007870	-128611.870541	-111551.946289	-118653.251964	-133900.047410
2232.425181	-5369.939550	-2805.456854	-5314.328410	-59854.618890	-119786.954795	-88173.183879	-112082.442591
-49.017376	-2450.712317	-5808.592535	-5659.506400	-128617.056145	-111559.635289	-118659.309287	-133905.657697
-2365.082784	-5515.896441	-4894.383835	-5522.624317	-59944.808179	-119980.677364	-87253.834278	-112591.034185
-6014.943840	-6143.265205	-5773.276779	-5643.949585	-128607.444895	-111545.352524	-118648.423987	-133895.174729
-2920.993021	-5515.024723	-4994.899630	-5519.897404	-59963.829513	-119976.654050	-87234.075336	-112587.234388
-388.898002	-2770.789298	-5796.477890	-5656.913597	-128616.899683	-111559.300013	-118659.041066	-133905.367125
2287.589286	-5370.543047	-3091.737997	-5317.524709	-59851.355535	-119794.844961	-88193.367504	-112098.580551
-4450.142914	-5252.257616	-5780.250523	-5647.235292	-128612.563445	-111551.968640	-118653.989572	-133900.516796
-5519.070389	-5608.812643	-5698.845470	-5649.381059	-60024.738017	-120099.923921	-86675.125262	-112905.880857
-4596.144509	-5345.889073	-5771.421584	-5647.257644	-128613.233997	-111552.594489	-118654.458958	-133900.941479
1737.311690	-5373.538181	-3345.273834	-5321.279802	-59868.856951	-119798.488295	-88165.852507	-112110.069348
-675.201497	-3051.907188	-5789.213573	-5651.884455	-128617.011442	-111559.076495	-118659.130473	-133905.344773
-2679.527125	-5511.806072	-5033.746962	-5518.980982	-59952.050144	-119982.152579	-87281.796310	-112595.057499
-6087.676416	-6212.577964	-5754.188389	-5636.819379	-128607.780171	-111545.352524	-118648.625153	-133895.197081
-3368.832573	-5520.322087	-5171.679577	-5528.167549	-59977.754650	-119989.215730	-87214.718725	-112617.655112
-1031.957690	-3330.879310	-5779.244695	-5650.364536	-128617.637291	-111559.568233	-118659.599860	-133905.702401
2026.230338	-5368.754908	-3452.539856	-5316.898861	-59859.491570	-119798.532998	-88209.885443	-112106.493069
-4605.934573	-5380.288408	-5764.425488	-5641.289728	-128613.323404	-111552.594489	-118654.704828	-133901.053238
-5679.310045	-5609.527899	-5735.748200	-5651.035088	-60034.237508	-120106.048299	-86679.372094	-112920.789471
-4862.800820	-5539.388125	-5753.629595	-5639.434533	-128612.071706	-111551.141626	-118653.319019	-133899.667430
-5519.070389	-5608.812643	-5698.845470	-5649.381059	-60024.738017	-120099.923921	-86675.125262	-112905.880857
-4596.144509	-5345.889073	-5771.421584	-5647.257644	-128613.233997	-111552.594489	-118654.458958	-133900.941479
1737.311690	-5373.538181	-3345.273834	-5321.279802	-59868.856951	-119798.488295	-88165.852507	-112110.069348
-675.201497	-3051.907188	-5789.213573	-5651.884455	-128617.011442	-111559.076495	-118659.130473	-133905.344773
-2679.527125	-5511.806072	-5033.746962	-5518.980982	-59952.050144	-119982.152579	-87281.796310	-112595.057499
-6087.676416	-6212.577964	-5754.188389	-5636.819379	-128607.780171	-111545.352524	-118648.625153	-133895.197081
-3368.832573	-5520.322087	-5171.679577	-5528.167549	-59977.754650	-119989.215730	-87214.718725	-112617.655112
-1031.957690	-3330.879310	-5779.244695	-5650.364536	-128617.637291	-111559.568233	-118659.599860	-133905.702401
2026.230338	-5368.754908	-3452.539856	-5316.898861	-59859.491570	-119798.532998	-88209.885443	-112106.493069
-4605.934573	-5380.288408	-5764.425488	-5641.289728	-128613.323404	-111552.594489	-118654.704828	-133901.053238
-5679.310045	-5609.527899	-5735.748200	-5651.035088	-60034.237508	-120106.048299	-86679.372094	-112920.789471
-4862.800820	-5539.388125	-5753.629595	-5639.434533	-128612.071706	-111551.141626	-118653.319019	-133899.667430
1348.726612	-5373.426422	-3685.243867	-5323.917308	-59876.300082	-119804.612673	-88146.451193	-112129.984752
-1116.804912	-3443.554454	-5773.097965	-5644.128399	-128615.536227	-111557.467169	-118657.655258	-133903.780151
-2857.491715	-5508.542718	-5109.117044	-5515.427055	-59958.062763	-119982.912538	-87307.679630	-112595.772755
-6139.085429	-6261.103602	-5739.458589	-5630.896167	-128608.070744	-111545.330172	-118648.803967	-133895.331191
-3699.079597	-5522.669020	-5283.281837	-5533.062581	-59987.120031	-119997.552931	-87190.780007	-112641.482072
-1503.892422	-3707.774425	-5762.592645	-5641.267376	-128614.597453	-111556.371934	-118656.537671	-133902.640212
1854.144258	-5362.608178	-3670.782288	-5311.623849	-59861.167951	-119796.789562	-88217.015650	-112107.007159
-4694.067501	-5451.434010	-5749.449819	-5632.997231	-128610.976471	-111550.046390	-118652.313191	-133898.549843
-5777.322445	-5607.851518	-5759.128125	-5650.096315	-60040.116017	-120108.819915	-86681.316695	-112929.305485
-5056.568093	-5672.202190	-5740.822046	-5634.003059	-128612.585796	-111551.342791	-118653.788406	-133899.868596
1042.127733	-5378.053233	-3908.224870	-5330.756942	-59886.648939	-119814.268626	-88130.089716	-112150.950688
-1409.053970	-3695.860946	-5765.319558	-5641.692059	-128618.799581	-111560.596414	-118660.985668	-133906.909395
-2947.681004	-5505.100549	-5149.730164	-5511.359037	-59961.929615	-119982.510207	-87331.037203	-112592.643510
-2857.491715	-5508.542718	-5109.117044	-5515.427055	-59958.062763	-119982.912538	-87307.679630	-112595.772755
-6139.085429	-6261.103602	-5739.458589	-5630.896167	-128608.070744	-111545.330172	-118648.803967	-133895.331191
-3699.079597	-5522.669020	-5283.281837	-5533.062581	-59987.120031	-119997.552931	-87190.780007	-112641.482072
-1503.892422	-3707.774425	-5762.592645	-5641.267376	-128614.597453	-111556.371934	-118656.537671	-133902.640212
1854.144258	-5362.608178	-3670.782288	-5311.623849	-59861.167951	-119796.789562	-88217.015650	-112107.007159
-4694.067501	-5451.434010	-5749.449819	-5632.997231	-128610.976471	-111550.046390	-118652.313191	-133898.549843
-5777.322445	-5607.851518	-5759.128125	-5650.096315	-60040.116017	-120108.819915	-86681.316695	-112929.305485
-5056.568093	-5672.202190	-5740.822046	-5634.003059	-128612.585796	-111551.342791	-118653.788406	-133899.868596
1042.127733	-5378.053233	-3908.224870	-5330.756942	-59886.648939	-119814.268626	-88130.089716	-112150.950688
-1409.053970	-3695.860946	-5765.319558	-5641.692059	-128618.799581	-111560.596414	-118660.985668	-133906.909395
-2947.681004	-5505.100549	-5149.730164	-5511.359037	-59961.929615	-119982.510207	-87331.037203	-112592.643510
-6177.061042	-6296.754634	-5726.874557	-5625.263527	-128608.003689	-111545.061951	-118648.781615	-133895.107674
-3976.308283	-5527.049962	-5371.347710	-5539.142256	-59997.602999	-120006.627739	-87170.954009	-112663.230319
-1875.668988	-3988.042949	-5751.617938	-5636.595862	-128615.491523	-111557.042486	-118657.409389	-133903.377819
1719.027963	-5360.216541	-3839.247386	-5309.276916	-59865.370079	-119797.460115	-88227.006880	-112108.281208
-4750.550360	-5498.551488	-5739.324479	-5629.063324	-128612.116410	-111551.119274	-118653.363723	-133899.555671
-5861.409707	-5608.276201	-5784.743224	-5650.208074	-60049.906081	-120112.083270	-86693.520748	-112935.496919
-5231.448142	-5787.559544	-5727.902738	-5629.890338	-128613.569273	-111552.080399	-118654.570717	-133900.650907
731.997279	-5381.562457	-4122.801617	-5335.629622	-59898.182440	-119821.331778	-88119.025602	-112167.423924
-1677.721939	-3915.913870	-5755.730659	-5638.540463	-128620.163038	-111561.959870	-118662.438531	-133908.183445
-3031.365935	-5502.798319	-5192.064368	-5507.670999	-59968.657490	-119981.571434	-87360.474451	-112587.368499
-6213.449682	-6330.349306	-5715.721037	-5621.843710	-128609.165980	-111546.134835	-118649.854499	-133895.979392
-4234.247414	-5530.559186	-5449.467057	-5543.500846	-60009.494127	-120012.886228	-87156.805355	-112680.150590
-2226.814893	-4241.221159	-5740.598528	-5632.974879	-128616.251483	-111557.601280	-118658.146996	-133903.802503
1588.739644	-5360.864742	-3998.704731	-5309.545137	-59873.819038	-119799.695289	-88241.244941	-112110.248162
-1875.668988	-3988.042949	-5751.617938	-5636.595862	-128615.491523	-111557.042486	-118657.409389	-133903.377819
1719.027963	-5360.216541	-3839.247386	-5309.276916	-59865.370079	-119797.460115	-88227.006880	-112108.281208
-4750.550360	-5498.551488	-5739.324479	-5629.063324	-128612.116410	-111551.119274	-118653.363723	-133899.555671
-5861.409707	-5608.276201	-5784.743224	-5650.208074	-60049.906081	-120112.083270	-86693.520748	-112935.496919
-5231.448142	-5787.559544	-5727.902738	-5629.890338	-128613.569273	-111552.080399	-118654.570717	-133900.650907
731.997279	-5381.562457	-4122.801617	-5335.629622	-59898.182440	-119821.331778	-88119.025602	-112167.423924
-1677.721939	-3915.913870	-5755.730659	-5638.540463	-128620.163038	-111561.959870	-118662.438531	-133908.183445
-3031.365935	-5502.798319	-5192.064368	-5507.670999	-59968.657490	-119981.571434	-87360.474451	-112587.368499
-6213.449682	-6330.349306	-5715.721037	-5621.843710	-128609.165980	-111546.134835	-118649.854499	-133895.979392
-4234.247414	-5530.559186	-5449.467057	-5543.500846	-60009.494127	-120012.886228	-87156.805355	-112680.150590
-2226.814893	-4241.221159	-5740.598528	-5632.974879	-128616.251483	-111557.601280	-118658.146996	-133903.802503
1588.739644	-5360.864742	-3998.704731	-5309.545137	-59873.819038	-119799.695289	-88241.244941	-112110.248162
-4804.082788	-5541.444485	-5733.088342	-5628.035143	-128615.424468	-111554.337925	-118656.716485	-133902.573157
-5922.362914	-5610.869004	-5804.390407	-5652.242083	-60058.779723	-120116.263046	-86700.829768	-112941.621297
-5374.789879	-5877.972350	-5718.649115	-5626.917556	-128614.731564	-111553.063876	-118655.822415	-133901.634383
470.057186	-5384.825812	-4280.694339	-5339.876454	-59907.257248	-119827.098528	-88101.479483	-112182.064317
-1902.312267	-4090.749215	-5747.572273	-5635.254757	-128621.057108	-111562.630422	-118663.198491	-133908.831645
-3068.469831	-5500.093758	-5215.913679	-5503.602982	-59972.680804	-119979.626832	-87382.021532	-112580.305347
-6240.428238	-6354.869170	-5710.490729	-5621.039047	-128612.384631	-111549.152321	-118653.095502	-133899.063933
-4430.674545	-5540.237491	-5510.576726	-5554.564959	-60024.089816	-120025.336149	-87138.789849	-112702.435279
-2499.237955	-4427.210024	-5738.653927	-5635.746495	-128623.135820	-111564.262100	-118665.008982	-133910.552729
1505.233527	-5364.619835	-4112.296297	-5312.987305	-59884.056137	-119804.746783	-88254.521877	-112114.025606
-4831.933061	-5564.690300	-5729.467360	-5628.124550	-128619.112506	-111557.981260	-118660.471578	-133906.171788
-5960.338528	-5612.903012	-5819.299021	-5654.186684	-60065.909930	-120119.638159	-86703.042591	-112945.979887
-5486.190973	-5945.340508	-5714.625801	-5626.716390	-128618.218436	-111556.349582	-118659.331639	-133904.942442
-5922.362914	-5610.869004	-5804.390407	-5652.242083	-60058.779723	-120116.263046	-86700.829768	-112941.621297
-5374.789879	-5877.972350	-5718.649115	-5626.917556	-128614.731564	-111553.063876	-118655.822415	-133901.634383
470.057186	-5384.825812	-4280.694339	-5339.876454	-59907.257248	-119827.098528	-88101.479483	-112182.064317
-1902.312267	-4090.749215	-5747.572273	-5635.254757	-128621.057108	-111562.630422	-118663.198491	-133908.831645
-3068.469831	-5500.093758	-5215.913679	-5503.602982	-59972.680804	-119979.626832	-87382.021532	-112580.305347
-6240.428238	-6354.869170	-5710.490729	-5621.039047	-128612.384631	-111549.152321	-118653.095502	-133899.063933
-4430.674545	-5540.237491	-5510.576726	-5554.564959	-60024.089816	-120025.336149	-87138.789849	-112702.435279
-2499.237955	-4427.210024	-5738.653927	-5635.746495	-128623.135820	-111564.262100	-118665.008982	-133910.552729
1505.233527	-5364.619835	-4112.296297	-5312.987305	-59884.056137	-119804.746783	-88254.521877	-112114.025606
-4831.933061	-5564.690300	-5729.467360	-5628.124550	-128619.112506	-111557.981260	-118660.471578	-133906.171788
-5960.338528	-5612.903012	-5819.299021	-5654.186684	-60065.909930	-120119.638159	-86703.042591	-112945.979887
-5486.190973	-5945.340508	-5714.625801	-5626.716390	-128618.218436	-111556.349582	-118659.331639	-133904.942442
251.166552	-5391.017245	-4408.367504	-5347.476047	-59918.164899	-119835.346322	-88084.983895	-112198.090517
-2056.226379	-4205.994809	-5743.683069	-5634.807722	-128624.119297	-111565.580853	-118666.215976	-133911.647965
-3074.035415	-5498.931467	-5233.012764	-5500.920773	-59977.084098	-119978.330431	-87404.350925	-112573.219844
-6257.594378	-6369.777783	-5705.640400	-5619.116797	-128613.703384	-111550.471073	-118654.458958	-133900.203872
-4593.574058	-5544.260805	-5555.794305	-5559.616454	-60031.130616	-120031.035844	-87113.554730	-112717.120375
-2709.456111	-4561.074622	-5732.395438	-5633.064286	-128623.739317	-111564.619728	-118665.456017	-133910.888006
1444.705003	-5362.988158	-4197.948181	-5310.685076	-59887.453602	-119803.383327	-88261.428566	-112110.963417
-4833.631794	-5569.831201	-5723.141816	-5624.280050	-128618.509009	-111557.154245	-118659.778674	-133905.277718
-5978.041110	-5609.684361	-5824.506977	-5650.118667	-60065.708764	-120116.754784	-86699.958050	-112943.185919
-5571.909913	-5993.575572	-5706.154490	-5620.927289	-128615.804448	-111553.667373	-118656.582374	-133902.371991
61.444946	-5393.386530	-4498.132109	-5350.739402	-59923.238745	-119839.101415	-88062.743910	-112209.288741
-2168.610951	-4289.076244	-5740.062087	-5633.645431	-128626.108602	-111567.503103	-118668.026467	-133913.480808
-3044.486409	-5498.551488	-5236.969022	-5498.931467	-59980.280397	-119977.615175	-87426.479152	-112565.977879
-3074.035415	-5498.931467	-5233.012764	-5500.920773	-59977.084098	-119978.330431	-87404.350925	-112573.219844
-6257.594378	-6369.777783	-5705.640400	-5619.116797	-128613.703384	-111550.471073	-118654.458958	-133900.203872
-4593.574058	-5544.260805	-5555.794305	-5559.616454	-60031.130616	-120031.035844	-87113.554730	-112717.120375
-2709.456111	-4561.074622	-5732.395438	-5633.064286	-128623.739317	-111564.619728	-118665.456017	-133910.888006
1444.705003	-5362.988158	-4197.948181	-5310.685076	-59887.453602	-119803.383327	-88261.428566	-112110.963417
-4833.631794	-5569.831201	-5723.141816	-5624.280050	-128618.509009	-111557.154245	-118659.778674	-133905.277718
-5978.041110	-5609.684361	-5824.506977	-5650.118667	-60065.708764	-120116.754784	-86699.958050	-112943.185919
-5571.909913	-5993.575572	-5706.154490	-5620.927289	-128615.804448	-111553.667373	-118656.582374	-133902.371991
61.444946	-5393.386530	-4498.132109	-5350.739402	-59923.238745	-119839.101415	-88062.743910	-112209.288741
-2168.610951	-4289.076244	-5740.062087	-5633.645431	-128626.108602	-111567.503103	-118668.026467	-133913.480808
-3044.486409	-5498.551488	-5236.969022	-5498.931467	-59980.280397	-119977.615175	-87426.479152	-112565.977879
-6270.178410	-6380.841897	-5704.679275	-5619.697943	-128617.324366	-111553.890890	-118657.990534	-133903.668392
-4724.890557	-5551.256901	-5590.037178	-5567.484268	-60038.976078	-120039.484804	-87091.024171	-112734.286515
-2880.849288	-4665.434917	-5729.668525	-5632.840768	-128626.421526	-111567.100771	-118668.138226	-133913.346697
1422.174444	-5363.971634	-4244.104534	-5311.154462	-59891.231047	-119804.456211	-88269.586953	-112110.449327
-4827.082733	-5569.920608	-5721.666601	-5624.101236	-128620.990052	-111559.791751	-118662.259717	-133907.714058
-5986.020683	-5612.634791	-5830.273727	-5652.867931	-60069.575616	-120119.951084	-86702.707315	-112947.075122
-5650.275129	-6038.323765	-5704.120482	-5620.569661	-128618.129029	-111555.902547	-118659.018714	-133904.473055
-99.688780	-5396.940457	-4560.269959	-5355.500323	-59927.396170	-119843.795281	-88041.465049	-112221.939829
-2259.560199	-4351.549369	-5733.133046	-5628.884510	-128623.627558	-111564.887949	-118665.657182	-133910.731543
-2986.193059	-5491.667150	-5225.256708	-5490.638970	-59975.027737	-119970.037934	-87442.483001	-112552.902109
-6273.911151	-6382.942961	-5697.347903	-5613.662972	-128613.770439	-111550.247556	-118654.436607	-133899.935651
-4832.849483	-5550.362831	-5609.997286	-5567.752489	-60037.277345	-120039.775376	-87061.408110	-112743.920117
-3035.746877	-4754.081935	-5720.549014	-5625.889376	-128621.861770	-111562.362201	-118663.578470	-133908.697535
1420.028677	-5359.724803	-4269.250246	-5306.259430	-59888.481782	-119800.052917	-88272.515031	-112105.151964
1422.174444	-5363.971634	-4244.104534	-5311.154462	-59891.231047	-119804.456211	-88269.586953	-112110.449327
-4827.082733	-5569.920608	-5721.666601	-5624.101236	-128620.990052	-111559.791751	-118662.259717	-133907.714058
-5986.020683	-5612.634791	-5830.273727	-5652.867931	-60069.575616	-120119.951084	-86702.707315	-112947.075122
-5650.275129	-6038.323765	-5704.120482	-5620.569661	-128618.129029	-111555.902547	-118659.018714	-133904.473055
-99.688780	-5396.940457	-4560.269959	-5355.500323	-59927.396170	-119843.795281	-88041.465049	-112221.939829
-2259.560199	-4351.549369	-5733.133046	-5628.884510	-128623.627558	-111564.887949	-118665.657182	-133910.731543
-2986.193059	-5491.667150	-5225.256708	-5490.638970	-59975.027737	-119970.037934	-87442.483001	-112552.902109
-6273.911151	-6382.942961	-5697.347903	-5613.662972	-128613.770439	-111550.247556	-118654.436607	-133899.935651
-4832.849483	-5550.362831	-5609.997286	-5567.752489	-60037.277345	-120039.775376	-87061.408110	-112743.920117
-3035.746877	-4754.081935	-5720.549014	-5625.889376	-128621.861770	-111562.362201	-118663.578470	-133908.697535
1420.028677	-5359.724803	-4269.250246	-5306.259430	-59888.481782	-119800.052917	-88272.515031	-112105.151964
-4809.067227	-5561.248131	-5714.603450	-5618.423893	-128617.436125	-111556.059010	-118658.661086	-133904.048372
-5978.130517	-5607.739759	-5826.004544	-5647.481161	-60064.792343	-120115.056052	-86699.689829	-112942.649477
-5713.731732	-6071.538457	-5696.386778	-5614.668800	-128614.418639	-111551.990992	-118655.442435	-133900.650907
-247.009128	-5398.326266	-4608.929707	-5357.914312	-59929.050199	-119846.298676	-88017.772200	-112232.646314
-2330.526987	-4398.622143	-5726.561633	-5624.078885	-128620.945349	-111562.093981	-118662.952621	-133907.892872
-2910.353590	-5484.671054	-5209.185804	-5481.921790	-59969.573911	-119962.036009	-87459.336216	-112538.552289
-6275.609884	-6383.412347	-5692.721092	-5610.019637	-128612.094058	-111548.481768	-118652.894336	-133898.169863
-4935.555748	-5554.274387	-5632.617251	-5572.736928	-60040.540700	-120044.625705	-87036.910598	-112757.375867
-3173.411271	-4828.379134	-5715.899851	-5623.251870	-128621.124163	-111561.557539	-118663.019677	-133907.848168
1413.770189	-5357.310815	-4294.105386	-5303.510166	-59887.945341	-119797.482466	-88276.650104	-112101.151002
-4786.044930	-5549.468762	-5711.474205	-5616.635754	-128617.503180	-111556.103713	-118658.929307	-133904.003668
-5969.860371	-5608.209146	-5826.608041	-5647.592920	-60065.597006	-120115.592493	-86704.763675	-112941.889518
-5773.477945	-6102.830899	-5694.308066	-5613.975896	-128615.737392	-111553.108579	-118656.694133	-133901.880253
-393.860089	-5402.371931	-4662.171562	-5363.546951	-59933.453492	-119851.618391	-87996.828615	-112245.498567
-247.009128	-5398.326266	-4608.929707	-5357.914312	-59929.050199	-119846.298676	-88017.772200	-112232.646314
-2330.526987	-4398.622143	-5726.561633	-5624.078885	-128620.945349	-111562.093981	-118662.952621	-133907.892872
-2910.353590	-5484.671054	-5209.185804	-5481.921790	-59969.573911	-119962.036009	-87459.336216	-112538.552289
-6275.609884	-6383.412347	-5692.721092	-5610.019637	-128612.094058	-111548.481768	-118652.894336	-133898.169863
-4935.555748	-5554.274387	-5632.617251	-5572.736928	-60040.540700	-120044.625705	-87036.910598	-112757.375867
-3173.411271	-4828.379134	-5715.899851	-5623.251870	-128621.124163	-111561.557539	-118663.019677	-133907.848168
1413.770189	-5357.310815	-4294.105386	-5303.510166	-59887.945341	-119797.482466	-88276.650104	-112101.151002
-4786.044930	-5549.468762	-5711.474205	-5616.635754	-128617.503180	-111556.103713	-118658.929307	-133904.003668
-5969.860371	-5608.209146	-5826.608041	-5647.592920	-60065.597006	-120115.592493	-86704.763675	-112941.889518
-5773.477945	-6102.830899	-5694.308066	-5613.975896	-128615.737392	-111553.108579	-118656.694133	-133901.880253
-393.860089	-5402.371931	-4662.171562	-5363.546951	-59933.453492	-119851.618391	-87996.828615	-112245.498567
-2398.051607	-4440.643423	-5725.801674	-5625.263527	-128623.895779	-111565.044411	-118666.037162	-133910.798599
-2838.828008	-5484.782813	-5201.608563	-5480.960665	-59971.876141	-119961.566622	-87485.085426	-112531.220917
-6278.470907	-6385.401653	-5692.318760	-5610.801948	-128614.530398	-111550.851053	-118655.353028	-133900.516796
-5029.366020	-5557.940073	-5652.912635	-5577.922532	-60043.871110	-120049.654847	-87015.005888	-112770.004603
-3289.103900	-4887.343036	-5711.205984	-5620.390847	-128620.051279	-111560.261138	-118661.656220	-133906.529415
1425.616613	-5355.880303	-4310.980953	-5302.034950	-59888.370024	-119795.984900	-88282.796834	-112097.775888
-4755.490095	-5534.426038	-5710.155453	-5616.322829	-128618.665471	-111557.310707	-118660.136302	-133905.054200
-5958.729203	-5607.717408	-5827.055076	-5647.302347	-60066.111096	-120115.391328	-86709.926928	-112940.481358
-5827.792684	-6132.022277	-5690.821194	-5611.852480	-128615.268006	-111552.549786	-118656.157691	-133901.164997
-531.926815	-5405.411769	-4704.304600	-5368.330225	-59936.940364	-119855.842871	-87974.789795	-112257.009716
-2443.827980	-4468.471345	-5722.515967	-5623.229518	-128623.336986	-111564.418562	-118665.433665	-133910.105695
-2750.739783	-5481.117127	-5186.387025	-5476.311502	-59970.378574	-119957.185681	-87507.057191	-112519.642713
-6279.901419	-6386.183964	-5690.418862	-5609.907879	-128615.111544	-111551.342791	-118655.956525	-133900.919128
-5118.437722	-5563.058622	-5673.833868	-5584.851573	-60048.497921	-120055.958039	-86993.414103	-112784.265016
-5029.366020	-5557.940073	-5652.912635	-5577.922532	-60043.871110	-120049.654847	-87015.005888	-112770.004603
-3289.103900	-4887.343036	-5711.205984	-5620.390847	-128620.051279	-111560.261138	-118661.656220	-133906.529415
1425.616613	-5355.880303	-4310.980953	-5302.034950	-59888.370024	-119795.984900	-88282.796834	-112097.775888
-4755.490095	-5534.426038	-5710.155453	-5616.322829	-128618.665471	-111557.310707	-118660.136302	-133905.054200
-5958.729203	-5607.717408	-5827.055076	-5647.302347	-60066.111096	-120115.391328	-86709.926928	-112940.481358
-5827.792684	-6132.022277	-5690.821194	-5611.852480	-128615.268006	-111552.549786	-118656.157691	-133901.164997
-531.926815	-5405.411769	-4704.304600	-5368.330225	-59936.940364	-119855.842871	-87974.789795	-112257.009716
-2443.827980	-4468.471345	-5722.515967	-5623.229518	-128623.336986	-111564.418562	-118665.433665	-133910.105695
-2750.739783	-5481.117127	-5186.387025	-5476.311502	-59970.378574	-119957.185681	-87507.057191	-112519.642713
-6279.901419	-6386.183964	-5690.418862	-5609.907879	-128615.111544	-111551.342791	-118655.956525	-133900.919128
-5118.437722	-5563.058622	-5673.833868	-5584.851573	-60048.497921	-120055.958039	-86993.414103	-112784.265016
-3407.434035	-4948.251539	-5712.301220	-5623.073056	-128624.320462	-111564.262100	-118665.903052	-133910.530378
1429.706982	-5361.334129	-4330.449323	-5307.756997	-59895.701396	-119801.505780	-88294.285630	-112101.933313
-4731.685487	-5524.635974	-5714.379932	-5621.642544	-128625.303939	-111563.859768	-118666.707714	-133911.446799
-5951.040203	-5612.835957	-5832.330088	-5652.577359	-60071.788439	-120120.442822	-86720.320489	-112944.392913
-5883.046196	-6164.007624	-5692.564630	-5615.071132	-128619.626596	-111556.796617	-118660.605688	-133905.411828
-670.731148	-5412.541975	-4747.845798	-5377.181515	-59944.025867	-119863.956554	-87955.589647	-112273.237082
-2491.101920	-4496.254563	-5723.186520	-5625.531748	-128626.645044	-111567.659565	-118668.697020	-133913.190235
-2659.388204	-5479.776022	-5172.327777	-5474.098679	-59970.758554	-119954.883451	-87531.062964	-112510.523201
-6277.822706	-6383.859382	-5687.893115	-5608.142091	-128614.373936	-111550.582832	-118655.196566	-133900.002706
-5201.116824	-5564.556189	-5689.949476	-5587.869059	-60049.324936	-120058.506138	-86968.804833	-112794.524466
-3519.304516	-5003.750921	-5705.863918	-5618.245079	-128620.543017	-111560.372896	-118662.125607	-133906.596471
1436.524264	-5355.388565	-4345.447343	-5301.766730	-59891.409861	-119795.403754	-88294.173872	-112094.289016
-4694.559240	-5503.223002	-5707.719112	-5615.965201	-128620.386555	-111558.942385	-118661.812682	-133906.395305
-5926.632098	-5608.477367	-5826.183358	-5648.107010	-60068.010994	-120115.838363	-86723.516789	-112937.575631
-5951.040203	-5612.835957	-5832.330088	-5652.577359	-60071.788439	-120120.442822	-86720.320489	-112944.392913
-5883.046196	-6164.007624	-5692.564630	-5615.071132	-128619.626596	-111556.796617	-118660.605688	-133905.411828
-670.731148	-5412.541975	-4747.845798	-5377.181515	-59944.025867	-119863.956554	-87955.589647	-112273.237082
-2491.101920	-4496.254563	-5723.186520	-5625.531748	-128626.645044	-111567.659565	-118668.697020	-133913.190235
-2659.388204	-5479.776022	-5172.327777	-5474.098679	-59970.758554	-119954.883451	-87531.062964	-112510.523201
-6277.822706	-6383.859382	-5687.893115	-5608.142091	-128614.373936	-111550.582832	-118655.196566	-133900.002706
-5201.116824	-5564.556189	-5689.949476	-5587.869059	-60049.324936	-120058.506138	-86968.804833	-112794.524466
-3519.304516	-5003.750921	-5705.863918	-5618.245079	-128620.543017	-111560.372896	-118662.125607	-133906.596471
1436.524264	-5355.388565	-4345.447343	-5301.766730	-59891.409861	-119795.403754	-88294.173872	-112094.289016
-4694.559240	-5503.223002	-5707.719112	-5615.965201	-128620.386555	-111558.942385	-118661.812682	-133906.395305
-5926.632098	-5608.477367	-5826.183358	-5648.107010	-60068.010994	-120115.838363	-86723.516789	-112937.575631
-5925.983897	-6186.046444	-5690.307103	-5613.774730	-128619.380727	-111556.282527	-118660.248060	-133904.875386
-802.248812	-5416.609993	-4783.988569	-5382.791803	-59948.295051	-119869.097456	-87933.506123	-112285.441135
-2523.757818	-4513.443054	-5720.213738	-5623.967126	-128626.019195	-111566.810199	-118668.026467	-133912.363221
-2560.057051	-5474.456307	-5152.278263	-5467.370804	-59967.651661	-119948.535555	-87552.610046	-112495.972216
-6271.631273	-6378.003225	-5687.468432	-5608.097387	-128615.133895	-111551.231033	-118655.911822	-133900.561500
-5271.144840	-5570.144125	-5705.662752	-5594.798099	-60054.108209	-120065.077551	-86948.665911	-112807.242609
-3605.090511	-5042.531197	-5706.690932	-5620.256736	-128623.269930	-111563.010402	-118664.964278	-133909.166921
1444.883817	-5356.930835	-4350.990576	-5303.085482	-59894.807326	-119796.588397	-88301.617003	-112093.462001
-4654.929597	-5482.257066	-5707.540298	-5616.971030	-128622.018233	-111560.507007	-118663.578470	-133907.848168
-5903.967429	-5606.018675	-5821.333029	-5645.447152	-60065.999337	-120113.044395	-86728.165952	-112931.518308
-5959.109182	-6200.932706	-5685.635589	-5609.639658	-128616.005613	-111552.728600	-118656.917650	-133901.321459
-921.405962	-5416.855862	-4811.816491	-5384.557591	-59947.892719	-119870.058581	-87906.952251	-112293.197190
-2550.378746	-4526.496473	-5716.749217	-5622.223690	-128624.789849	-111565.580853	-118666.931232	-133911.044468
-2472.259399	-5472.802278	-5136.117951	-5464.442726	-59967.539903	-119945.518070	-87576.884040	-112485.153971
-2523.757818	-4513.443054	-5720.213738	-5623.967126	-128626.019195	-111566.810199	-118668.026467	-133912.363221
-2560.057051	-5474.456307	-5152.278263	-5467.370804	-59967.651661	-119948.535555	-87552.610046	-112495.972216
-6271.631273	-6378.003225	-5687.468432	-5608.097387	-128615.133895	-111551.231033	-118655.911822	-133900.561500
-5271.144840	-5570.144125	-5705.662752	-5594.798099	-60054.108209	-120065.077551	-86948.665911	-112807.242609
-3605.090511	-5042.531197	-5706.690932	-5620.256736	-128623.269930	-111563.010402	-118664.964278	-133909.166921
1444.883817	-5356.930835	-4350.990576	-5303.085482	-59894.807326	-119796.588397	-88301.617003	-112093.462001
-4654.929597	-5482.257066	-5707.540298	-5616.971030	-128622.018233	-111560.507007	-118663.578470	-133907.848168
-5903.967429	-5606.018675	-5821.333029	-5645.447152	-60065.999337	-120113.044395	-86728.165952	-112931.518308
-5959.109182	-6200.932706	-5685.635589	-5609.639658	-128616.005613	-111552.728600	-118656.917650	-133901.321459
-921.405962	-5416.855862	-4811.816491	-5384.557591	-59947.892719	-119870.058581	-87906.952251	-112293.197190
-2550.378746	-4526.496473	-5716.749217	-5622.223690	-128624.789849	-111565.580853	-118666.931232	-133911.044468
-2472.259399	-5472.802278	-5136.117951	-5464.442726	-59967.539903	-119945.518070	-87576.884040	-112485.153971
-6268.569084	-6375.768051	-5689.167164	-5610.444320	-128618.061974	-111554.092056	-118658.951659	-133903.333116
-5336.791913	-5574.547419	-5719.297316	-5600.631905	-60056.522197	-120070.039638	-86927.096477	-112818.485536
-3697.067940	-5086.161803	-5704.299295	-5619.161501	-128622.554674	-111562.295146	-118664.293726	-133908.317555
1456.596131	-5355.545027	-4354.924483	-5301.744378	-59893.645035	-119794.532036	-88303.226328	-112090.176295
-4616.775169	-5462.386365	-5705.930973	-5616.300478	-128621.660605	-111560.216434	-118663.153787	-133907.267023
-5879.760489	-5607.404483	-5819.075503	-5646.609443	-60066.580482	-120113.692595	-86736.592559	-112930.020741
-5999.364674	-6223.619726	-5688.161336	-5612.679495	-128619.648948	-111556.215472	-118660.449226	-133904.785979
-1037.411515	-5424.120179	-4840.069096	-5393.453585	-59953.458304	-119877.881691	-87886.746274	-112308.709301
-2583.749900	-4540.488665	-5719.006743	-5625.621155	-128628.589645	-111569.335946	-118670.686325	-133914.598395
-2369.419023	-5472.243485	-5116.202547	-5462.855752	-59967.584606	-119943.439358	-87600.956869	-112476.123867
-6263.629349	-6371.252998	-5688.653074	-5610.712541	-128618.620767	-111554.583794	-118659.465749	-133903.757799
-5399.153280	-5579.576561	-5732.484845	-5606.733931	-60059.405572	-120075.046429	-86907.784570	-112830.287257
-3788.419519	-5128.048972	-5704.388702	-5620.592012	-128624.499276	-111563.904472	-118666.037162	-133910.105695
-3697.067940	-5086.161803	-5704.299295	-5619.161501	-128622.554674	-111562.295146	-118664.293726	-133908.317555
1456.596131	-5355.545027	-4354.924483	-5301.744378	-59893.645035	-119794.532036	-88303.226328	-112090.176295
-4616.775169	-5462.386365	-5705.930973	-5616.300478	-128621.660605	-111560.216434	-118663.153787	-133907.267023
-5879.760489	-5607.404483	-5819.075503	-5646.609443	-60066.580482	-120113.692595	-86736.592559	-112930.020741
-5999.364674	-6223.619726	-5688.161336	-5612.679495	-128619.648948	-111556.215472	-118660.449226	-133904.785979
-1037.411515	-5424.120179	-4840.069096	-5393.453585	-59953.458304	-119877.881691	-87886.746274	-112308.709301
-2583.749900	-4540.488665	-5719.006743	-5625.621155	-128628.589645	-111569.335946	-118670.686325	-133914.598395
-2369.419023	-5472.243485	-5116.202547	-5462.855752	-59967.584606	-119943.439358	-87600.956869	-112476.123867
-6263.629349	-6371.252998	-5688.653074	-5610.712541	-128618.620767	-111554.583794	-118659.465749	-133903.757799
-5399.153280	-5579.576561	-5732.484845	-5606.733931	-60059.405572	-120075.046429	-86907.784570	-112830.287257
-3788.419519	-5128.048972	-5704.388702	-5620.592012	-128624.499276	-111563.904472	-118666.037162	-133910.105695
1468.576666	-5358.830733	-4357.919616	-5304.627753	-59897.064852	-119796.655452	-88309.328355	-112091.651510
-4583.761642	-5445.019060	-5707.406188	-5618.803873	-128624.499276	-111562.988050	-118666.014810	-133910.128046
-5853.363079	-5608.946754	-5816.482701	-5647.436458	-60067.698070	-120113.938464	-86747.522562	-112927.226773
-6036.736791	-6244.675069	-5688.362502	-5614.020600	-128621.280625	-111557.645983	-118662.147959	-133906.261194
-1162.514229	-5429.976336	-4873.574361	-5400.382626	-59957.973356	-119883.648441	-87865.176840	-112321.807423
-2619.780912	-4561.923988	-5718.894985	-5626.895204	-128630.020157	-111570.609995	-118672.139188	-133915.984203
-2269.685539	-5472.467002	-5101.137471	-5461.179371	-59968.836304	-119941.606515	-87627.220169	-112466.557320
-6258.533151	-6367.632016	-5690.642380	-5613.215937	-128621.302977	-111557.154245	-118662.192662	-133906.238843
-5466.029700	-5584.963332	-5748.376936	-5612.858309	-60063.495942	-120080.164979	-86892.138349	-112841.396074
-3892.980980	-5184.353016	-5704.567516	-5621.888414	-128626.063898	-111565.379687	-118667.713543	-133911.469151
1452.103430	-5361.088259	-4387.893306	-5306.393541	-59900.015283	-119797.840094	-88313.105799	-112092.299711
-4556.157238	-5433.865539	-5707.160319	-5619.474425	-128625.147477	-111563.569196	-118666.730066	-133910.575081
-5828.709105	-5607.583297	-5812.995829	-5645.089524	-60066.401668	-120111.122145	-86757.960827	-112920.923581
-6070.711442	-6262.735279	-5686.127327	-5612.791254	-128620.006576	-111556.237824	-118660.918613	-133904.830683
-6036.736791	-6244.675069	-5688.362502	-5614.020600	-128621.280625	-111557.645983	-118662.147959	-133906.261194
-1162.514229	-5429.976336	-4873.574361	-5400.382626	-59957.973356	-119883.648441	-87865.176840	-112321.807423
-2619.780912	-4561.923988	-5718.894985	-5626.895204	-128630.020157	-111570.609995	-118672.139188	-133915.984203
-2269.685539	-5472.467002	-5101.137471	-5461.179371	-59968.836304	-119941.606515	-87627.220169	-112466.557320
-6258.533151	-6367.632016	-5690.642380	-5613.215937	-128621.302977	-111557.154245	-118662.192662	-133906.238843
-5466.029700	-5584.963332	-5748.376936	-5612.858309	-60063.495942	-120080.164979	-86892.138349	-112841.396074
-3892.980980	-5184.353016	-5704.567516	-5621.888414	-128626.063898	-111565.379687	-118667.713543	-133911.469151
1452.103430	-5361.088259	-4387.893306	-5306.393541	-59900.015283	-119797.840094	-88313.105799	-112092.299711
-4556.157238	-5433.865539	-5707.160319	-5619.474425	-128625.147477	-111563.569196	-118666.730066	-133910.575081
-5828.709105	-5607.583297	-5812.995829	-5645.089524	-60066.401668	-120111.122145	-86757.960827	-112920.923581
-6070.711442	-6262.735279	-5686.127327	-5612.791254	-128620.006576	-111556.237824	-118660.918613	-133904.830683
-1302.816129	-5434.849016	-4918.121388	-5406.194080	-59961.773153	-119888.409363	-87842.825096	-112334.413807
-2676.643750	-4596.032750	-5717.553880	-5626.828149	-128629.841343	-111570.341774	-118671.982726	-133915.470113
-2183.541916	-5468.756612	-5089.894544	-5455.725545	-59965.505894	-119935.705654	-87646.755594	-112453.928584
-6249.570101	-6359.607739	-5688.071929	-5611.204280	-128619.268968	-111554.986126	-118660.203357	-133904.115427
-5525.820616	-5587.802003	-5759.150476	-5615.942850	-60063.920625	-120082.511912	-86874.279305	-112849.755627
-3981.113908	-5225.659040	-5702.175880	-5620.390847	-128624.678090	-111563.770361	-118666.283031	-133909.837474
1455.187971	-5361.669405	-4390.664922	-5306.371189	-59899.165916	-119797.102487	-88312.077619	-112091.673862
-4517.868700	-5414.844205	-5708.344961	-5620.480254	-128625.974491	-111564.396210	-118667.691191	-133911.245634
-5796.232020	-5609.125568	-5807.944335	-5645.536559	-60065.954633	-120111.010386	-86770.678970	-112918.487241
-6103.434396	-6281.175468	-5686.552010	-5613.104178	-128620.364203	-111556.506044	-118661.276241	-133905.076552
-1416.832378	-5439.028792	-4934.214644	-5411.223222	-59961.996670	-119892.052697	-87817.634680	-112347.221356
-2711.870100	-4614.271774	-5717.576232	-5626.559928	-128629.617826	-111570.028850	-118671.781560	-133915.112485
-2060.406156	-5469.605979	-5062.267788	-5454.987938	-59964.634176	-119934.476308	-87670.202574	-112447.245413
-6245.949119	-6358.020766	-5693.458699	-5616.009905	-128623.895779	-111559.612937	-118664.874871	-133908.719886
-5525.820616	-5587.802003	-5759.150476	-5615.942850	-60063.920625	-120082.511912	-86874.279305	-112849.755627
-3981.113908	-5225.659040	-5702.175880	-5620.390847	-128624.678090	-111563.770361	-118666.283031	-133909.837474
1455.187971	-5361.669405	-4390.664922	-5306.371189	-59899.165916	-119797.102487	-88312.077619	-112091.673862
-4517.868700	-5414.844205	-5708.344961	-5620.480254	-128625.974491	-111564.396210	-118667.691191	-133911.245634
-5796.232020	-5609.125568	-5807.944335	-5645.536559	-60065.954633	-120111.010386	-86770.678970	-112918.487241
-6103.434396	-6281.175468	-5686.552010	-5613.104178	-128620.364203	-111556.506044	-118661.276241	-133905.076552
-1416.832378	-5439.028792	-4934.214644	-5411.223222	-59961.996670	-119892.052697	-87817.634680	-112347.221356
-2711.870100	-4614.271774	-5717.576232	-5626.559928	-128629.617826	-111570.028850	-118671.781560	-133915.112485
-2060.406156	-5469.605979	-5062.267788	-5454.987938	-59964.634176	-119934.476308	-87670.202574	-112447.245413
-6245.949119	-6358.020766	-5693.458699	-5616.009905	-128623.895779	-111559.612937	-118664.874871	-133908.719886
-5579.688320	-5596.452128	-5771.041604	-5625.464693	-60068.793305	-120090.871464	-86861.918791	-112866.094752
-4073.784241	-5272.061261	-5705.059255	-5623.542443	-128627.606169	-111566.631385	-118669.255813	-133912.676145
1487.732111	-5365.648015	-4371.062442	-5310.215689	-59900.417614	-119800.008214	-88312.837578	-112096.747708
-4479.870734	-5396.739292	-5712.256516	-5623.654201	-128628.857866	-111567.324289	-118670.552214	-133914.084305
-5752.154380	-5612.925364	-5802.490509	-5648.844617	-60067.340442	-120113.603188	-86785.744045	-112920.029511
-6140.381830	-6304.600096	-5691.335284	-5618.222728	-128625.303939	-111561.334021	-118666.305383	-133909.904529
-1527.317050	-5450.137609	-4952.140743	-5423.807254	-59970.222112	-119903.362680	-87800.557947	-112368.679031
-2739.094524	-4626.475826	-5722.046581	-5631.007925	-128633.909361	-111574.230978	-118676.095447	-133919.180503
-1911.722352	-5469.628330	-5027.399066	-5453.579778	-59963.673051	-119932.509355	-87694.320106	-112439.914041
-6236.159055	-6350.935263	-5695.626819	-5618.043914	-128625.683919	-111561.401076	-118666.797121	-133910.172750
-5626.671687	-5602.732969	-5781.345759	-5632.527844	-60072.660157	-120096.995842	-86848.328930	-112880.243406
-4155.949254	-5310.998000	-5708.434368	-5627.409295	-128631.361262	-111570.162960	-118673.122665	-133916.252424
1511.626126	-5370.878323	-4364.602788	-5314.976611	-59905.066777	-119804.031528	-88317.598500	-112102.112127
-4436.016612	-5375.840411	-5715.586926	-5627.141074	-128631.964759	-111570.475885	-118673.726162	-133916.990032
-5708.389665	-5613.953544	-5797.439015	-5648.889321	-60068.972119	-120113.312616	-86802.396095	-112917.190840
-4479.870734	-5396.739292	-5712.256516	-5623.654201	-128628.857866	-111567.324289	-118670.552214	-133914.084305
-5752.154380	-5612.925364	-5802.490509	-5648.844617	-60067.340442	-120113.603188	-86785.744045	-112920.029511
-6140.381830	-6304.600096	-5691.335284	-5618.222728	-128625.303939	-111561.334021	-118666.305383	-133909.904529
-1527.317050	-5450.137609	-4952.140743	-5423.807254	-59970.222112	-119903.362680	-87800.557947	-112368.679031
-2739.094524	-4626.475826	-5722.046581	-5631.007925	-128633.909361	-111574.230978	-118676.095447	-133919.180503
-1911.722352	-5469.628330	-5027.399066	-5453.579778	-59963.673051	-119932.509355	-87694.320106	-112439.914041
-6236.159055	-6350.935263	-5695.626819	-5618.043914	-128625.683919	-111561.401076	-118666.797121	-133910.172750
-5626.671687	-5602.732969	-5781.345759	-5632.527844	-60072.660157	-120096.995842	-86848.328930	-112880.243406
-4155.949254	-5310.998000	-5708.434368	-5627.409295	-128631.361262	-111570.162960	-118673.122665	-133916.252424
1511.626126	-5370.878323	-4364.602788	-5314.976611	-59905.066777	-119804.031528	-88317.598500	-112102.112127
-4436.016612	-5375.840411	-5715.586926	-5627.141074	-128631.964759	-111570.475885	-118673.726162	-133916.990032
-5708.389665	-5613.953544	-5797.439015	-5648.889321	-60068.972119	-120113.312616	-86802.396095	-112917.190840
-6169.819077	-6322.682658	-5692.922258	-5620.659068	-128627.494410	-111563.345678	-118668.495854	-133911.938538
-1650.452811	-5456.038470	-4983.679054	-5430.535129	-59975.318310	-119909.375299	-87779.167328	-112383.453534
-2757.981748	-4634.880082	-5721.376028	-5631.052629	-128633.596436	-111573.739239	-118675.737819	-133918.666413
-1797.460234	-5465.917941	-5008.578898	-5447.857731	-59961.795504	-119926.832012	-87717.431810	-112427.285305
-6222.479787	-6340.921681	-5695.068025	-5617.932155	-128625.326291	-111560.864635	-118666.417142	-133909.658660
-5681.344054	-5604.677570	-5793.415701	-5634.718315	-60074.560055	-120098.627519	-86832.749764	-112887.775944
-4230.872301	-5344.525617	-5705.461586	-5625.464693	-128629.260198	-111567.860731	-118670.932194	-133913.927843
1487.665056	-5369.626626	-4393.078910	-5313.054361	-59904.843259	-119801.617539	-88316.100933	-112099.586379
-4385.635780	-5348.861855	-5713.821139	-5625.732914	-128630.355433	-111568.710097	-118672.139188	-133915.157189
-5672.671577	-5609.706713	-5791.448747	-5643.055516	-60065.418192	-120107.232941	-86812.856711	-112906.909037
-6192.215525	-6334.327916	-5689.904772	-5618.334486	-128624.834552	-111560.663469	-118665.903052	-133909.122218
-1796.342647	-5460.419412	-5034.104590	-5435.765438	-59979.140458	-119913.510372	-87754.714519	-112395.612883
-2784.982656	-4648.872274	-5724.371162	-5634.628908	-128636.748032	-111576.935539	-118678.911767	-133921.795657
-2757.981748	-4634.880082	-5721.376028	-5631.052629	-128633.596436	-111573.739239	-118675.737819	-133918.666413
-1797.460234	-5465.917941	-5008.578898	-5447.857731	-59961.795504	-119926.832012	-87717.431810	-112427.285305
-6222.479787	-6340.921681	-5695.068025	-5617.932155	-128625.326291	-111560.864635	-118666.417142	-133909.658660
-5681.344054	-5604.677570	-5793.415701	-5634.718315	-60074.560055	-120098.627519	-86832.749764	-112887.775944
-4230.872301	-5344.525617	-5705.461586	-5625.464693	-128629.260198	-111567.860731	-118670.932194	-133913.927843
1487.665056	-5369.626626	-4393.078910	-5313.054361	-59904.843259	-119801.617539	-88316.100933	-112099.586379
-4385.635780	-5348.861855	-5713.821139	-5625.732914	-128630.355433	-111568.710097	-118672.139188	-133915.157189
-5672.671577	-5609.706713	-5791.448747	-5643.055516	-60065.418192	-120107.232941	-86812.856711	-112906.909037
-6192.215525	-6334.327916	-5689.904772	-5618.334486	-128624.834552	-111560.663469	-118665.903052	-133909.122218
-1796.342647	-5460.419412	-5034.104590	-5435.765438	-59979.140458	-119913.510372	-87754.714519	-112395.612883
-2784.982656	-4648.872274	-5724.371162	-5634.628908	-128636.748032	-111576.935539	-118678.911767	-133921.795657
-1706.890965	-5466.722604	-5008.713008	-5446.427220	-59963.695403	-119925.334445	-87743.136316	-112417.897572
-6209.381665	-6331.757466	-5697.638476	-5620.480254	-128627.405003	-111562.920995	-118668.339392	-133911.647965
-5738.877444	-5611.003114	-5808.748997	-5641.200321	-60079.164514	-120104.327214	-86818.221130	-112899.041223
-4311.584450	-5383.484707	-5708.166147	-5628.728047	-128632.031814	-111570.498236	-118673.681459	-133916.565349
1465.492125	-5373.202905	-4416.950574	-5316.183605	-59908.196021	-119803.830362	-88316.257395	-112102.290941
-4340.619366	-5327.940622	-5717.017438	-5628.795103	-128632.858829	-111571.191141	-118674.620232	-133917.459418
-5630.449132	-5611.025466	-5786.441956	-5643.189626	-60065.909930	-120106.875313	-86827.295938	-112902.706910
-6217.428293	-6349.817675	-5692.229353	-5620.524957	-128626.689747	-111562.272795	-118667.624136	-133910.686840
-1916.595032	-5466.320272	-5056.881017	-5442.515664	-59982.359109	-119919.187715	-87729.211179	-112410.365034
-2801.657057	-4653.812010	-5723.767665	-5634.137170	-128635.831611	-111575.885007	-118677.928290	-133920.722773
-1573.383996	-5462.364013	-4977.666435	-5440.369897	-59959.157998	-119918.830087	-87762.783499	-112404.844154
-6192.036711	-6318.815806	-5697.392606	-5619.809701	-128626.108602	-111561.691649	-118667.199453	-133910.329212
-5774.148497	-5612.657143	-5813.331105	-5643.569606	-60078.337500	-120105.645967	-86798.931575	-112907.177258
-4373.565838	-5407.065798	-5704.701627	-5625.375286	-128628.276721	-111566.564329	-118669.859310	-133912.743200
-4311.584450	-5383.484707	-5708.166147	-5628.728047	-128632.031814	-111570.498236	-118673.681459	-133916.565349
1465.492125	-5373.202905	-4416.950574	-5316.183605	-59908.196021	-119803.830362	-88316.257395	-112102.290941
-4340.619366	-5327.940622	-5717.017438	-5628.795103	-128632.858829	-111571.191141	-118674.620232	-133917.459418
-5630.449132	-5611.025466	-5786.441956	-5643.189626	-60065.909930	-120106.875313	-86827.295938	-112902.706910
-6217.428293	-6349.817675	-5692.229353	-5620.524957	-128626.689747	-111562.272795	-118667.624136	-133910.686840
-1916.595032	-5466.320272	-5056.881017	-5442.515664	-59982.359109	-119919.187715	-87729.211179	-112410.365034
-2801.657057	-4653.812010	-5723.767665	-5634.137170	-128635.831611	-111575.885007	-118677.928290	-133920.722773
-1573.383996	-5462.364013	-4977.666435	-5440.369897	-59959.157998	-119918.830087	-87762.783499	-112404.844154
-6192.036711	-6318.815806	-5697.392606	-5619.809701	-128626.108602	-111561.691649	-118667.199453	-133910.329212
-5774.148497	-5612.657143	-5813.331105	-5643.569606	-60078.337500	-120105.645967	-86798.931575	-112907.177258
-4373.565838	-5407.065798	-5704.701627	-5625.375286	-128628.276721	-111566.564329	-118669.859310	-133912.743200
1481.227753	-5369.894847	-4397.526908	-5312.562622	-59903.658617	-119799.538827	-88309.529520	-112099.295807
-4278.079185	-5291.574334	-5714.111711	-5625.419989	-128628.880218	-111567.257234	-118670.619270	-133913.458456
-5567.148991	-5605.437530	-5771.265122	-5636.573510	-60059.360869	-120099.946272	-86835.834305	-112892.358052
-6231.398133	-6355.070335	-5687.893115	-5615.696980	-128621.437087	-111557.020135	-118662.483235	-133905.501235
-2021.536472	-5464.487429	-5070.001491	-5441.956871	-59978.045223	-119917.578389	-87697.158777	-112417.830517
-2799.019551	-4643.463152	-5719.096150	-5629.443303	-128630.534247	-111570.565292	-118672.765037	-133915.291299
-1434.311442	-5455.949063	-4943.892949	-5432.144455	-59952.273661	-119910.559942	-87780.821357	-112389.689671
-6169.193228	-6302.096701	-5698.040807	-5619.563832	-128625.438049	-111560.976393	-118666.573604	-133909.546901
-5810.470082	-5616.345181	-5820.327201	-5647.548216	-60079.075107	-120109.199895	-86784.112368	-112916.229715
-4435.547225	-5435.363106	-5707.383836	-5627.811626	-128630.489544	-111568.531283	-118672.139188	-133914.710154
1477.338550	-5372.286483	-4400.633800	-5314.529576	-59904.485632	-119800.946987	-88307.339049	-112101.665092
-4216.298964	-5259.723098	-5716.480996	-5626.984611	-128630.131916	-111568.397172	-118671.938023	-133914.531340
-5513.124825	-5605.281068	-5762.793811	-5634.986536	-60057.237453	-120098.091078	-86849.759442	-112886.457191
-6251.782924	-6368.101402	-5691.357635	-5618.334486	-128623.806372	-111559.054143	-118664.919575	-133907.669354
-5567.148991	-5605.437530	-5771.265122	-5636.573510	-60059.360869	-120099.946272	-86835.834305	-112892.358052
-6231.398133	-6355.070335	-5687.893115	-5615.696980	-128621.437087	-111557.020135	-118662.483235	-133905.501235
-2021.536472	-5464.487429	-5070.001491	-5441.956871	-59978.045223	-119917.578389	-87697.158777	-112417.830517
-2799.019551	-4643.463152	-5719.096150	-5629.443303	-128630.534247	-111570.565292	-118672.765037	-133915.291299
-1434.311442	-5455.949063	-4943.892949	-5432.144455	-59952.273661	-119910.559942	-87780.821357	-112389.689671
-6169.193228	-6302.096701	-5698.040807	-5619.563832	-128625.438049	-111560.976393	-118666.573604	-133909.546901
-5810.470082	-5616.345181	-5820.327201	-5647.548216	-60079.075107	-120109.199895	-86784.112368	-112916.229715
-4435.547225	-5435.363106	-5707.383836	-5627.811626	-128630.489544	-111568.531283	-118672.139188	-133914.710154
1477.338550	-5372.286483	-4400.633800	-5314.529576	-59904.485632	-119800.946987	-88307.339049	-112101.665092
-4216.298964	-5259.723098	-5716.480996	-5626.984611	-128630.131916	-111568.397172	-118671.938023	-133914.531340
-5513.124825	-5605.281068	-5762.793811	-5634.986536	-60057.237453	-120098.091078	-86849.759442	-112886.457191
-6251.782924	-6368.101402	-5691.357635	-5618.334486	-128623.806372	-111559.054143	-118664.919575	-133907.669354
-2145.812171	-5470.812973	-5096.309495	-5449.064726	-59980.906246	-119923.970988	-87670.560201	-112433.275572
-2797.454929	-4637.785809	-5721.197214	-5631.119684	-128631.942407	-111571.816989	-118674.195549	-133916.587700
-1304.671324	-5453.892702	-4917.294373	-5428.165844	-59949.189120	-119906.424869	-87802.994287	-112378.290281
-6146.282690	-6286.338721	-5699.739540	-5620.010867	-128625.549808	-111560.886986	-118666.707714	-133909.457494
-5845.294099	-5618.714466	-5825.356343	-5650.319833	-60077.465782	-120111.099793	-86765.538068	-112924.343398
-4499.406159	-5463.280435	-5709.037865	-5628.817454	-128631.249503	-111569.090077	-118672.832092	-133915.358354
1475.818631	-5375.102803	-4391.536640	-5317.122378	-59905.111480	-119802.802182	-88304.858006	-112104.973150
-4157.893855	-5228.944746	-5719.587889	-5629.063324	-128631.674186	-111569.850036	-118673.636755	-133915.939500
-5445.734316	-5603.582335	-5749.360412	-5632.304327	-60053.258843	-120095.118296	-86863.751634	-112879.215226
-6269.083174	-6378.383205	-5694.464528	-5620.279088	-128625.393346	-111560.529358	-118666.528900	-133909.189273
-2247.177332	-5479.798374	-5115.152015	-5459.413583	-59986.225961	-119933.112852	-87649.437803	-112451.335782
-2819.605508	-4649.207550	-5727.388647	-5636.707620	-128637.150364	-111576.913187	-118679.448209	-133921.706250
-1166.738709	-5455.546731	-4886.784242	-5428.322307	-59949.725562	-119906.402517	-87826.977709	-112371.830627
-1304.671324	-5453.892702	-4917.294373	-5428.165844	-59949.189120	-119906.424869	-87802.994287	-112378.290281
-6146.282690	-6286.338721	-5699.739540	-5620.010867	-128625.549808	-111560.886986	-118666.707714	-133909.457494
-5845.294099	-5618.714466	-5825.356343	-5650.319833	-60077.465782	-120111.099793	-86765.538068	-112924.343398
-4499.406159	-5463.280435	-5709.037865	-5628.817454	-128631.249503	-111569.090077	-118672.832092	-133915.358354
1475.818631	-5375.102803	-4391.536640	-5317.122378	-59905.111480	-119802.802182	-88304.858006	-112104.973150
-4157.893855	-5228.944746	-5719.587889	-5629.063324	-128631.674186	-111569.850036	-118673.636755	-133915.939500
-5445.734316	-5603.582335	-5749.360412	-5632.304327	-60053.258843	-120095.118296	-86863.751634	-112879.215226
-6269.083174	-6378.383205	-5694.464528	-5620.279088	-128625.393346	-111560.529358	-118666.528900	-133909.189273
-2247.177332	-5479.798374	-5115.152015	-5459.413583	-59986.225961	-119933.112852	-87649.437803	-112451.335782
-2819.605508	-4649.207550	-5727.388647	-5636.707620	-128637.150364	-111576.913187	-118679.448209	-133921.706250
-1166.738709	-5455.546731	-4886.784242	-5428.322307	-59949.725562	-119906.402517	-87826.977709	-112371.830627
-6130.189434	-6276.705119	-5706.109787	-5625.174120	-128630.221323	-111565.513797	-118671.446284	-133914.084305
-5874.329016	-5625.867024	-5832.955937	-5657.830019	-60081.019709	-120118.095889	-86754.742176	-112936.547451
-4571.445831	-5499.177337	-5714.268173	-5633.623079	-128635.764555	-111573.359260	-118677.369497	-133919.694593
1479.841945	-5381.160126	-4385.658131	-5323.000887	-59909.559478	-119808.032490	-88305.081523	-112111.946894
-4111.759855	-5207.732941	-5724.415865	-5633.444266	-128635.473983	-111573.538074	-118677.369497	-133919.627538
-5380.288408	-5604.901088	-5739.704459	-5632.349030	-60053.169436	-120094.738316	-86881.074236	-112874.297842
-6286.629294	-6389.603780	-5697.124385	-5622.424856	-128627.092079	-111562.116332	-118668.272337	-133910.642136
-2355.985624	-5483.642874	-5136.542635	-5464.241560	-59987.343548	-119936.867945	-87623.129800	-112463.808055
-2835.631709	-4652.694422	-5724.952307	-5634.539501	-128634.401099	-111574.029812	-118676.698944	-133918.755820
-1037.903254	-5447.567159	-4856.609387	-5418.688705	-59941.634231	-119896.344232	-87842.735689	-112354.776246
-6100.215745	-6253.213436	-5699.538374	-5618.155672	-128622.599378	-111557.824797	-118663.936098	-133906.238843
-5897.507775	-5619.519129	-5830.609003	-5651.996213	-60072.838971	-120111.390366	-86733.418612	-112933.977000
-4627.079323	-5519.316258	-5705.752159	-5625.732914	-128627.226189	-111564.686783	-118668.875834	-133910.977413
1455.590302	-5374.633416	-4389.413224	-5316.474177	-59902.473975	-119800.768173	-88293.145692	-112105.554295
1479.841945	-5381.160126	-4385.658131	-5323.000887	-59909.559478	-119808.032490	-88305.081523	-112111.946894
-4111.759855	-5207.732941	-5724.415865	-5633.444266	-128635.473983	-111573.538074	-118677.369497	-133919.627538
-5380.288408	-5604.901088	-5739.704459	-5632.349030	-60053.169436	-120094.738316	-86881.074236	-112874.297842
-6286.629294	-6389.603780	-5697.124385	-5622.424856	-128627.092079	-111562.116332	-118668.272337	-133910.642136
-2355.985624	-5483.642874	-5136.542635	-5464.241560	-59987.343548	-119936.867945	-87623.129800	-112463.808055
-2835.631709	-4652.694422	-5724.952307	-5634.539501	-128634.401099	-111574.029812	-118676.698944	-133918.755820
-1037.903254	-5447.567159	-4856.609387	-5418.688705	-59941.634231	-119896.344232	-87842.735689	-112354.776246
-6100.215745	-6253.213436	-5699.538374	-5618.155672	-128622.599378	-111557.824797	-118663.936098	-133906.238843
-5897.507775	-5619.519129	-5830.609003	-5651.996213	-60072.838971	-120111.390366	-86733.418612	-112933.977000
-4627.079323	-5519.316258	-5705.752159	-5625.732914	-128627.226189	-111564.686783	-118668.875834	-133910.977413
1455.590302	-5374.633416	-4389.413224	-5316.474177	-59902.473975	-119800.768173	-88293.145692	-112105.554295
-4050.828999	-5173.490068	-5719.811406	-5629.242138	-128630.623654	-111568.777152	-118672.630927	-133914.620747
-5316.854157	-5598.977876	-5726.740447	-5625.487045	-60047.559148	-120087.496351	-86894.127654	-112861.333831
-6301.448500	-6397.829222	-5695.425653	-5621.553137	-128625.661567	-111560.574062	-118666.886528	-133909.099866
-2488.687931	-5488.783775	-5170.271417	-5470.991787	-59990.964531	-119942.545288	-87597.492349	-112477.800247
-2855.189485	-4661.836286	-5727.656868	-5638.451056	-128637.642102	-111577.270815	-118680.029354	-133921.885064
-928.267947	-5450.115258	-4844.025355	-5419.985106	-59945.255213	-119897.394764	-87870.407149	-112348.137778
-6084.100137	-6245.725601	-5707.115615	-5626.828149	-128630.467192	-111565.849074	-118671.893319	-133914.061953
-5942.837112	-5629.823283	-5846.746963	-5663.015623	-60082.249055	-120121.538058	-86729.887036	-112948.058599
-4703.946972	-5560.734041	-5712.234165	-5633.913652	-128634.646968	-111572.062859	-118676.386020	-133918.331137
1410.618593	-5383.819983	-4412.659039	-5325.973669	-59911.504079	-119809.373594	-88295.470273	-112115.813746
-4011.132301	-5158.179123	-5726.986316	-5637.288766	-128637.820916	-111576.086173	-118679.917595	-133921.840360
-5265.847476	-5603.112948	-5723.678258	-5628.817454	-60052.275366	-120090.379726	-86917.552283	-112858.361049
-6323.777893	-6414.324810	-5700.186574	-5627.588108	-128631.003634	-111565.893777	-118672.139188	-133914.464285
-2622.664287	-5496.763348	-5202.457929	-5480.491278	-59997.759461	-119950.860137	-87575.967619	-112494.362890
-2488.687931	-5488.783775	-5170.271417	-5470.991787	-59990.964531	-119942.545288	-87597.492349	-112477.800247
-2855.189485	-4661.836286	-5727.656868	-5638.451056	-128637.642102	-111577.270815	-118680.029354	-133921.885064
-928.267947	-5450.115258	-4844.025355	-5419.985106	-59945.255213	-119897.394764	-87870.407149	-112348.137778
-6084.100137	-6245.725601	-5707.115615	-5626.828149	-128630.467192	-111565.849074	-118671.893319	-133914.061953
-5942.837112	-5629.823283	-5846.746963	-5663.015623	-60082.249055	-120121.538058	-86729.887036	-112948.058599
-4703.946972	-5560.734041	-5712.234165	-5633.913652	-128634.646968	-111572.062859	-118676.386020	-133918.331137
1410.618593	-5383.819983	-4412.659039	-5325.973669	-59911.504079	-119809.373594	-88295.470273	-112115.813746
-4011.132301	-5158.179123	-5726.986316	-5637.288766	-128637.820916	-111576.086173	-118679.917595	-133921.840360
-5265.847476	-5603.112948	-5723.678258	-5628.817454	-60052.275366	-120090.379726	-86917.552283	-112858.361049
-6323.777893	-6414.324810	-5700.186574	-5627.588108	-128631.003634	-111565.893777	-118672.139188	-133914.464285
-2622.664287	-5496.763348	-5202.457929	-5480.491278	-59997.759461	-119950.860137	-87575.967619	-112494.362890
-2887.420700	-4677.415452	-5727.388647	-5639.211016	-128637.731509	-111577.181408	-118680.074058	-133921.728602
-816.531577	-5445.913130	-4823.752323	-5414.643039	-59941.813045	-119891.248034	-87888.914393	-112335.017304
-6062.307186	-6231.599299	-5707.741464	-5628.035143	-128631.003634	-111566.296109	-118672.429761	-133914.441933
-5979.717491	-5635.746495	-5857.364041	-5669.676443	-60087.389956	-120127.103642	-86721.058097	-112957.245166
-4772.656235	-5594.172251	-5714.402284	-5637.042896	-128637.329178	-111574.588606	-118679.023526	-133920.812180
1368.239685	-5386.613952	-4425.779513	-5329.013506	-59914.007475	-119811.407603	-88290.664648	-112119.144156
-3955.655271	-5129.345373	-5727.142778	-5638.048725	-128637.776212	-111575.952062	-118679.939947	-133921.572139
-5202.033246	-5599.894297	-5712.547089	-5624.637678	-60049.704915	-120085.328231	-86933.086745	-112846.760493
-6336.093704	-6421.969106	-5699.158394	-5627.543405	-128630.131916	-111564.709135	-118671.356877	-133913.234939
-2748.839885	-5501.434863	-5234.331517	-5486.638008	-60001.089871	-119955.531651	-87549.391395	-112506.477536
-2900.340009	-4681.930504	-5729.735581	-5642.630833	-128640.346663	-111579.617748	-118682.778619	-133924.164942
-714.249994	-5447.231882	-4813.604631	-5414.464225	-59944.182330	-119890.599834	-87912.383725	-112326.009551
-6038.435523	-6217.383589	-5711.563612	-5632.393734	-128634.557561	-111569.805332	-118676.117799	-133917.817046
-6010.652305	-5638.540463	-5865.522428	-5672.671577	-60089.245151	-120129.048244	-86710.105742	-112960.776742
-5979.717491	-5635.746495	-5857.364041	-5669.676443	-60087.389956	-120127.103642	-86721.058097	-112957.245166
-4772.656235	-5594.172251	-5714.402284	-5637.042896	-128637.329178	-111574.588606	-118679.023526	-133920.812180
1368.239685	-5386.613952	-4425.779513	-5329.013506	-59914.007475	-119811.407603	-88290.664648	-112119.144156
-3955.655271	-5129.345373	-5727.142778	-5638.048725	-128637.776212	-111575.952062	-118679.939947	-133921.572139
-5202.033246	-5599.894297	-5712.547089	-5624.637678	-60049.704915	-120085.328231	-86933.086745	-112846.760493
-6336.093704	-6421.969106	-5699.158394	-5627.543405	-128630.131916	-111564.709135	-118671.356877	-133913.234939
-2748.839885	-5501.434863	-5234.331517	-5486.638008	-60001.089871	-119955.531651	-87549.391395	-112506.477536
-2900.340009	-4681.930504	-5729.735581	-5642.630833	-128640.346663	-111579.617748	-118682.778619	-133924.164942
-714.249994	-5447.231882	-4813.604631	-5414.464225	-59944.182330	-119890.599834	-87912.383725	-112326.009551
-6038.435523	-6217.383589	-5711.563612	-5632.393734	-128634.557561	-111569.805332	-118676.117799	-133917.817046
-6010.652305	-5638.540463	-5865.522428	-5672.671577	-60089.245151	-120129.048244	-86710.105742	-112960.776742
-4826.032201	-5617.932155	-5713.530566	-5637.199359	-128636.837439	-111573.918053	-118678.576491	-133920.007517
1318.328240	-5387.910353	-4447.103077	-5330.153445	-59914.834489	-119811.429955	-88282.193337	-112119.367673
-3895.104396	-5098.052931	-5728.953270	-5640.350955	-128639.318483	-111577.494332	-118681.459866	-133922.868541
-5143.382268	-5598.910820	-5704.723979	-5622.134283	-60049.012011	-120082.266043	-86950.789327	-112835.785787
-6346.554321	-6428.540519	-5700.141871	-5628.839806	-128630.914227	-111565.491446	-118672.206244	-133913.793732
-2870.701596	-5504.877031	-5262.606473	-5491.063653	-60003.012121	-119958.817358	-87522.524598	-112515.977027
-2902.418721	-4675.895533	-5727.165130	-5640.641527	-128637.753861	-111576.980242	-118680.185816	-133921.415677
-603.362990	-5441.643946	-4795.052683	-5407.043446	-59939.019077	-119882.732020	-87928.633443	-112309.581019
-6006.204308	-6195.612990	-5709.775473	-5630.538539	-128632.121221	-111567.301937	-118673.636755	-133915.201892
-6031.819407	-5639.076905	-5868.629321	-5673.543295	-60088.306378	-120128.847078	-86698.818111	-112962.229605
-4884.839640	-5644.418972	-5713.821139	-5637.959318	-128636.971550	-111573.962757	-118678.777656	-133920.119276
1286.007617	-5388.223277	-4446.723097	-5330.488721	-59914.230992	-119810.848810	-88273.207935	-112119.926467
-3836.408715	-5064.547666	-5725.108770	-5636.662917	-128634.758727	-111572.889873	-118677.101276	-133918.241730
-5061.776049	-5591.557096	-5685.479127	-5613.461806	-60041.300659	-120073.012420	-86964.043911	-112819.401958
-5143.382268	-5598.910820	-5704.723979	-5622.134283	-60049.012011	-120082.266043	-86950.789327	-112835.785787
-6346.554321	-6428.540519	-5700.141871	-5628.839806	-128630.914227	-111565.491446	-118672.206244	-133913.793732
-2870.701596	-5504.877031	-5262.606473	-5491.063653	-60003.012121	-119958.817358	-87522.524598	-112515.977027
-2902.418721	-4675.895533	-5727.165130	-5640.641527	-128637.753861	-111576.980242	-118680.185816	-133921.415677
-603.362990	-5441.643946	-4795.052683	-5407.043446	-59939.019077	-119882.732020	-87928.633443	-112309.581019
-6006.204308	-6195.612990	-5709.775473	-5630.538539	-128632.121221	-111567.301937	-118673.636755	-133915.201892
-6031.819407	-5639.076905	-5868.629321	-5673.543295	-60088.306378	-120128.847078	-86698.818111	-112962.229605
-4884.839640	-5644.418972	-5713.821139	-5637.959318	-128636.971550	-111573.962757	-118678.777656	-133920.119276
1286.007617	-5388.223277	-4446.723097	-5330.488721	-59914.230992	-119810.848810	-88273.207935	-112119.926467
-3836.408715	-5064.547666	-5725.108770	-5636.662917	-128634.758727	-111572.889873	-118677.101276	-133918.241730
-5061.776049	-5591.557096	-5685.479127	-5613.461806	-60041.300659	-120073.012420	-86964.043911	-112819.401958
-6353.505713	-6431.245080	-5696.163260	-5625.017658	-128626.510933	-111560.954042	-118667.847653	-133909.345735
-2975.777146	-5507.425130	-5279.772613	-5494.684636	-60002.967418	-119960.940774	-87494.383752	-112525.878850
-2927.698544	-4686.043225	-5727.790979	-5641.580301	-128638.200896	-111577.248463	-118680.632851	-133921.572139
-476.874468	-5439.900510	-4765.078993	-5403.802443	-59936.985068	-119878.731057	-87948.615902	-112298.382795
-5976.387081	-6175.764641	-5708.367313	-5629.018620	-128629.863695	-111565.066763	-118671.356877	-133912.720849
-6046.280986	-5636.618213	-5867.064699	-5671.375176	-60083.411346	-120125.583723	-86683.820091	-112961.581404
-4943.647080	-5670.905789	-5709.306086	-5633.623079	-128632.210628	-111568.933614	-118673.882624	-133915.067782
1249.238998	-5387.910353	-4446.432524	-5330.354611	-59912.264039	-119809.574760	-88261.920305	-112120.597019
-3790.900563	-5043.268805	-5728.036848	-5639.367478	-128637.060957	-111575.169751	-118679.269395	-133920.320442
-4987.009464	-5594.060492	-5675.376138	-5614.735855	-60042.686467	-120073.682973	-86985.926269	-112813.456394
-6367.676719	-6441.884511	-5700.946534	-5629.309193	-128630.400137	-111564.642079	-118671.669802	-133912.944366
-3088.876973	-5514.532985	-5301.833785	-5503.290058	-60007.080139	-119968.383905	-87469.439205	-112541.256850
-2940.394335	-4687.652551	-5729.243842	-5643.211978	-128639.318483	-111578.276644	-118681.705735	-133922.533264
-354.766888	-5436.883025	-4734.099476	-5399.309742	-59933.207623	-119873.836025	-87965.826746	-112286.223446
-476.874468	-5439.900510	-4765.078993	-5403.802443	-59936.985068	-119878.731057	-87948.615902	-112298.382795
-5976.387081	-6175.764641	-5708.367313	-5629.018620	-128629.863695	-111565.066763	-118671.356877	-133912.720849
-6046.280986	-5636.618213	-5867.064699	-5671.375176	-60083.411346	-120125.583723	-86683.820091	-112961.581404
-4943.647080	-5670.905789	-5709.306086	-5633.623079	-128632.210628	-111568.933614	-118673.882624	-133915.067782
1249.238998	-5387.910353	-4446.432524	-5330.354611	-59912.264039	-119809.574760	-88261.920305	-112120.597019
-3790.900563	-5043.268805	-5728.036848	-5639.367478	-128637.060957	-111575.169751	-118679.269395	-133920.320442
-4987.009464	-5594.060492	-5675.376138	-5614.735855	-60042.686467	-120073.682973	-86985.926269	-112813.456394
-6367.676719	-6441.884511	-5700.946534	-5629.309193	-128630.400137	-111564.642079	-118671.669802	-133912.944366
-3088.876973	-5514.532985	-5301.833785	-5503.290058	-60007.080139	-119968.383905	-87469.439205	-112541.256850
-2940.394335	-4687.652551	-5729.243842	-5643.211978	-128639.318483	-111578.276644	-118681.705735	-133922.533264
-354.766888	-5436.883025	-4734.099476	-5399.309742	-59933.207623	-119873.836025	-87965.826746	-112286.223446
-5946.033412	-6157.682080	-5712.412979	-5632.214920	-128632.612959	-111567.726620	-118674.150845	-133915.268948
-6068.185695	-5643.636661	-5874.463126	-5678.460679	-60086.965273	-120132.110433	-86677.271030	-112970.633861
-5002.700389	-5700.566554	-5713.798787	-5638.138132	-128636.256294	-111572.778114	-118678.040049	-133918.956985
1208.245898	-5391.263114	-4444.957309	-5333.640317	-59913.091053	-119812.145211	-88252.800793	-112125.380293
-3728.583900	-5011.842252	-5728.528586	-5639.613347	-128636.546866	-111574.566254	-118678.777656	-133919.605186
-4898.653018	-5590.014826	-5655.930120	-5609.259678	-60036.070351	-120067.826816	-87000.589013	-112801.051176
-6375.656292	-6447.248929	-5703.628743	-5631.454960	-128631.741241	-111565.916129	-118672.988555	-133914.129009
-3194.958352	-5521.327915	-5319.402256	-5511.046113	-60008.823575	-119975.067076	-87442.617112	-112556.567795
-2968.177553	-4703.075254	-5731.702534	-5645.961242	-128641.173678	-111580.131838	-118683.538578	-133924.209645
-233.732192	-5437.441818	-4701.600039	-5398.393321	-59931.352428	-119872.517273	-87984.333990	-112278.936777
-5915.880908	-6139.778333	-5716.011610	-5635.075943	-128634.669320	-111569.760629	-118676.117799	-133917.213549
-6078.288684	-5645.357745	-5873.367891	-5680.472336	-60083.858381	-120133.362130	-86666.050454	-112975.126562
-5063.251264	-5729.690877	-5714.357580	-5638.607519	-128636.032776	-111572.532245	-118677.682421	-133918.644061
1172.058424	-5394.526469	-4434.451989	-5337.328355	-59912.800480	-119814.782717	-88242.049604	-112131.482319
1208.245898	-5391.263114	-4444.957309	-5333.640317	-59913.091053	-119812.145211	-88252.800793	-112125.380293
-3728.583900	-5011.842252	-5728.528586	-5639.613347	-128636.546866	-111574.566254	-118678.777656	-133919.605186
-4898.653018	-5590.014826	-5655.930120	-5609.259678	-60036.070351	-120067.826816	-87000.589013	-112801.051176
-6375.656292	-6447.248929	-5703.628743	-5631.454960	-128631.741241	-111565.916129	-118672.988555	-133914.129009
-3194.958352	-5521.327915	-5319.402256	-5511.046113	-60008.823575	-119975.067076	-87442.617112	-112556.567795
-2968.177553	-4703.075254	-5731.702534	-5645.961242	-128641.173678	-111580.131838	-118683.538578	-133924.209645
-233.732192	-5437.441818	-4701.600039	-5398.393321	-59931.352428	-119872.517273	-87984.333990	-112278.936777
-5915.880908	-6139.778333	-5716.011610	-5635.075943	-128634.669320	-111569.760629	-118676.117799	-133917.213549
-6078.288684	-5645.357745	-5873.367891	-5680.472336	-60083.858381	-120133.362130	-86666.050454	-112975.126562
-5063.251264	-5729.690877	-5714.357580	-5638.607519	-128636.032776	-111572.532245	-118677.682421	-133918.644061
1172.058424	-5394.526469	-4434.451989	-5337.328355	-59912.800480	-119814.782717	-88242.049604	-112131.482319
-3685.713254	-4991.792737	-5730.070857	-5641.133266	-128637.418585	-111575.326213	-118679.559967	-133920.320442
-4806.966163	-5585.700939	-5635.187702	-5603.828204	-60029.409531	-120061.903603	-87015.967013	-112789.294158
-6380.886600	-6449.484104	-5701.818252	-5629.152731	-128628.947273	-111563.010402	-118670.194587	-133911.312689
-3299.944496	-5524.188939	-5337.037782	-5515.538814	-60007.638932	-119978.375134	-87413.291623	-112568.905958
-3007.516623	-4721.448388	-5731.300203	-5645.804780	-128640.614884	-111579.349527	-118682.845674	-133923.583796
-116.072609	-5432.815007	-4672.587475	-5392.671274	-59926.166824	-119866.415246	-87999.823749	-112266.531559
-5880.319283	-6115.660800	-5713.083531	-5631.879643	-128630.958930	-111565.916129	-118672.385057	-133913.279642
-6088.905762	-5644.508379	-5872.674986	-5680.137060	-60080.282102	-120132.043377	-86654.986340	-112976.288852
-5124.740913	-5759.753973	-5714.402284	-5638.898091	-128635.943369	-111572.152266	-118677.615366	-133918.286433
1111.038162	-5397.566306	-4451.260501	-5340.971689	-59914.476861	-119817.330815	-88231.678394	-112137.226717
-3646.865922	-4975.386557	-5733.267156	-5644.418972	-128640.078442	-111577.941367	-118682.331584	-133922.913244
-4729.740885	-5586.684416	-5624.302402	-5603.671742	-60030.281249	-120061.367161	-87038.609330	-112781.269882
-6389.715539	-6456.122572	-5705.998028	-5633.041934	-128632.411794	-111566.184350	-118673.547348	-133914.598395
-3416.866471	-5531.050924	-5368.620797	-5523.697200	-60012.153985	-119985.550044	-87388.436483	-112583.635757
-3299.944496	-5524.188939	-5337.037782	-5515.538814	-60007.638932	-119978.375134	-87413.291623	-112568.905958
-3007.516623	-4721.448388	-5731.300203	-5645.804780	-128640.614884	-111579.349527	-118682.845674	-133923.583796
-116.072609	-5432.815007	-4672.587475	-5392.671274	-59926.166824	-119866.415246	-87999.823749	-112266.531559
-5880.319283	-6115.660800	-5713.083531	-5631.879643	-128630.958930	-111565.916129	-118672.385057	-133913.279642
-6088.905762	-5644.508379	-5872.674986	-5680.137060	-60080.282102	-120132.043377	-86654.986340	-112976.288852
-5124.740913	-5759.753973	-5714.402284	-5638.898091	-128635.943369	-111572.152266	-118677.615366	-133918.286433
1111.038162	-5397.566306	-4451.260501	-5340.971689	-59914.476861	-119817.330815	-88231.678394	-112137.226717
-3646.865922	-4975.386557	-5733.267156	-5644.418972	-128640.078442	-111577.941367	-118682.331584	-133922.913244
-4729.740885	-5586.684416	-5624.302402	-5603.671742	-60030.281249	-120061.367161	-87038.609330	-112781.269882
-6389.715539	-6456.122572	-5705.998028	-5633.041934	-128632.411794	-111566.184350	-118673.547348	-133914.598395
-3416.866471	-5531.050924	-5368.620797	-5523.697200	-60012.153985	-119985.550044	-87388.436483	-112583.635757
-3040.373688	-4738.949804	-5733.557729	-5648.442286	-128642.783003	-111581.271777	-118685.036145	-133925.573102
-24.139884	-5434.804313	-4670.419356	-5393.274771	-59928.670219	-119866.594060	-88020.700278	-112259.736629
-5850.770277	-6099.500489	-5720.191386	-5638.674574	-128637.060957	-111571.995803	-118678.442380	-133919.225206
-6104.127300	-5649.090487	-5878.933475	-5684.897981	-60083.277235	-120136.178450	-86650.873619	-112981.183884
-5179.949722	-5786.553715	-5717.620935	-5641.960280	-128638.513820	-111574.476847	-118680.096409	-133920.722773
1044.273501	-5402.371931	-4480.429528	-5346.112591	-59918.813100	-119821.711757	-88222.290662	-112143.999296
-3604.218793	-4955.717022	-5737.290470	-5648.486990	-128643.498259	-111581.182370	-118685.639642	-133926.109544
-4653.990824	-5587.422024	-5615.182890	-5603.001190	-60031.689409	-120060.338981	-87062.548049	-112772.373888
-6397.203374	-6461.576398	-5710.937764	-5637.467580	-128636.278646	-111569.894739	-118677.436552	-133918.107619
-3522.880795	-5538.672869	-5395.778167	-5532.794360	-60018.278363	-119993.395507	-87366.397663	-112598.723185
-3066.458174	-4748.359889	-5736.955194	-5652.130324	-128645.845192	-111584.155152	-118688.075982	-133928.322366
73.738405	-5432.099751	-4656.449515	-5389.318513	-59927.999667	-119862.235470	-88039.051061	-112248.672515
-5814.985134	-6076.768765	-5720.034924	-5638.406353	-128636.122183	-111570.788809	-118677.481255	-133917.995860
-6114.029123	-5650.118667	-5881.392167	-5686.037920	-60084.171305	-120136.558430	-86645.755070	-112982.524989
-24.139884	-5434.804313	-4670.419356	-5393.274771	-59928.670219	-119866.594060	-88020.700278	-112259.736629
-5850.770277	-6099.500489	-5720.191386	-5638.674574	-128637.060957	-111571.995803	-118678.442380	-133919.225206
-6104.127300	-5649.090487	-5878.933475	-5684.897981	-60083.277235	-120136.178450	-86650.873619	-112981.183884
-5179.949722	-5786.553715	-5717.620935	-5641.960280	-128638.513820	-111574.476847	-118680.096409	-133920.722773
1044.273501	-5402.371931	-4480.429528	-5346.112591	-59918.813100	-119821.711757	-88222.290662	-112143.999296
-3604.218793	-4955.717022	-5737.290470	-5648.486990	-128643.498259	-111581.182370	-118685.639642	-133926.109544
-4653.990824	-5587.422024	-5615.182890	-5603.001190	-60031.689409	-120060.338981	-87062.548049	-112772.373888
-6397.203374	-6461.576398	-5710.937764	-5637.467580	-128636.278646	-111569.894739	-118677.436552	-133918.107619
-3522.880795	-5538.672869	-5395.778167	-5532.794360	-60018.278363	-119993.395507	-87366.397663	-112598.723185
-3066.458174	-4748.359889	-5736.955194	-5652.130324	-128645.845192	-111584.155152	-118688.075982	-133928.322366
73.738405	-5432.099751	-4656.449515	-5389.318513	-59927.999667	-119862.235470	-88039.051061	-112248.672515
-5814.985134	-6076.768765	-5720.034924	-5638.406353	-128636.122183	-111570.788809	-118677.481255	-133917.995860
-6114.029123	-5650.118667	-5881.392167	-5686.037920	-60084.171305	-120136.558430	-86645.755070	-112982.524989
-5231.314031	-5810.514785	-5716.704514	-5641.222673	-128637.262122	-111572.956928	-118678.710601	-133919.113448
980.861602	-5402.751911	-4496.567487	-5346.894902	-59920.377722	-119821.510592	-88212.545301	-112146.189767
-3558.285959	-4931.867711	-5737.625746	-5649.246949	-128643.565314	-111581.271777	-118685.751401	-133925.997785
-4571.088203	-5585.611532	-5601.883602	-5600.095463	-60031.957630	-120056.829757	-87085.659753	-112761.354478
-6404.870022	-6467.589017	-5713.597621	-5640.418010	-128638.469117	-111572.062859	-118679.694078	-133920.275738
-3638.014631	-5546.116000	-5425.438932	-5541.690355	-60025.632086	-120001.039803	-87346.012872	-112614.145889
-3099.695218	-4765.034290	-5740.240901	-5656.175990	-128649.041492	-111587.351452	-118691.316985	-133931.518666
165.872296	-5435.027830	-4652.225036	-5391.352521	-59933.386437	-119863.442464	-88063.772090	-112243.486910
-5786.106680	-6062.553056	-5727.008668	-5645.693021	-128642.581837	-111577.337870	-118684.007965	-133924.455514
-6132.558719	-5656.623025	-5890.936362	-5693.235182	-60091.212105	-120142.615753	-86646.045643	-112990.281044
-5297.072863	-5845.785838	-5719.766703	-5645.201283	-128640.547829	-111576.153228	-118682.197473	-133922.399154
890.113519	-5408.697475	-4537.359421	-5353.846294	-59927.127949	-119827.120880	-88204.565728	-112155.666906
980.861602	-5402.751911	-4496.567487	-5346.894902	-59920.377722	-119821.510592	-88212.545301	-112146.189767
-3558.285959	-4931.867711	-5737.625746	-5649.246949	-128643.565314	-111581.271777	-118685.751401	-133925.997785
-4571.088203	-5585.611532	-5601.883602	-5600.095463	-60031.957630	-120056.829757	-87085.659753	-112761.354478
-6404.870022	-6467.589017	-5713.597621	-5640.418010	-128638.469117	-111572.062859	-118679.694078	-133920.275738
-3638.014631	-5546.116000	-5425.438932	-5541.690355	-60025.632086	-120001.039803	-87346.012872	-112614.145889
-3099.695218	-4765.034290	-5740.240901	-5656.175990	-128649.041492	-111587.351452	-118691.316985	-133931.518666
165.872296	-5435.027830	-4652.225036	-5391.352521	-59933.386437	-119863.442464	-88063.772090	-112243.486910
-5786.106680	-6062.553056	-5727.008668	-5645.693021	-128642.581837	-111577.337870	-118684.007965	-133924.455514
-6132.558719	-5656.623025	-5890.936362	-5693.235182	-60091.212105	-120142.615753	-86646.045643	-112990.281044
-5297.072863	-5845.785838	-5719.766703	-5645.201283	-128640.547829	-111576.153228	-118682.197473	-133922.399154
890.113519	-5408.697475	-4537.359421	-5353.846294	-59927.127949	-119827.120880	-88204.565728	-112155.666906
-3526.926461	-4921.652963	-5739.190369	-5651.504475	-128645.018178	-111582.679937	-118687.271319	-133927.271834
-4493.259429	-5581.767032	-5589.411329	-5595.267486	-60030.035380	-120051.398283	-87106.022192	-112748.837501
-6407.708693	-6468.863066	-5710.066046	-5637.735800	-128635.138707	-111568.598338	-118676.341316	-133916.654756
-3756.143600	-5545.154875	-5450.942272	-5542.673831	-60024.246278	-120000.481010	-87314.407505	-112622.214868
-3150.433677	-4790.671741	-5733.490674	-5650.230426	-128642.671244	-111580.712984	-118684.857331	-133924.768439
245.288044	-5427.115312	-4649.699289	-5382.791803	-59927.016190	-119854.099435	-88073.584506	-112228.667704
-5747.907549	-6037.988488	-5721.778360	-5641.066210	-128637.306826	-111571.995803	-118678.800008	-133918.934634
-6140.962975	-5654.700775	-5891.249286	-5692.117595	-60089.714538	-120140.246468	-86638.781326	-112989.141105
-5350.739402	-5872.160896	-5716.056313	-5642.429667	-128637.262122	-111572.554597	-118678.710601	-133918.778171
809.088446	-5405.612934	-4553.005642	-5352.147562	-59923.618725	-119824.036339	-88185.454987	-112156.471569
-3490.113138	-4904.285658	-5734.272985	-5646.877664	-128639.676111	-111577.248463	-118681.973956	-133921.728602
-4407.227565	-5575.888524	-5571.798154	-5588.897239	-60025.766197	-120044.223373	-87124.663547	-112734.130053
-6410.748531	-6470.539447	-5707.562650	-5635.970013	-128632.814125	-111566.161998	-118674.016735	-133914.129009
-3862.604959	-5547.680622	-5471.997615	-5547.278291	-60026.123825	-120003.811419	-87288.859461	-112633.189575
-6407.708693	-6468.863066	-5710.066046	-5637.735800	-128635.138707	-111568.598338	-118676.341316	-133916.654756
-3756.143600	-5545.154875	-5450.942272	-5542.673831	-60024.246278	-120000.481010	-87314.407505	-112622.214868
-3150.433677	-4790.671741	-5733.490674	-5650.230426	-128642.671244	-111580.712984	-118684.857331	-133924.768439
245.288044	-5427.115312	-4649.699289	-5382.791803	-59927.016190	-119854.099435	-88073.584506	-112228.667704
-5747.907549	-6037.988488	-5721.778360	-5641.066210	-128637.306826	-111571.995803	-118678.800008	-133918.934634
-6140.962975	-5654.700775	-5891.249286	-5692.117595	-60089.714538	-120140.246468	-86638.781326	-112989.141105
-5350.739402	-5872.160896	-5716.056313	-5642.429667	-128637.262122	-111572.554597	-118678.710601	-133918.778171
809.088446	-5405.612934	-4553.005642	-5352.147562	-59923.618725	-119824.036339	-88185.454987	-112156.471569
-3490.113138	-4904.285658	-5734.272985	-5646.877664	-128639.676111	-111577.248463	-118681.973956	-133921.728602
-4407.227565	-5575.888524	-5571.798154	-5588.897239	-60025.766197	-120044.223373	-87124.663547	-112734.130053
-6410.748531	-6470.539447	-5707.562650	-5635.970013	-128632.814125	-111566.161998	-118674.016735	-133914.129009
-3862.604959	-5547.680622	-5471.997615	-5547.278291	-60026.123825	-120003.811419	-87288.859461	-112633.189575
-3195.159518	-4812.621154	-5733.468322	-5650.766867	-128642.581837	-111580.623577	-118684.834979	-133924.522570
335.030298	-5426.444760	-4637.629347	-5381.763623	-59927.195004	-119852.445406	-88091.175329	-112221.492794
-5713.575269	-6018.251898	-5722.940650	-5642.474370	-128638.089137	-111572.822818	-118679.716430	-133919.716945
-6147.243815	-5655.036051	-5893.015074	-5693.257534	-60090.295683	-120140.604096	-86637.954311	-112989.856361
-5410.284449	-5903.386283	-5717.687990	-5644.575434	-128638.916151	-111574.230978	-118680.521092	-133920.409849
730.276195	-5413.056065	-4575.670311	-5360.797687	-59930.659524	-119831.814746	-88178.570649	-112168.496808
-3466.241475	-4899.234164	-5740.464418	-5653.069097	-128645.398157	-111582.970510	-118687.807761	-133927.383593
-4318.893471	-5576.201448	-5558.543570	-5588.539611	-60027.040246	-120043.485766	-87152.670282	-112725.770500
-6418.661048	-6477.267322	-5712.010647	-5640.440362	-128636.837439	-111570.073553	-118678.062401	-133918.085267
-3972.687301	-5556.710727	-5498.551488	-5558.320052	-60033.678714	-120013.646187	-87270.843955	-112651.070970
-3241.941719	-4839.487951	-5736.910491	-5654.365498	-128645.800489	-111583.663414	-118688.098334	-133927.696517
420.458665	-5425.036600	-4625.782922	-5379.997835	-59926.189175	-119850.165528	-88107.894433	-112213.915552
-5677.767775	-5998.202383	-5724.147645	-5643.614309	-128638.714986	-111573.426315	-118680.319927	-133920.141628
335.030298	-5426.444760	-4637.629347	-5381.763623	-59927.195004	-119852.445406	-88091.175329	-112221.492794
-5713.575269	-6018.251898	-5722.940650	-5642.474370	-128638.089137	-111572.822818	-118679.716430	-133919.716945
-6147.243815	-5655.036051	-5893.015074	-5693.257534	-60090.295683	-120140.604096	-86637.954311	-112989.856361
-5410.284449	-5903.386283	-5717.687990	-5644.575434	-128638.916151	-111574.230978	-118680.521092	-133920.409849
730.276195	-5413.056065	-4575.670311	-5360.797687	-59930.659524	-119831.814746	-88178.570649	-112168.496808
-3466.241475	-4899.234164	-5740.464418	-5653.069097	-128645.398157	-111582.970510	-118687.807761	-133927.383593
-4318.893471	-5576.201448	-5558.543570	-5588.539611	-60027.040246	-120043.485766	-87152.670282	-112725.770500
-6418.661048	-6477.267322	-5712.010647	-5640.440362	-128636.837439	-111570.073553	-118678.062401	-133918.085267
-3972.687301	-5556.710727	-5498.551488	-5558.320052	-60033.678714	-120013.646187	-87270.843955	-112651.070970
-3241.941719	-4839.487951	-5736.910491	-5654.365498	-128645.800489	-111583.663414	-118688.098334	-133927.696517
420.458665	-5425.036600	-4625.782922	-5379.997835	-59926.189175	-119850.165528	-88107.894433	-112213.915552
-5677.767775	-5998.202383	-5724.147645	-5643.614309	-128638.714986	-111573.426315	-118680.319927	-133920.141628
-6153.926987	-5656.421859	-5895.920801	-5695.380949	-60090.809773	-120142.034607	-86637.708442	-112992.091536
-5465.247389	-5931.772999	-5718.112674	-5645.178931	-128639.340835	-111574.298033	-118680.789313	-133920.409849
639.975147	-5413.614859	-4599.541974	-5362.876399	-59929.810158	-119832.753519	-88162.186821	-112174.174151
-3434.971384	-4886.359559	-5737.692802	-5650.006908	-128641.978340	-111579.416583	-118684.209130	-133923.628500
-4230.648784	-5570.054718	-5541.243320	-5581.588218	-60021.027627	-120036.087338	-87170.618733	-112711.510087
-6420.471540	-6478.496668	-5710.133101	-5638.652222	-128634.691672	-111567.659565	-118675.894281	-133915.760686
-4084.133099	-5559.795268	-5522.311392	-5563.304491	-60034.684543	-120017.401280	-87244.111269	-112663.498540
-3290.266191	-4865.684195	-5737.245767	-5654.656071	-128645.711082	-111583.283434	-118688.053630	-133927.338890
493.012427	-5424.254289	-4623.413637	-5378.656730	-59924.982181	-119848.243278	-88121.551349	-112207.902933
-5642.720239	-5979.538677	-5726.762799	-5646.117705	-128640.592532	-111575.192103	-118682.286880	-133921.885064
-6162.845333	-5657.830019	-5900.301743	-5696.967923	-60091.815602	-120142.749863	-86637.306111	-112994.080841
-5521.640840	-5960.942025	-5717.643287	-5645.402449	-128638.916151	-111573.739239	-118680.431685	-133919.962814
539.302890	-5418.085208	-4630.655602	-5367.972597	-59932.693533	-119836.866240	-88148.686367	-112183.740697
639.975147	-5413.614859	-4599.541974	-5362.876399	-59929.810158	-119832.753519	-88162.186821	-112174.174151
-3434.971384	-4886.359559	-5737.692802	-5650.006908	-128641.978340	-111579.416583	-118684.209130	-133923.628500
-4230.648784	-5570.054718	-5541.243320	-5581.588218	-60021.027627	-120036.087338	-87170.618733	-112711.510087
-6420.471540	-6478.496668	-5710.133101	-5638.652222	-128634.691672	-111567.659565	-118675.894281	-133915.760686
-4084.133099	-5559.795268	-5522.311392	-5563.304491	-60034.684543	-120017.401280	-87244.111269	-112663.498540
-3290.266191	-4865.684195	-5737.245767	-5654.656071	-128645.711082	-111583.283434	-118688.053630	-133927.338890
493.012427	-5424.254289	-4623.413637	-5378.656730	-59924.982181	-119848.243278	-88121.551349	-112207.902933
-5642.720239	-5979.538677	-5726.762799	-5646.117705	-128640.592532	-111575.192103	-118682.286880	-133921.885064
-6162.845333	-5657.830019	-5900.301743	-5696.967923	-60091.815602	-120142.749863	-86637.306111	-112994.080841
-5521.640840	-5960.942025	-5717.643287	-5645.402449	-128638.916151	-111573.739239	-118680.431685	-133919.962814
539.302890	-5418.085208	-4630.655602	-5367.972597	-59932.693533	-119836.866240	-88148.686367	-112183.740697
-3412.552585	-4879.117594	-5739.972680	-5652.376193	-128643.654721	-111581.003556	-118686.041973	-133925.260177
-4145.063954	-5568.981835	-5528.346363	-5578.995416	-60019.932392	-120033.159260	-87195.160949	-112701.764727
-6426.350048	-6483.279941	-5711.653019	-5640.306251	-128635.742204	-111568.732449	-118677.101276	-133916.699459
-4189.901553	-5565.003224	-5544.126695	-5569.585332	-60037.545566	-120022.609237	-87220.999565	-112677.602491
-3348.738354	-4896.708417	-5736.865787	-5654.499609	-128645.040529	-111582.456420	-118687.383078	-133926.578930
580.072472	-5422.130873	-4609.264983	-5375.192210	-59922.255268	-119844.331723	-88135.498838	-112199.319863
-5604.677570	-5957.589264	-5726.919261	-5645.737725	-128639.653759	-111574.141571	-118681.348107	-133920.812180
-6159.425516	-5659.148772	-5899.117100	-5698.063159	-60090.563904	-120143.196898	-86636.076765	-112995.109021
-5572.580465	-5987.339435	-5718.336191	-5645.894187	-128638.938503	-111573.538074	-118680.476389	-133919.828703
465.966817	-5419.716885	-4631.572024	-5370.364233	-59931.978277	-119838.184993	-88131.699041	-112189.976834
-3383.495317	-4868.411108	-5740.196197	-5652.197379	-128642.805355	-111580.087135	-118685.170255	-133924.209645
-4033.461694	-5564.556189	-5503.312409	-5573.273369	-60014.880897	-120027.101937	-87215.433981	-112688.331328
-6424.114874	-6480.776546	-5711.295391	-5639.211016	-128634.065823	-111566.877254	-118675.447246	-133914.754857
-4272.647711	-5567.819544	-5556.218988	-5573.832163	-60037.389104	-120026.029053	-87195.317411	-112688.621901
-4189.901553	-5565.003224	-5544.126695	-5569.585332	-60037.545566	-120022.609237	-87220.999565	-112677.602491
-3348.738354	-4896.708417	-5736.865787	-5654.499609	-128645.040529	-111582.456420	-118687.383078	-133926.578930
580.072472	-5422.130873	-4609.264983	-5375.192210	-59922.255268	-119844.331723	-88135.498838	-112199.319863
-5604.677570	-5957.589264	-5726.919261	-5645.737725	-128639.653759	-111574.141571	-118681.348107	-133920.812180
-6159.425516	-5659.148772	-5899.117100	-5698.063159	-60090.563904	-120143.196898	-86636.076765	-112995.109021
-5572.580465	-5987.339435	-5718.336191	-5645.894187	-128638.938503	-111573.538074	-118680.476389	-133919.828703
465.966817	-5419.716885	-4631.572024	-5370.364233	-59931.978277	-119838.184993	-88131.699041	-112189.976834
-3383.495317	-4868.411108	-5740.196197	-5652.197379	-128642.805355	-111580.087135	-118685.170255	-133924.209645
-4033.461694	-5564.556189	-5503.312409	-5573.273369	-60014.880897	-120027.101937	-87215.433981	-112688.331328
-6424.114874	-6480.776546	-5711.295391	-5639.211016	-128634.065823	-111566.877254	-118675.447246	-133914.754857
-4272.647711	-5567.819544	-5556.218988	-5573.832163	-60037.389104	-120026.029053	-87195.317411	-112688.621901
-3387.831555	-4914.589812	-5737.066953	-5654.678423	-128644.615846	-111582.076440	-118687.025450	-133926.042488
678.017816	-5418.666353	-4581.749985	-5371.370062	-59918.611934	-119840.129595	-88147.144097	-112190.692090
-5559.705861	-5931.460074	-5727.232185	-5645.313042	-128638.603227	-111573.113391	-118680.319927	-133919.538131
-6150.395411	-5658.388812	-5895.473766	-5697.906697	-60088.105212	-120142.526346	-86635.272102	-112994.460820
-5618.043914	-6010.786415	-5720.325496	-5647.414106	-128639.899628	-111574.387440	-118681.459866	-133920.655718
386.260496	-5424.500158	-4641.831475	-5376.488611	-59935.174577	-119843.638819	-88119.293823	-112200.638616
-3352.605206	-4854.553027	-5742.498427	-5654.365498	-128644.414681	-111581.584702	-118686.824284	-133925.617805
-3928.788475	-5559.907026	-5480.759499	-5567.685433	-60009.963514	-120021.446946	-87237.003414	-112675.300261
-6421.902051	-6478.608427	-5711.876537	-5639.099257	-128633.395271	-111566.072591	-118674.776694	-133913.972546
-4365.698024	-5570.859381	-5573.698053	-5578.436622	-60037.769084	-120029.806498	-87171.333989	-112700.401270
-3433.853797	-4937.142722	-5737.581043	-5655.326623	-128644.772308	-111581.830571	-118686.980747	-133925.774267
746.235340	-5419.269850	-4575.849125	-5371.168896	-59919.327190	-119839.704912	-88163.080891	-112185.841761
-5522.356096	-5912.304629	-5732.618956	-5650.230426	-128642.961817	-111577.404926	-118684.656165	-133923.606148
-6148.875493	-5660.467525	-5897.306609	-5700.052464	-60088.731061	-120144.247430	-86636.255579	-112996.383071
-6150.395411	-5658.388812	-5895.473766	-5697.906697	-60088.105212	-120142.526346	-86635.272102	-112994.460820
-5618.043914	-6010.786415	-5720.325496	-5647.414106	-128639.899628	-111574.387440	-118681.459866	-133920.655718
386.260496	-5424.500158	-4641.831475	-5376.488611	-59935.174577	-119843.638819	-88119.293823	-112200.638616
-3352.605206	-4854.553027	-5742.498427	-5654.365498	-128644.414681	-111581.584702	-118686.824284	-133925.617805
-3928.788475	-5559.907026	-5480.759499	-5567.685433	-60009.963514	-120021.446946	-87237.003414	-112675.300261
-6421.902051	-6478.608427	-5711.876537	-5639.099257	-128633.395271	-111566.072591	-118674.776694	-133913.972546
-4365.698024	-5570.859381	-5573.698053	-5578.436622	-60037.769084	-120029.806498	-87171.333989	-112700.401270
-3433.853797	-4937.142722	-5737.581043	-5655.326623	-128644.772308	-111581.830571	-118686.980747	-133925.774267
746.235340	-5419.269850	-4575.849125	-5371.168896	-59919.327190	-119839.704912	-88163.080891	-112185.841761
-5522.356096	-5912.304629	-5732.618956	-5650.230426	-128642.961817	-111577.404926	-118684.656165	-133923.606148
-6148.875493	-5660.467525	-5897.306609	-5700.052464	-60088.731061	-120144.247430	-86636.255579	-112996.383071
-5663.909693	-6034.680430	-5721.465435	-5648.397583	-128640.413718	-111574.745068	-118681.996308	-133920.946291
284.872983	-5426.198891	-4667.334815	-5379.260228	-59935.711019	-119845.449310	-88102.194739	-112207.634712
-3328.711191	-4846.975785	-5743.593662	-5655.371327	-128644.839364	-111582.031737	-118687.137209	-133925.886026
-3839.560311	-5558.856494	-5466.364976	-5565.651425	-60009.449423	-120019.055309	-87260.316284	-112665.666660
-6423.779598	-6480.508325	-5715.542223	-5642.250853	-128636.077480	-111568.710097	-118677.369497	-133916.453590
-4457.206065	-5576.044986	-5591.870021	-5585.432718	-60041.077142	-120035.752062	-87147.775250	-112713.991131
-3476.232705	-4957.505161	-5739.100962	-5656.958301	-128645.822840	-111582.858751	-118688.165389	-133926.757744
820.644298	-5416.900565	-4559.800572	-5368.509039	-59917.494347	-119836.396853	-88173.809728	-112178.376279
-5476.825592	-5886.443661	-5732.037810	-5649.314004	-128641.263085	-111575.750896	-118683.069191	-133921.952119
-6139.688926	-5659.461696	-5894.736158	-5699.404263	-60087.054680	-120142.861622	-86634.735660	-112994.349062
-5705.461586	-6056.339271	-5722.806540	-5649.470466	-128641.106622	-111575.214455	-118682.711563	-133921.460381
203.467930	-5430.780999	-4681.215248	-5385.138736	-59939.801388	-119850.366694	-88088.046084	-112217.313018
-3299.385703	-4834.525863	-5747.326404	-5658.925254	-128647.812146	-111584.915112	-118690.266453	-133928.679994
-3735.915272	-5559.325881	-5449.131781	-5565.092631	-60010.790528	-120018.138888	-87284.970258	-112656.815369
-3328.711191	-4846.975785	-5743.593662	-5655.371327	-128644.839364	-111582.031737	-118687.137209	-133925.886026
-3839.560311	-5558.856494	-5466.364976	-5565.651425	-60009.449423	-120019.055309	-87260.316284	-112665.666660
-6423.779598	-6480.508325	-5715.542223	-5642.250853	-128636.077480	-111568.710097	-118677.369497	-133916.453590
-4457.206065	-5576.044986	-5591.870021	-5585.432718	-60041.077142	-120035.752062	-87147.775250	-112713.991131
-3476.232705	-4957.505161	-5739.100962	-5656.958301	-128645.822840	-111582.858751	-118688.165389	-133926.757744
820.644298	-5416.900565	-4559.800572	-5368.509039	-59917.494347	-119836.396853	-88173.809728	-112178.376279
-5476.825592	-5886.443661	-5732.037810	-5649.314004	-128641.263085	-111575.750896	-118683.069191	-133921.952119
-6139.688926	-5659.461696	-5894.736158	-5699.404263	-60087.054680	-120142.861622	-86634.735660	-112994.349062
-5705.461586	-6056.339271	-5722.806540	-5649.470466	-128641.106622	-111575.214455	-118682.711563	-133921.460381
203.467930	-5430.780999	-4681.215248	-5385.138736	-59939.801388	-119850.366694	-88088.046084	-112217.313018
-3299.385703	-4834.525863	-5747.326404	-5658.925254	-128647.812146	-111584.915112	-118690.266453	-133928.679994
-3735.915272	-5559.325881	-5449.131781	-5565.092631	-60010.790528	-120018.138888	-87284.970258	-112656.815369
-6424.718371	-6481.715319	-5720.101979	-5646.251815	-128639.519648	-111572.107562	-118680.968127	-133919.694593
-4544.579034	-5582.057605	-5611.807777	-5592.764091	-60045.681601	-120042.167013	-87126.764611	-112726.999846
-3523.283127	-4981.242714	-5741.537302	-5659.573455	-128647.990960	-111584.915112	-118690.445267	-133928.702346
885.062025	-5417.906394	-4560.605235	-5368.620797	-59920.377722	-119836.106281	-88189.143025	-112173.414191
-5434.603147	-5864.270731	-5734.876482	-5651.973862	-128643.565314	-111577.919016	-118685.304366	-133923.852017
-6134.682135	-5661.741574	-5897.150147	-5701.482976	-60089.803945	-120144.292133	-86639.340119	-112994.170248
-5747.013479	-6079.093346	-5724.192348	-5651.146847	-128642.246561	-111576.242635	-118683.873854	-133922.555616
96.134853	-5432.658545	-4719.168510	-5387.642132	-59942.573004	-119851.953668	-88071.952828	-112223.213878
-3270.462545	-4821.584203	-5743.951290	-5656.198341	-128644.437032	-111581.517646	-118686.868988	-133925.260177
-3645.122486	-5551.659233	-5432.993821	-5555.637843	-60006.029607	-120008.505286	-87305.667973	-112638.352828
-6417.856385	-6474.965093	-5715.788092	-5642.340260	-128635.161058	-111567.458399	-118676.341316	-133915.134837
-4642.010288	-5582.571695	-5631.700829	-5594.239306	-60046.620375	-120042.703455	-87101.842416	-112734.130053
-3569.148906	-5003.639162	-5739.346831	-5658.165295	-128646.225172	-111582.881103	-118688.366555	-133926.601282
-4544.579034	-5582.057605	-5611.807777	-5592.764091	-60045.681601	-120042.167013	-87126.764611	-112726.999846
-3523.283127	-4981.242714	-5741.537302	-5659.573455	-128647.990960	-111584.915112	-118690.445267	-133928.702346
885.062025	-5417.906394	-4560.605235	-5368.620797	-59920.377722	-119836.106281	-88189.143025	-112173.414191
-5434.603147	-5864.270731	-5734.876482	-5651.973862	-128643.565314	-111577.919016	-118685.304366	-133923.852017
-6134.682135	-5661.741574	-5897.150147	-5701.482976	-60089.803945	-120144.292133	-86639.340119	-112994.170248
-5747.013479	-6079.093346	-5724.192348	-5651.146847	-128642.246561	-111576.242635	-118683.873854	-133922.555616
96.134853	-5432.658545	-4719.168510	-5387.642132	-59942.573004	-119851.953668	-88071.952828	-112223.213878
-3270.462545	-4821.584203	-5743.951290	-5656.198341	-128644.437032	-111581.517646	-118686.868988	-133925.260177
-3645.122486	-5551.659233	-5432.993821	-5555.637843	-60006.029607	-120008.505286	-87305.667973	-112638.352828
-6417.856385	-6474.965093	-5715.788092	-5642.340260	-128635.161058	-111567.458399	-118676.341316	-133915.134837
-4642.010288	-5582.571695	-5631.700829	-5594.239306	-60046.620375	-120042.703455	-87101.842416	-112734.130053
-3569.148906	-5003.639162	-5739.346831	-5658.165295	-128646.225172	-111582.881103	-118688.366555	-133926.601282
930.592529	-5415.984144	-4575.826773	-5365.804477	-59920.891812	-119832.909981	-88200.430656	-112165.680488
-5391.397225	-5841.874283	-5736.843435	-5654.276091	-128645.196992	-111579.438934	-118686.891340	-133925.483695
-6131.843463	-5663.619121	-5900.301743	-5703.181708	-60092.486154	-120145.342665	-86642.312901	-112994.192600
-5791.627561	-6104.283762	-5726.963964	-5654.454905	-128645.241695	-111578.969548	-118686.779581	-133925.327233
-17.479064	-5442.605071	-4755.624206	-5398.482728	-59952.675993	-119861.743732	-88060.575790	-112238.591878
-3250.278920	-4817.784407	-5753.674299	-5666.010757	-128653.802413	-111590.726565	-118696.167314	-133934.402041
-3548.585301	-5556.174285	-5423.181405	-5558.722384	-60011.662246	-120011.120440	-87335.619311	-112633.189575
-6423.153749	-6480.776546	-5723.588851	-5649.828094	-128642.246561	-111574.432144	-118683.426819	-133922.130933
-4738.726287	-5595.513355	-5657.830019	-5608.611477	-60057.975061	-120055.667467	-87084.765683	-112755.408914
-3625.899986	-5036.317412	-5747.482866	-5666.390737	-128654.025931	-111590.435993	-118696.189665	-133934.379689
1001.536966	-5422.488501	-4573.636302	-5371.459469	-59927.507928	-119837.849717	-88217.797961	-112167.222758
-5348.012489	-5821.757713	-5743.705421	-5660.489876	-128650.874335	-111585.138629	-118692.523979	-133930.937520
-6121.874585	-5668.581208	-5902.335751	-5707.920278	-60096.107137	-120149.365979	-86647.543209	-112997.813582
-5391.397225	-5841.874283	-5736.843435	-5654.276091	-128645.196992	-111579.438934	-118686.891340	-133925.483695
-6131.843463	-5663.619121	-5900.301743	-5703.181708	-60092.486154	-120145.342665	-86642.312901	-112994.192600
-5791.627561	-6104.283762	-5726.963964	-5654.454905	-128645.241695	-111578.969548	-118686.779581	-133925.327233
-17.479064	-5442.605071	-4755.624206	-5398.482728	-59952.675993	-119861.743732	-88060.575790	-112238.591878
-3250.278920	-4817.784407	-5753.674299	-5666.010757	-128653.802413	-111590.726565	-118696.167314	-133934.402041
-3548.585301	-5556.174285	-5423.181405	-5558.722384	-60011.662246	-120011.120440	-87335.619311	-112633.189575
-6423.153749	-6480.776546	-5723.588851	-5649.828094	-128642.246561	-111574.432144	-118683.426819	-133922.130933
-4738.726287	-5595.513355	-5657.830019	-5608.611477	-60057.975061	-120055.667467	-87084.765683	-112755.408914
-3625.899986	-5036.317412	-5747.482866	-5666.390737	-128654.025931	-111590.435993	-118696.189665	-133934.379689
1001.536966	-5422.488501	-4573.636302	-5371.459469	-59927.507928	-119837.849717	-88217.797961	-112167.222758
-5348.012489	-5821.757713	-5743.705421	-5660.489876	-128650.874335	-111585.138629	-118692.523979	-133930.937520
-6121.874585	-5668.581208	-5902.335751	-5707.920278	-60096.107137	-120149.365979	-86647.543209	-112997.813582
-5835.392277	-6128.870681	-5730.473188	-5657.673557	-128648.013311	-111581.651757	-118689.506494	-133927.852980
-112.049295	-5445.935481	-4768.521162	-5402.707208	-59953.950042	-119864.940031	-88040.503924	-112248.091370
-3231.816379	-4808.284915	-5752.377898	-5664.379080	-128651.634294	-111588.536094	-118693.954491	-133932.055108
-3433.831445	-5554.140276	-5400.337923	-5555.235512	-60009.427072	-120007.275940	-87357.702834	-112621.991351
-6421.678534	-6479.569552	-5727.522758	-5653.225559	-128645.062881	-111577.114353	-118686.287843	-133924.746087
-4813.291706	-5601.525974	-5670.458754	-5615.652277	-60061.305471	-120061.747141	-87062.190421	-112768.976422
-3670.625826	-5055.271692	-5748.823970	-5667.374214	-128654.495317	-111590.838324	-118696.748459	-133934.714965
1080.237458	-5420.722714	-4547.283595	-5368.956073	-59924.892774	-119834.832231	-88225.039926	-112160.740752
-5296.670532	-5792.856907	-5744.398325	-5660.355766	-128650.226134	-111584.512780	-118692.009889	-133930.177561
-6099.634600	-5667.240103	-5896.077263	-5706.221545	-60093.335520	-120147.108453	-86649.532515	-112993.678509
-5868.361100	-6146.126228	-5731.054334	-5657.740612	-128647.767442	-111581.160019	-118689.193569	-133927.428296
-194.884860	-5452.529246	-4771.896276	-5410.262097	-59958.353336	-119871.533796	-88024.343613	-112260.183663
-3189.482175	-4788.280104	-5758.859904	-5670.369347	-128657.132823	-111593.967568	-118699.475372	-133937.419526
-3231.816379	-4808.284915	-5752.377898	-5664.379080	-128651.634294	-111588.536094	-118693.954491	-133932.055108
-3433.831445	-5554.140276	-5400.337923	-5555.235512	-60009.427072	-120007.275940	-87357.702834	-112621.991351
-6421.678534	-6479.569552	-5727.522758	-5653.225559	-128645.062881	-111577.114353	-118686.287843	-133924.746087
-4813.291706	-5601.525974	-5670.458754	-5615.652277	-60061.305471	-120061.747141	-87062.190421	-112768.976422
-3670.625826	-5055.271692	-5748.823970	-5667.374214	-128654.495317	-111590.838324	-118696.748459	-133934.714965
1080.237458	-5420.722714	-4547.283595	-5368.956073	-59924.892774	-119834.832231	-88225.039926	-112160.740752
-5296.670532	-5792.856907	-5744.398325	-5660.355766	-128650.226134	-111584.512780	-118692.009889	-133930.177561
-6099.634600	-5667.240103	-5896.077263	-5706.221545	-60093.335520	-120147.108453	-86649.532515	-112993.678509
-5868.361100	-6146.126228	-5731.054334	-5657.740612	-128647.767442	-111581.160019	-118689.193569	-133927.428296
-194.884860	-5452.529246	-4771.896276	-5410.262097	-59958.353336	-119871.533796	-88024.343613	-112260.183663
-3189.482175	-4788.280104	-5758.859904	-5670.369347	-128657.132823	-111593.967568	-118699.475372	-133937.419526
-3301.375008	-5553.782648	-5372.979387	-5553.290910	-60008.689464	-120005.085469	-87385.530756	-112610.726072
-6415.263583	-6474.518058	-5730.115560	-5654.901940	-128646.225172	-111578.343699	-118687.517188	-133925.841323
-4887.968884	-5605.057550	-5682.752214	-5620.346143	-60061.774857	-120065.591641	-87039.212828	-112779.235873
-3713.541176	-5073.845991	-5749.405116	-5667.687138	-128654.495317	-111590.659510	-118696.659052	-133934.580855
1149.505514	-5420.387437	-4531.972651	-5367.838486	-59923.350504	-119833.155851	-88234.248845	-112155.309278
-5243.205159	-5763.933750	-5746.700555	-5661.808629	-128651.187259	-111585.473905	-118693.038069	-133931.138686
-6081.552038	-5668.625911	-5893.909144	-5707.205022	-60092.441451	-120147.421378	-86655.209858	-112992.069184
-5906.381417	-6167.360385	-5733.893005	-5659.953434	-128649.689692	-111582.903455	-118691.249930	-133929.171733
-301.636791	-5458.139534	-4800.081825	-5416.878214	-59960.677917	-119877.077028	-88004.629374	-112272.097143
-3180.429719	-4787.318979	-5763.129087	-5674.035033	-128660.530288	-111597.141516	-118702.917540	-133940.615826
-3198.445225	-5554.855532	-5357.869608	-5552.888579	-60008.510650	-120004.325510	-87410.251786	-112602.701795
-6413.028409	-6472.707566	-5733.200101	-5657.204170	-128648.281532	-111580.265949	-118689.662956	-133927.629462
-4967.921074	-5608.834995	-5697.929048	-5625.218824	-60062.199540	-120069.547900	-87015.654089	-112790.903484
-3770.716938	-5100.869250	-5748.332232	-5666.122516	-128652.617771	-111588.558446	-118694.848561	-133932.502142
-6415.263583	-6474.518058	-5730.115560	-5654.901940	-128646.225172	-111578.343699	-118687.517188	-133925.841323
-4887.968884	-5605.057550	-5682.752214	-5620.346143	-60061.774857	-120065.591641	-87039.212828	-112779.235873
-3713.541176	-5073.845991	-5749.405116	-5667.687138	-128654.495317	-111590.659510	-118696.659052	-133934.580855
1149.505514	-5420.387437	-4531.972651	-5367.838486	-59923.350504	-119833.155851	-88234.248845	-112155.309278
-5243.205159	-5763.933750	-5746.700555	-5661.808629	-128651.187259	-111585.473905	-118693.038069	-133931.138686
-6081.552038	-5668.625911	-5893.909144	-5707.205022	-60092.441451	-120147.421378	-86655.209858	-112992.069184
-5906.381417	-6167.360385	-5733.893005	-5659.953434	-128649.689692	-111582.903455	-118691.249930	-133929.171733
-301.636791	-5458.139534	-4800.081825	-5416.878214	-59960.677917	-119877.077028	-88004.629374	-112272.097143
-3180.429719	-4787.318979	-5763.129087	-5674.035033	-128660.530288	-111597.141516	-118702.917540	-133940.615826
-3198.445225	-5554.855532	-5357.869608	-5552.888579	-60008.510650	-120004.325510	-87410.251786	-112602.701795
-6413.028409	-6472.707566	-5733.200101	-5657.204170	-128648.281532	-111580.265949	-118689.662956	-133927.629462
-4967.921074	-5608.834995	-5697.929048	-5625.218824	-60062.199540	-120069.547900	-87015.654089	-112790.903484
-3770.716938	-5100.869250	-5748.332232	-5666.122516	-128652.617771	-111588.558446	-118694.848561	-133932.502142
1199.394607	-5419.672182	-4530.206863	-5366.519733	-59920.578888	-119831.457118	-88239.322691	-112151.487130
-5198.859298	-5741.693764	-5749.181598	-5663.932045	-128652.863640	-111586.882065	-118694.692098	-133932.479791
-6067.626902	-5669.519981	-5893.707978	-5707.741464	-60092.642616	-120147.734302	-86661.378939	-112991.219818
-5946.748668	-6190.449737	-5734.317688	-5660.668690	-128650.181431	-111583.015213	-118691.629909	-133929.372898
-418.402304	-5460.419412	-4826.903919	-5420.119216	-59960.968490	-119879.759238	-87982.456444	-112281.797800
-3176.652274	-4787.140165	-5760.335119	-5671.106955	-128657.043416	-111593.587588	-118699.542427	-133937.084250
-3092.766177	-5548.977023	-5336.926024	-5545.467799	-60003.012121	-119997.195303	-87430.167190	-112588.240217
-6409.988571	-6470.472392	-5733.311860	-5657.517094	-128648.236829	-111580.020080	-118689.640604	-133927.428296
-5050.399011	-5615.160539	-5716.257479	-5632.550196	-60067.228683	-120076.342830	-86997.504472	-112804.940379
-3835.313479	-5135.693268	-5751.036793	-5669.385871	-128655.523498	-111591.352414	-118697.709584	-133935.206704
1238.577216	-5419.046333	-4529.603366	-5365.178629	-59920.578888	-119830.160717	-88247.324615	-112147.709685
-5152.300614	-5717.196252	-5748.376936	-5663.127382	-128651.522535	-111585.585664	-118693.529808	-133931.049279
-5198.859298	-5741.693764	-5749.181598	-5663.932045	-128652.863640	-111586.882065	-118694.692098	-133932.479791
-6067.626902	-5669.519981	-5893.707978	-5707.741464	-60092.642616	-120147.734302	-86661.378939	-112991.219818
-5946.748668	-6190.449737	-5734.317688	-5660.668690	-128650.181431	-111583.015213	-118691.629909	-133929.372898
-418.402304	-5460.419412	-4826.903919	-5420.119216	-59960.968490	-119879.759238	-87982.456444	-112281.797800
-3176.652274	-4787.140165	-5760.335119	-5671.106955	-128657.043416	-111593.587588	-118699.542427	-133937.084250
-3092.766177	-5548.977023	-5336.926024	-5545.467799	-60003.012121	-119997.195303	-87430.167190	-112588.240217
-6409.988571	-6470.472392	-5733.311860	-5657.517094	-128648.236829	-111580.020080	-118689.640604	-133927.428296
-5050.399011	-5615.160539	-5716.257479	-5632.550196	-60067.228683	-120076.342830	-86997.504472	-112804.940379
-3835.313479	-5135.693268	-5751.036793	-5669.385871	-128655.523498	-111591.352414	-118697.709584	-133935.206704
1238.577216	-5419.046333	-4529.603366	-5365.178629	-59920.578888	-119830.160717	-88247.324615	-112147.709685
-5152.300614	-5717.196252	-5748.376936	-5663.127382	-128651.522535	-111585.585664	-118693.529808	-133931.049279
-6049.231416	-5668.871780	-5891.271638	-5706.601525	-60091.703843	-120146.348494	-86666.922172	-112987.911759
-5979.762194	-6208.442892	-5733.401267	-5660.042841	-128649.086195	-111581.852923	-118690.579377	-133928.255311
-525.064829	-5462.654586	-4847.288710	-5423.203757	-59962.309594	-119882.262633	-87962.138708	-112290.380870
-3156.781573	-4779.026482	-5763.643177	-5674.571475	-128660.060902	-111596.448612	-118702.515209	-133939.878218
-2977.833507	-5549.424058	-5318.977573	-5544.126695	-60004.621447	-119995.921254	-87458.531554	-112578.293690
-6407.284010	-6469.064232	-5738.430409	-5662.523885	-128652.707178	-111584.468077	-118694.200360	-133931.853942
-5126.126722	-5622.603669	-5734.340040	-5640.865045	-60073.576578	-120084.009479	-86980.964182	-112818.463185
-3882.945047	-5157.173295	-5754.076630	-5672.671577	-128658.406873	-111594.034623	-118700.592959	-133937.911265
1284.018312	-5419.806292	-4527.055267	-5365.111573	-59922.009399	-119829.847792	-88256.935866	-112143.619316
-5099.818718	-5690.016531	-5751.863808	-5666.234275	-128654.294152	-111588.223170	-118696.144962	-133933.597378
-6028.421942	-5669.542333	-5889.550554	-5706.400359	-60092.463802	-120145.968514	-86675.862870	-112983.687280
-6012.216927	-6227.732447	-5735.949366	-5662.546237	-128651.343721	-111583.953987	-118692.792200	-133930.311672
-639.304595	-5468.980130	-4874.736652	-5430.311612	-59967.584606	-119888.297604	-87944.972568	-112301.936722
-3137.112038	-4770.219895	-5763.240846	-5674.169144	-128659.278591	-111595.688652	-118701.822305	-133938.872390
-3156.781573	-4779.026482	-5763.643177	-5674.571475	-128660.060902	-111596.448612	-118702.515209	-133939.878218
-2977.833507	-5549.424058	-5318.977573	-5544.126695	-60004.621447	-119995.921254	-87458.531554	-112578.293690
-6407.284010	-6469.064232	-5738.430409	-5662.523885	-128652.707178	-111584.468077	-118694.200360	-133931.853942
-5126.126722	-5622.603669	-5734.340040	-5640.865045	-60073.576578	-120084.009479	-86980.964182	-112818.463185
-3882.945047	-5157.173295	-5754.076630	-5672.671577	-128658.406873	-111594.034623	-118700.592959	-133937.911265
1284.018312	-5419.806292	-4527.055267	-5365.111573	-59922.009399	-119829.847792	-88256.935866	-112143.619316
-5099.818718	-5690.016531	-5751.863808	-5666.234275	-128654.294152	-111588.223170	-118696.144962	-133933.597378
-6028.421942	-5669.542333	-5889.550554	-5706.400359	-60092.463802	-120145.968514	-86675.862870	-112983.687280
-6012.216927	-6227.732447	-5735.949366	-5662.546237	-128651.343721	-111583.953987	-118692.792200	-133930.311672
-639.304595	-5468.980130	-4874.736652	-5430.311612	-59967.584606	-119888.297604	-87944.972568	-112301.936722
-3137.112038	-4770.219895	-5763.240846	-5674.169144	-128659.278591	-111595.688652	-118701.822305	-133938.872390
-2866.432412	-5542.874997	-5295.754110	-5535.744791	-59998.899400	-119987.293480	-87479.609249	-112560.747571
-6396.242249	-6459.788258	-5736.128180	-5659.998138	-128649.913210	-111581.539998	-118691.361689	-133928.836456
-5199.753368	-5624.034181	-5745.918244	-5643.100219	-60073.509523	-120085.305880	-86959.126527	-112825.682798
-3938.623242	-5183.838926	-5752.489657	-5671.397528	-128656.886954	-111592.246484	-118699.117744	-133936.279587
1315.333106	-5418.509891	-4526.094142	-5363.189323	-59920.869460	-119827.232638	-88263.551982	-112138.321953
-5048.119133	-5662.546237	-5751.528531	-5665.943702	-128653.444785	-111587.418507	-118695.429706	-133932.658605
-6003.812671	-5666.658958	-5883.649693	-5703.114653	-60089.088689	-120142.101662	-86682.188413	-112977.071163
-6044.403439	-6245.077401	-5733.445970	-5660.489876	-128648.840326	-111581.338833	-118690.400564	-133927.763573
-759.825201	-5471.215304	-4898.764777	-5433.619670	-59968.456324	-119890.868055	-87923.179617	-112311.391510
-3135.480360	-4771.538648	-5762.235017	-5673.699757	-128658.429224	-111594.638120	-118700.905883	-133937.866561
-2749.979824	-5537.152950	-5271.368357	-5528.569881	-59993.669092	-119980.051515	-87502.072752	-112545.526033
-6385.781632	-6450.534636	-5731.009630	-5655.281920	-128644.861715	-111576.309690	-118686.243139	-133923.650852
-5267.322691	-5622.313097	-5753.674299	-5642.496722	-60070.000299	-120084.076534	-86933.466725	-112831.717769
-4004.918516	-5217.679467	-5747.192293	-5666.703661	-128652.081329	-111587.418507	-118694.178008	-133931.250445
-3938.623242	-5183.838926	-5752.489657	-5671.397528	-128656.886954	-111592.246484	-118699.117744	-133936.279587
1315.333106	-5418.509891	-4526.094142	-5363.189323	-59920.869460	-119827.232638	-88263.551982	-112138.321953
-5048.119133	-5662.546237	-5751.528531	-5665.943702	-128653.444785	-111587.418507	-118695.429706	-133932.658605
-6003.812671	-5666.658958	-5883.649693	-5703.114653	-60089.088689	-120142.101662	-86682.188413	-112977.071163
-6044.403439	-6245.077401	-5733.445970	-5660.489876	-128648.840326	-111581.338833	-118690.400564	-133927.763573
-759.825201	-5471.215304	-4898.764777	-5433.619670	-59968.456324	-119890.868055	-87923.179617	-112311.391510
-3135.480360	-4771.538648	-5762.235017	-5673.699757	-128658.429224	-111594.638120	-118700.905883	-133937.866561
-2749.979824	-5537.152950	-5271.368357	-5528.569881	-59993.669092	-119980.051515	-87502.072752	-112545.526033
-6385.781632	-6450.534636	-5731.009630	-5655.281920	-128644.861715	-111576.309690	-118686.243139	-133923.650852
-5267.322691	-5622.313097	-5753.674299	-5642.496722	-60070.000299	-120084.076534	-86933.466725	-112831.717769
-4004.918516	-5217.679467	-5747.192293	-5666.703661	-128652.081329	-111587.418507	-118694.178008	-133931.250445
1348.547798	-5415.738275	-4520.550909	-5360.037727	-59918.142547	-119823.745766	-88268.491717	-112133.113996
-5002.678037	-5641.647356	-5751.372069	-5666.256626	-128653.377730	-111587.262045	-118695.340299	-133932.412736
-5980.745671	-5667.262455	-5881.123946	-5703.449929	-60089.625131	-120142.034607	-86692.738437	-112974.903044
-6080.322692	-6267.451497	-5734.183578	-5662.345071	-128650.472003	-111582.679937	-118691.898130	-133929.037622
-878.132984	-5475.931522	-4922.725847	-5439.654641	-59972.144362	-119896.053659	-87904.538262	-112323.863783
-3138.877826	-4777.148935	-5762.436183	-5674.593827	-128658.786852	-111594.883990	-118701.285863	-133938.023023
-2643.272596	-5536.772971	-5253.218741	-5526.848796	-59994.764327	-119978.218672	-87530.034784	-112536.115949
-6385.200487	-6451.719278	-5735.301165	-5660.668690	-128649.689692	-111581.115315	-118691.093468	-133928.188256
-5342.558663	-5630.203263	-5771.376881	-5651.750344	-60077.421078	-120092.480790	-86920.145085	-112846.514624
-4065.379985	-5248.726040	-5749.047488	-5669.922312	-128654.763538	-111589.832495	-118696.837866	-133933.619730
1370.787784	-5417.392304	-4521.333220	-5361.244722	-59920.936515	-119824.639836	-88276.873622	-112132.063464
-4954.778249	-5617.976858	-5752.154380	-5668.134173	-128654.763538	-111588.647853	-118696.614348	-133933.485619
-5961.232598	-5667.374214	-5880.766318	-5703.248763	-60091.748547	-120141.542869	-86705.836559	-112970.835027
-6112.688018	-6286.741052	-5731.948403	-5661.763926	-128649.555582	-111581.584702	-118690.892302	-133927.964738
-6080.322692	-6267.451497	-5734.183578	-5662.345071	-128650.472003	-111582.679937	-118691.898130	-133929.037622
-878.132984	-5475.931522	-4922.725847	-5439.654641	-59972.144362	-119896.053659	-87904.538262	-112323.863783
-3138.877826	-4777.148935	-5762.436183	-5674.593827	-128658.786852	-111594.883990	-118701.285863	-133938.023023
-2643.272596	-5536.772971	-5253.218741	-5526.848796	-59994.764327	-119978.218672	-87530.034784	-112536.115949
-6385.200487	-6451.719278	-5735.301165	-5660.668690	-128649.689692	-111581.115315	-118691.093468	-133928.188256
-5342.558663	-5630.203263	-5771.376881	-5651.750344	-60077.421078	-120092.480790	-86920.145085	-112846.514624
-4065.379985	-5248.726040	-5749.047488	-5669.922312	-128654.763538	-111589.832495	-118696.837866	-133933.619730
1370.787784	-5417.392304	-4521.333220	-5361.244722	-59920.936515	-119824.639836	-88276.873622	-112132.063464
-4954.778249	-5617.976858	-5752.154380	-5668.134173	-128654.763538	-111588.647853	-118696.614348	-133933.485619
-5961.232598	-5667.374214	-5880.766318	-5703.248763	-60091.748547	-120141.542869	-86705.836559	-112970.835027
-6112.688018	-6286.741052	-5731.948403	-5661.763926	-128649.555582	-111581.584702	-118690.892302	-133927.964738
-1013.517501	-5476.535019	-4956.812257	-5441.688650	-59973.485467	-119897.350061	-87881.046579	-112331.731597
-3137.939052	-4777.774784	-5758.546979	-5671.732804	-128655.590553	-111591.575931	-118697.933101	-133934.625558
-2544.746106	-5531.319145	-5237.639575	-5519.942107	-59992.529153	-119971.356687	-87554.644055	-112520.179155
-6377.936170	-6446.354860	-5733.133046	-5660.266359	-128648.885029	-111580.087135	-118690.177046	-133927.137724
-5422.644964	-5633.556024	-5789.079462	-5656.198341	-60082.316110	-120096.079421	-86904.252995	-112855.544729
-4137.687878	-5287.595724	-5746.387630	-5669.028243	-128653.511841	-111588.379632	-118695.452058	-133932.055108
1358.449621	-5415.268888	-4547.976500	-5358.763678	-59921.361199	-119821.890571	-88280.673418	-112127.079025
-4913.293411	-5598.262620	-5749.919206	-5667.083641	-128653.221268	-111586.971472	-118694.960319	-133931.742183
-5943.842941	-5665.943702	-5880.274580	-5701.438272	-60093.246113	-120139.061825	-86719.381716	-112963.950689
-6145.835655	-6307.394064	-5731.076685	-5662.613292	-128650.136727	-111581.942330	-118691.428744	-133928.322366
-1161.486049	-5484.492240	-5004.890860	-5450.830513	-59982.761441	-119905.620206	-87864.953323	-112346.707266
-3158.659119	-4798.696017	-5762.056203	-5676.493725	-128659.725625	-111595.666301	-118702.202285	-133938.671224
-2454.690928	-5530.290965	-5231.202272	-5517.394008	-59994.853734	-119968.674477	-87583.969543	-112508.735062
-6370.604798	-6441.236310	-5732.350735	-5660.825152	-128648.750919	-111580.020080	-118690.199398	-133927.003613
-6377.936170	-6446.354860	-5733.133046	-5660.266359	-128648.885029	-111580.087135	-118690.177046	-133927.137724
-5422.644964	-5633.556024	-5789.079462	-5656.198341	-60082.316110	-120096.079421	-86904.252995	-112855.544729
-4137.687878	-5287.595724	-5746.387630	-5669.028243	-128653.511841	-111588.379632	-118695.452058	-133932.055108
1358.449621	-5415.268888	-4547.976500	-5358.763678	-59921.361199	-119821.890571	-88280.673418	-112127.079025
-4913.293411	-5598.262620	-5749.919206	-5667.083641	-128653.221268	-111586.971472	-118694.960319	-133931.742183
-5943.842941	-5665.943702	-5880.274580	-5701.438272	-60093.246113	-120139.061825	-86719.381716	-112963.950689
-6145.835655	-6307.394064	-5731.076685	-5662.613292	-128650.136727	-111581.942330	-118691.428744	-133928.322366
-1161.486049	-5484.492240	-5004.890860	-5450.830513	-59982.761441	-119905.620206	-87864.953323	-112346.707266
-3158.659119	-4798.696017	-5762.056203	-5676.493725	-128659.725625	-111595.666301	-118702.202285	-133938.671224
-2454.690928	-5530.290965	-5231.202272	-5517.394008	-59994.853734	-119968.674477	-87583.969543	-112508.735062
-6370.604798	-6441.236310	-5732.350735	-5660.825152	-128648.750919	-111580.020080	-118690.199398	-133927.003613
-5499.959648	-5639.188664	-5807.542003	-5663.037975	-60089.155744	-120101.957929	-86891.043114	-112866.832360
-4216.433074	-5331.405143	-5750.187427	-5674.012682	-128658.161003	-111592.760574	-118700.145924	-133936.704270
1355.298025	-5420.342734	-4571.736404	-5362.742288	-59928.312591	-119826.025644	-88291.268145	-112129.515365
-4869.998082	-5580.492983	-5751.930863	-5669.855257	-128655.434091	-111589.139591	-118697.262549	-133933.910302
-5921.915879	-5666.480144	-5879.313455	-5701.505327	-60095.905971	-120138.592439	-86734.133868	-112959.547396
-6178.268037	-6328.002373	-5730.763761	-5663.708528	-128650.606114	-111582.277606	-118691.920482	-133928.679994
-1299.441016	-5487.330912	-5034.171645	-5455.010290	-59985.823630	-119908.660043	-87842.176895	-112357.145531
-3165.386995	-4803.367532	-5757.652909	-5672.805688	-128655.635256	-111591.486525	-118697.977805	-133934.379689
-2347.179037	-5523.227814	-5209.163452	-5508.788587	-59989.891647	-119959.756131	-87605.516625	-112491.770088
-6358.892484	-6432.183854	-5728.975621	-5658.008833	-128645.711082	-111576.823780	-118686.913691	-133923.740259
-5559.080012	-5640.641527	-5816.393294	-5665.340205	-60090.541552	-120103.366089	-86872.491166	-112874.074325
-4274.502906	-5358.718974	-5747.102886	-5671.822211	-128655.590553	-111589.944254	-118697.463715	-133933.865599
1370.117232	-5421.057990	-4566.282578	-5363.412841	-59929.944268	-119825.869182	-88296.163177	-112128.218964
-4824.355820	-5560.577579	-5757.384689	-5675.532600	-128660.574992	-111594.146382	-118702.358747	-133938.872390
-4869.998082	-5580.492983	-5751.930863	-5669.855257	-128655.434091	-111589.139591	-118697.262549	-133933.910302
-5921.915879	-5666.480144	-5879.313455	-5701.505327	-60095.905971	-120138.592439	-86734.133868	-112959.547396
-6178.268037	-6328.002373	-5730.763761	-5663.708528	-128650.606114	-111582.277606	-118691.920482	-133928.679994
-1299.441016	-5487.330912	-5034.171645	-5455.010290	-59985.823630	-119908.660043	-87842.176895	-112357.145531
-3165.386995	-4803.367532	-5757.652909	-5672.805688	-128655.635256	-111591.486525	-118697.977805	-133934.379689
-2347.179037	-5523.227814	-5209.163452	-5508.788587	-59989.891647	-119959.756131	-87605.516625	-112491.770088
-6358.892484	-6432.183854	-5728.975621	-5658.008833	-128645.711082	-111576.823780	-118686.913691	-133923.740259
-5559.080012	-5640.641527	-5816.393294	-5665.340205	-60090.541552	-120103.366089	-86872.491166	-112874.074325
-4274.502906	-5358.718974	-5747.102886	-5671.822211	-128655.590553	-111589.944254	-118697.463715	-133933.865599
1370.117232	-5421.057990	-4566.282578	-5363.412841	-59929.944268	-119825.869182	-88296.163177	-112128.218964
-4824.355820	-5560.577579	-5757.384689	-5675.532600	-128660.574992	-111594.146382	-118702.358747	-133938.872390
-5891.986894	-5669.877609	-5877.748832	-5704.098130	-60100.063396	-120140.827613	-86751.143545	-112957.871015
-6204.866613	-6344.877940	-5732.395438	-5665.943702	-128652.416605	-111583.976338	-118693.619215	-133930.289320
-1416.050066	-5493.589400	-5054.019994	-5462.252255	-59991.165697	-119915.231456	-87822.887340	-112370.713040
-3160.626073	-4802.249944	-5761.743279	-5677.052519	-128659.345646	-111595.018100	-118701.621139	-133937.866561
-2222.612765	-5523.943069	-5186.856411	-5507.827462	-59991.657435	-119958.906765	-87633.724527	-112482.605872
-6348.029536	-6424.606612	-5732.529549	-5661.473353	-128648.549753	-111579.505989	-118689.752363	-133926.288358
-5612.813605	-5645.134228	-5826.630393	-5670.659920	-60093.693148	-120108.037604	-86857.269628	-112884.177313
-4326.403657	-5382.635341	-5747.192293	-5672.068080	-128655.299980	-111589.541923	-118697.150790	-133933.329157
1388.356255	-5419.091036	-4558.101840	-5361.267073	-59927.865556	-119823.209324	-88295.850253	-112124.486223
-4763.469668	-5527.921680	-5755.842418	-5673.453888	-128657.915134	-111591.508876	-118699.765944	-133935.921959
-5850.747925	-5666.346033	-5868.405803	-5699.784243	-60096.420061	-120136.424319	-86761.760624	-112949.489111
-6225.944308	-6357.417268	-5732.976584	-5666.234275	-128652.349550	-111583.574007	-118693.462753	-133929.909340
-1530.826274	-5498.707950	-5075.298855	-5468.577798	-59994.741976	-119920.797041	-87800.893223	-112383.878217
-3147.907930	-4797.846651	-5765.386613	-5680.360577	-128662.206669	-111597.767365	-118704.482163	-133940.548770
-1416.050066	-5493.589400	-5054.019994	-5462.252255	-59991.165697	-119915.231456	-87822.887340	-112370.713040
-3160.626073	-4802.249944	-5761.743279	-5677.052519	-128659.345646	-111595.018100	-118701.621139	-133937.866561
-2222.612765	-5523.943069	-5186.856411	-5507.827462	-59991.657435	-119958.906765	-87633.724527	-112482.605872
-6348.029536	-6424.606612	-5732.529549	-5661.473353	-128648.549753	-111579.505989	-118689.752363	-133926.288358
-5612.813605	-5645.134228	-5826.630393	-5670.659920	-60093.693148	-120108.037604	-86857.269628	-112884.177313
-4326.403657	-5382.635341	-5747.192293	-5672.068080	-128655.299980	-111589.541923	-118697.150790	-133933.329157
1388.356255	-5419.091036	-4558.101840	-5361.267073	-59927.865556	-119823.209324	-88295.850253	-112124.486223
-4763.469668	-5527.921680	-5755.842418	-5673.453888	-128657.915134	-111591.508876	-118699.765944	-133935.921959
-5850.747925	-5666.346033	-5868.405803	-5699.784243	-60096.420061	-120136.424319	-86761.760624	-112949.489111
-6225.944308	-6357.417268	-5732.976584	-5666.234275	-128652.349550	-111583.574007	-118693.462753	-133929.909340
-1530.826274	-5498.707950	-5075.298855	-5468.577798	-59994.741976	-119920.797041	-87800.893223	-112383.878217
-3147.907930	-4797.846651	-5765.386613	-5680.360577	-128662.206669	-111597.767365	-118704.482163	-133940.548770
-2095.163118	-5523.786607	-5164.191742	-5505.905212	-59991.903304	-119957.029218	-87661.150117	-112472.949919
-6335.691373	-6416.627040	-5737.022249	-5665.362557	-128651.835460	-111582.814048	-118693.015718	-133929.417602
-5664.669653	-5651.057440	-5838.029783	-5677.343092	-60097.604704	-120114.117278	-86842.495125	-112896.671938
-4385.076986	-5413.346638	-5751.930863	-5676.583132	-128659.323294	-111593.475830	-118701.151753	-133937.285416
1406.215299	-5422.935536	-4557.878322	-5364.597483	-59931.039504	-119826.182106	-88300.633526	-112127.391950
-4708.059693	-5501.323104	-5759.172828	-5675.912580	-128659.747977	-111593.297016	-118701.554084	-133937.687747
-5809.307791	-5666.793068	-5862.683757	-5699.493670	-60096.040082	-120135.910229	-86775.261077	-112946.046942
-6251.045317	-6373.801097	-5737.268119	-5669.698795	-128655.322332	-111586.412679	-118696.457886	-133932.770363
-1649.469334	-5505.681694	-5100.533974	-5476.803240	-59999.547601	-119928.284875	-87778.854403	-112400.373805
-3151.551265	-4801.020599	-5767.621788	-5681.947551	-128663.234849	-111598.728490	-118705.510343	-133941.420489
-1972.273227	-5521.640840	-5142.577606	-5502.239526	-59989.779888	-119953.430587	-87683.881841	-112462.958689
-6323.800245	-6408.513356	-5742.029040	-5668.849429	-128655.031759	-111585.853885	-118696.212017	-133932.457439
-5711.720075	-5657.539446	-5848.758620	-5684.585057	-60101.672721	-120120.979264	-86828.502933	-112910.597075
-5664.669653	-5651.057440	-5838.029783	-5677.343092	-60097.604704	-120114.117278	-86842.495125	-112896.671938
-4385.076986	-5413.346638	-5751.930863	-5676.583132	-128659.323294	-111593.475830	-118701.151753	-133937.285416
1406.215299	-5422.935536	-4557.878322	-5364.597483	-59931.039504	-119826.182106	-88300.633526	-112127.391950
-4708.059693	-5501.323104	-5759.172828	-5675.912580	-128659.747977	-111593.297016	-118701.554084	-133937.687747
-5809.307791	-5666.793068	-5862.683757	-5699.493670	-60096.040082	-120135.910229	-86775.261077	-112946.046942
-6251.045317	-6373.801097	-5737.268119	-5669.698795	-128655.322332	-111586.412679	-118696.457886	-133932.770363
-1649.469334	-5505.681694	-5100.533974	-5476.803240	-59999.547601	-119928.284875	-87778.854403	-112400.373805
-3151.551265	-4801.020599	-5767.621788	-5681.947551	-128663.234849	-111598.728490	-118705.510343	-133941.420489
-1972.273227	-5521.640840	-5142.577606	-5502.239526	-59989.779888	-119953.430587	-87683.881841	-112462.958689
-6323.800245	-6408.513356	-5742.029040	-5668.849429	-128655.031759	-111585.853885	-118696.212017	-133932.457439
-5711.720075	-5657.539446	-5848.758620	-5684.585057	-60101.672721	-120120.979264	-86828.502933	-112910.597075
-4447.170132	-5443.297975	-5753.786058	-5677.566609	-128660.083253	-111593.900513	-118701.755250	-133937.732451
1422.867349	-5422.376743	-4553.407973	-5363.971634	-59929.810158	-119825.109223	-88299.739456	-112127.123729
-4656.449515	-5475.238618	-5760.759802	-5676.046690	-128659.502108	-111592.894684	-118701.218808	-133937.285416
-5759.463401	-5665.295501	-5852.804286	-5697.169089	-60093.469631	-120133.652703	-86787.263964	-112941.062503
-6271.586570	-6386.563943	-5739.927976	-5670.972844	-128656.529326	-111587.440859	-118697.642529	-133933.731488
-1754.142553	-5511.314334	-5114.392056	-5483.642874	-60002.699197	-119934.431605	-87755.921514	-112415.215363
-3150.120753	-4802.093482	-5770.751032	-5684.026263	-128665.090044	-111600.382519	-118707.298482	-133943.141573
-1825.623432	-5517.841043	-5108.893527	-5496.852755	-59985.868333	-119948.267334	-87706.188882	-112450.598174
-6302.879012	-6392.487155	-5741.984337	-5667.016586	-128652.818936	-111583.752821	-118694.088601	-133930.266968
-5743.034869	-5657.003004	-5849.719745	-5684.830926	-60098.610532	-120120.956912	-86808.743991	-112916.386177
-4492.812394	-5462.743993	-5751.595587	-5674.191496	-128656.439919	-111590.279530	-118698.268378	-133934.133820
1454.003329	-5419.739237	-4533.514921	-5361.155315	-59926.457396	-119822.158792	-88295.850253	-112124.218002
-4591.852974	-5442.046278	-5761.162133	-5674.973807	-128658.205707	-111591.710042	-118699.989462	-133935.944311
-5697.638476	-5660.221655	-5838.208596	-5691.312932	-60087.434660	-120127.930656	-86797.232842	-112930.981866
-5759.463401	-5665.295501	-5852.804286	-5697.169089	-60093.469631	-120133.652703	-86787.263964	-112941.062503
-6271.586570	-6386.563943	-5739.927976	-5670.972844	-128656.529326	-111587.440859	-118697.642529	-133933.731488
-1754.142553	-5511.314334	-5114.392056	-5483.642874	-60002.699197	-119934.431605	-87755.921514	-112415.215363
-3150.120753	-4802.093482	-5770.751032	-5684.026263	-128665.090044	-111600.382519	-118707.298482	-133943.141573
-1825.623432	-5517.841043	-5108.893527	-5496.852755	-59985.868333	-119948.267334	-87706.188882	-112450.598174
-6302.879012	-6392.487155	-5741.984337	-5667.016586	-128652.818936	-111583.752821	-118694.088601	-133930.266968
-5743.034869	-5657.003004	-5849.719745	-5684.830926	-60098.610532	-120120.956912	-86808.743991	-112916.386177
-4492.812394	-5462.743993	-5751.595587	-5674.191496	-128656.439919	-111590.279530	-118698.268378	-133934.133820
1454.003329	-5419.739237	-4533.514921	-5361.155315	-59926.457396	-119822.158792	-88295.850253	-112124.218002
-4591.852974	-5442.046278	-5761.162133	-5674.973807	-128658.205707	-111591.710042	-118699.989462	-133935.944311
-5697.638476	-5660.221655	-5838.208596	-5691.312932	-60087.434660	-120127.930656	-86797.232842	-112930.981866
-6282.471869	-6391.190754	-5738.139837	-5667.709490	-128653.042454	-111583.797524	-118694.133305	-133930.289320
-1849.696261	-5510.174395	-5124.383286	-5484.112261	-59999.659359	-119934.319846	-87727.065411	-112422.882011
-3129.512445	-4789.241229	-5769.342872	-5681.612275	-128662.541945	-111597.767365	-118704.728032	-133940.459364
-1683.868669	-5513.840081	-5078.070471	-5491.465985	-59982.157944	-119943.148785	-87728.451220	-112437.902384
-6282.337759	-6377.913818	-5745.247691	-5668.581208	-128654.338855	-111584.892760	-118695.519113	-133931.496314
-5777.322445	-5659.305234	-5854.458315	-5687.893115	-60098.454070	-120123.683825	-86793.276583	-112924.410453
-4540.443962	-5484.983979	-5754.098982	-5675.823173	-128658.161003	-111591.687690	-118699.877703	-133935.609035
1470.878896	-5420.655658	-4526.630584	-5362.138791	-59926.613859	-119822.829345	-88295.202052	-112125.290886
-4529.066924	-5409.613897	-5762.123258	-5674.660882	-128657.602210	-111591.061841	-118699.587130	-133935.229055
-5639.456885	-5656.086583	-5825.781027	-5686.328493	-60082.226703	-120123.214438	-86809.235729	-112922.085872
-6298.028683	-6400.690246	-5739.413886	-5667.731842	-128652.885992	-111583.484600	-118694.088601	-133929.998747
-1967.489954	-5514.711799	-5146.735030	-5489.879011	-60001.671016	-119939.706616	-87702.500844	-112437.030666
-3130.406514	-4792.929267	-5769.946369	-5681.746385	-128662.363131	-111597.409737	-118704.549218	-133940.101736
-1556.150801	-5507.827462	-5050.980157	-5483.866392	-59975.832400	-119935.996227	-87747.316092	-112423.954895
-1683.868669	-5513.840081	-5078.070471	-5491.465985	-59982.157944	-119943.148785	-87728.451220	-112437.902384
-6282.337759	-6377.913818	-5745.247691	-5668.581208	-128654.338855	-111584.892760	-118695.519113	-133931.496314
-5777.322445	-5659.305234	-5854.458315	-5687.893115	-60098.454070	-120123.683825	-86793.276583	-112924.410453
-4540.443962	-5484.983979	-5754.098982	-5675.823173	-128658.161003	-111591.687690	-118699.877703	-133935.609035
1470.878896	-5420.655658	-4526.630584	-5362.138791	-59926.613859	-119822.829345	-88295.202052	-112125.290886
-4529.066924	-5409.613897	-5762.123258	-5674.660882	-128657.602210	-111591.061841	-118699.587130	-133935.229055
-5639.456885	-5656.086583	-5825.781027	-5686.328493	-60082.226703	-120123.214438	-86809.235729	-112922.085872
-6298.028683	-6400.690246	-5739.413886	-5667.731842	-128652.885992	-111583.484600	-118694.088601	-133929.998747
-1967.489954	-5514.711799	-5146.735030	-5489.879011	-60001.671016	-119939.706616	-87702.500844	-112437.030666
-3130.406514	-4792.929267	-5769.946369	-5681.746385	-128662.363131	-111597.409737	-118704.549218	-133940.101736
-1556.150801	-5507.827462	-5050.980157	-5483.866392	-59975.832400	-119935.996227	-87747.316092	-112423.954895
-6259.449572	-6361.150010	-5743.258386	-5665.563722	-128651.030797	-111581.562350	-118692.255758	-133927.964738
-5813.062884	-5658.679385	-5856.917007	-5687.826060	-60095.101308	-120123.773232	-86774.367008	-112930.534831
-4599.273753	-5514.734151	-5753.316671	-5674.683234	-128656.886954	-111590.167772	-118698.670709	-133934.156172
1462.720509	-5421.862653	-4523.009601	-5363.122268	-59926.725617	-119823.969284	-88293.436264	-112128.017798
-4480.965970	-5388.916181	-5765.476020	-5677.365443	-128660.172660	-111593.475830	-118702.001119	-133937.620692
-5588.629018	-5654.745478	-5815.968611	-5684.160374	-60079.924474	-120121.515706	-86822.803238	-112917.168488
-6314.881899	-6410.994400	-5738.899796	-5666.904827	-128651.991922	-111582.434068	-118693.194532	-133928.903512
-2083.473156	-5518.355133	-5164.795240	-5494.885802	-60003.146232	-119944.378131	-87677.757463	-112450.978154
-3142.409401	-4799.679494	-5770.706328	-5682.439289	-128662.966628	-111597.946179	-118705.175067	-133940.526419
-1436.479561	-5507.738055	-5027.086142	-5482.592342	-59976.234731	-119935.191564	-87772.819432	-112416.914096
-6248.676032	-6355.606777	-5750.232130	-5672.291597	-128657.512803	-111588.044356	-118698.670709	-133934.402041
-5858.034594	-5667.664786	-5870.126888	-5697.839641	-60102.723253	-120133.652703	-86766.834470	-112946.292811
-4667.915960	-5551.234549	-5757.518799	-5679.399452	-128661.491413	-111594.571065	-118703.029299	-133938.447707
1450.337642	-5424.768379	-4528.843406	-5366.117402	-59929.631344	-119827.031473	-88294.062113	-112132.331685
1462.720509	-5421.862653	-4523.009601	-5363.122268	-59926.725617	-119823.969284	-88293.436264	-112128.017798
-4480.965970	-5388.916181	-5765.476020	-5677.365443	-128660.172660	-111593.475830	-118702.001119	-133937.620692
-5588.629018	-5654.745478	-5815.968611	-5684.160374	-60079.924474	-120121.515706	-86822.803238	-112917.168488
-6314.881899	-6410.994400	-5738.899796	-5666.904827	-128651.991922	-111582.434068	-118693.194532	-133928.903512
-2083.473156	-5518.355133	-5164.795240	-5494.885802	-60003.146232	-119944.378131	-87677.757463	-112450.978154
-3142.409401	-4799.679494	-5770.706328	-5682.439289	-128662.966628	-111597.946179	-118705.175067	-133940.526419
-1436.479561	-5507.738055	-5027.086142	-5482.592342	-59976.234731	-119935.191564	-87772.819432	-112416.914096
-6248.676032	-6355.606777	-5750.232130	-5672.291597	-128657.512803	-111588.044356	-118698.670709	-133934.402041
-5858.034594	-5667.664786	-5870.126888	-5697.839641	-60102.723253	-120133.652703	-86766.834470	-112946.292811
-4667.915960	-5551.234549	-5757.518799	-5679.399452	-128661.491413	-111594.571065	-118703.029299	-133938.447707
1450.337642	-5424.768379	-4528.843406	-5366.117402	-59929.631344	-119827.031473	-88294.062113	-112132.331685
-4436.754219	-5370.498344	-5767.577084	-5679.757080	-128662.027855	-111595.420432	-118703.945721	-133939.274721
-5541.377430	-5656.600673	-5811.364151	-5685.188554	-60082.718442	-120122.856810	-86843.076270	-112913.972189
-6338.462989	-6428.808740	-5743.906587	-5672.738632	-128657.535155	-111587.887894	-118698.715412	-133934.200875
-2211.772169	-5527.631107	-5198.434615	-5505.659342	-60011.885764	-119954.704637	-87659.697254	-112469.641861
-3163.420041	-4817.560889	-5774.595532	-5687.021397	-128667.146405	-111602.103603	-118709.466602	-133944.460326
-1326.196054	-5505.033494	-5011.618735	-5478.390214	-59975.541827	-119931.414119	-87796.177005	-112405.671168
-6228.402999	-6341.435771	-5747.527569	-5670.324644	-128655.255277	-111585.742126	-118696.480238	-133931.831590
-5899.944115	-5667.709490	-5877.704129	-5698.711359	-60103.527916	-120134.300904	-86753.177554	-112950.874919
-4726.924566	-5580.113003	-5755.685956	-5678.684196	-128660.552640	-111593.520533	-118702.269340	-133937.419526
1412.473787	-5425.036600	-4552.066869	-5366.475030	-59931.486539	-119827.366749	-88291.782235	-112133.002237
-4386.753367	-5347.520750	-5766.683014	-5679.690025	-128661.714931	-111594.951045	-118703.543389	-133938.626520
-5496.629238	-5651.348013	-5803.786910	-5679.377100	-60080.147991	-120116.978302	-86857.403738	-112902.036357
-6350.577635	-6435.335450	-5738.653927	-5668.827077	-128653.467137	-111583.574007	-118694.557988	-133929.909340
-2352.923435	-5525.686506	-5233.459799	-5505.011142	-60010.745825	-119953.788215	-87630.729393	-112475.699183
-2211.772169	-5527.631107	-5198.434615	-5505.659342	-60011.885764	-119954.704637	-87659.697254	-112469.641861
-3163.420041	-4817.560889	-5774.595532	-5687.021397	-128667.146405	-111602.103603	-118709.466602	-133944.460326
-1326.196054	-5505.033494	-5011.618735	-5478.390214	-59975.541827	-119931.414119	-87796.177005	-112405.671168
-6228.402999	-6341.435771	-5747.527569	-5670.324644	-128655.255277	-111585.742126	-118696.480238	-133931.831590
-5899.944115	-5667.709490	-5877.704129	-5698.711359	-60103.527916	-120134.300904	-86753.177554	-112950.874919
-4726.924566	-5580.113003	-5755.685956	-5678.684196	-128660.552640	-111593.520533	-118702.269340	-133937.419526
1412.473787	-5425.036600	-4552.066869	-5366.475030	-59931.486539	-119827.366749	-88291.782235	-112133.002237
-4386.753367	-5347.520750	-5766.683014	-5679.690025	-128661.714931	-111594.951045	-118703.543389	-133938.626520
-5496.629238	-5651.348013	-5803.786910	-5679.377100	-60080.147991	-120116.978302	-86857.403738	-112902.036357
-6350.577635	-6435.335450	-5738.653927	-5668.827077	-128653.467137	-111583.574007	-118694.557988	-133929.909340
-2352.923435	-5525.686506	-5233.459799	-5505.011142	-60010.745825	-119953.788215	-87630.729393	-112475.699183
-3172.718367	-4820.958355	-5768.873485	-5682.193420	-128662.296076	-111596.962702	-118704.415107	-133939.408832
-1243.248730	-5499.736130	-5008.377732	-5471.572932	-59973.172542	-119925.155631	-87816.226520	-112390.963720
-6209.493424	-6328.538815	-5747.438162	-5671.084603	-128655.836422	-111586.077402	-118696.971976	-133932.211570
-5943.842941	-5669.050594	-5887.583600	-5700.655961	-60105.807794	-120136.111395	-86741.264074	-112955.479378
-4779.071185	-5605.169309	-5752.735526	-5676.918409	-128658.608038	-111591.352414	-118700.168276	-133935.206704
1362.450583	-5423.494330	-4577.279637	-5364.552780	-59931.240670	-119825.556257	-88286.507223	-112131.281153
-4337.221901	-5324.587861	-5766.772421	-5680.047653	-128661.759634	-111594.928693	-118703.699851	-133938.648872
-5454.831476	-5650.096315	-5798.444843	-5677.030167	-60080.572674	-120114.854886	-86874.458119	-112893.810915
-6364.279254	-6444.678479	-5737.558691	-5668.156525	-128652.595419	-111582.523475	-118693.686270	-133928.836456
-2472.997007	-5528.033439	-5256.213874	-5508.676828	-60012.802185	-119957.029218	-87606.231881	-112485.980986
-3181.703768	-4828.267375	-5768.627616	-5682.260475	-128662.094910	-111596.672129	-118704.303349	-133939.073555
-1128.919557	-5496.472776	-4988.574086	-5466.946121	-59971.294996	-119920.662930	-87837.885360	-112379.206703
-6187.901638	-6314.501919	-5747.818142	-5671.308121	-128655.657608	-111585.943292	-118696.882569	-133932.032756
-5973.257836	-5671.799859	-5893.037426	-5704.165185	-60108.065320	-120139.061825	-86731.250492	-112962.386067
-6209.493424	-6328.538815	-5747.438162	-5671.084603	-128655.836422	-111586.077402	-118696.971976	-133932.211570
-5943.842941	-5669.050594	-5887.583600	-5700.655961	-60105.807794	-120136.111395	-86741.264074	-112955.479378
-4779.071185	-5605.169309	-5752.735526	-5676.918409	-128658.608038	-111591.352414	-118700.168276	-133935.206704
1362.450583	-5423.494330	-4577.279637	-5364.552780	-59931.240670	-119825.556257	-88286.507223	-112131.281153
-4337.221901	-5324.587861	-5766.772421	-5680.047653	-128661.759634	-111594.928693	-118703.699851	-133938.648872
-5454.831476	-5650.096315	-5798.444843	-5677.030167	-60080.572674	-120114.854886	-86874.458119	-112893.810915
-6364.279254	-6444.678479	-5737.558691	-5668.156525	-128652.595419	-111582.523475	-118693.686270	-133928.836456
-2472.997007	-5528.033439	-5256.213874	-5508.676828	-60012.802185	-119957.029218	-87606.231881	-112485.980986
-3181.703768	-4828.267375	-5768.627616	-5682.260475	-128662.094910	-111596.672129	-118704.303349	-133939.073555
-1128.919557	-5496.472776	-4988.574086	-5466.946121	-59971.294996	-119920.662930	-87837.885360	-112379.206703
-6187.901638	-6314.501919	-5747.818142	-5671.308121	-128655.657608	-111585.943292	-118696.882569	-133932.032756
-5973.257836	-5671.799859	-5893.037426	-5704.165185	-60108.065320	-120139.061825	-86731.250492	-112962.386067
-4836.425762	-5634.338335	-5754.590720	-5678.840659	-128660.396178	-111592.961740	-118701.978767	-133936.883084
1350.850028	-5425.662449	-4571.892866	-5366.944416	-59933.587603	-119827.702025	-88284.517918	-112134.388046
-4286.148165	-5300.738549	-5767.822953	-5680.673502	-128662.251373	-111595.353376	-118704.169238	-133938.917093
-5390.927838	-5648.263472	-5786.844288	-5674.549124	-60079.298625	-120112.396194	-86892.272460	-112885.719584
-6379.143164	-6455.317909	-5740.240901	-5670.615217	-128655.098814	-111584.870408	-118696.055555	-133931.183390
-2582.475851	-5534.001354	-5273.312959	-5516.388180	-60017.719569	-119963.801797	-87584.774206	-112500.643730
-3183.178983	-4826.009849	-5767.733546	-5681.388757	-128661.089082	-111595.509839	-118703.208113	-133937.911265
-1003.682733	-5489.051996	-4955.001766	-5458.497162	-59964.924749	-119912.035157	-87855.163259	-112363.269909
-6161.593635	-6295.793509	-5745.851188	-5668.961187	-128653.131861	-111583.372841	-118694.312119	-133929.283491
-5999.118805	-5671.978673	-5895.205545	-5705.036903	-60107.215954	-120139.642971	-86719.046440	-112966.297622
-4886.426614	-5656.935949	-5752.377898	-5676.896057	-128658.451576	-111590.726565	-118699.989462	-133934.692613
1329.526464	-5424.701324	-4565.589674	-5366.430326	-59932.425312	-119826.472679	-88277.924154	-112134.253935
-4227.452484	-5272.284779	-5767.688843	-5680.517039	-128661.804338	-111594.973397	-118703.722203	-133938.358300
-4286.148165	-5300.738549	-5767.822953	-5680.673502	-128662.251373	-111595.353376	-118704.169238	-133938.917093
-5390.927838	-5648.263472	-5786.844288	-5674.549124	-60079.298625	-120112.396194	-86892.272460	-112885.719584
-6379.143164	-6455.317909	-5740.240901	-5670.615217	-128655.098814	-111584.870408	-118696.055555	-133931.183390
-2582.475851	-5534.001354	-5273.312959	-5516.388180	-60017.719569	-119963.801797	-87584.774206	-112500.643730
-3183.178983	-4826.009849	-5767.733546	-5681.388757	-128661.089082	-111595.509839	-118703.208113	-133937.911265
-1003.682733	-5489.051996	-4955.001766	-5458.497162	-59964.924749	-119912.035157	-87855.163259	-112363.269909
-6161.593635	-6295.793509	-5745.851188	-5668.961187	-128653.131861	-111583.372841	-118694.312119	-133929.283491
-5999.118805	-5671.978673	-5895.205545	-5705.036903	-60107.215954	-120139.642971	-86719.046440	-112966.297622
-4886.426614	-5656.935949	-5752.377898	-5676.896057	-128658.451576	-111590.726565	-118699.989462	-133934.692613
1329.526464	-5424.701324	-4565.589674	-5366.430326	-59932.425312	-119826.472679	-88277.924154	-112134.253935
-4227.452484	-5272.284779	-5767.688843	-5680.517039	-128661.804338	-111594.973397	-118703.722203	-133938.358300
-5324.520805	-5645.044821	-5774.126145	-5670.212885	-60076.437602	-120108.127011	-86909.818579	-112875.415430
-6389.804946	-6462.671633	-5739.659755	-5670.302292	-128654.495317	-111584.222208	-118695.586168	-133930.512837
-2696.380341	-5538.248186	-5293.116604	-5521.685543	-60020.468834	-119968.674477	-87560.723729	-112513.406576
-3188.029312	-4832.804779	-5772.360357	-5686.216734	-128665.715893	-111600.047243	-118707.924331	-133942.314558
-884.212659	-5492.695331	-4935.600452	-5460.352356	-59969.328042	-119914.471497	-87883.192346	-112358.374877
-6139.890091	-6283.544753	-5750.299186	-5673.208019	-128657.177527	-111587.262045	-118698.402488	-133933.195047
-6027.594927	-5675.867877	-5901.709902	-5709.283734	-60109.875811	-120143.778043	-86711.580957	-112973.807809
-4942.283623	-5685.702644	-5755.931825	-5680.718205	-128662.117262	-111594.258141	-118703.610444	-133938.268893
1302.525556	-5430.378667	-4567.958959	-5372.085318	-59937.789731	-119832.127670	-88277.812395	-112141.540604
-4175.797603	-5248.882502	-5771.332177	-5684.048615	-128664.978285	-111598.102641	-118706.963206	-133941.509896
-5259.454877	-5644.262510	-5763.442011	-5668.447097	-60075.968215	-120106.517685	-86930.002204	-112868.173464
-6404.043007	-6473.176953	-5742.520778	-5673.029205	-128657.155175	-111586.591492	-118698.178971	-133932.993881
-2812.452950	-5544.909006	-5316.138901	-5529.933337	-60025.542679	-119976.341126	-87539.064889	-112529.410425
-3207.184757	-4840.739648	-5773.746165	-5687.781356	-128667.012294	-111601.231885	-118709.198381	-133943.521553
-2696.380341	-5538.248186	-5293.116604	-5521.685543	-60020.468834	-119968.674477	-87560.723729	-112513.406576
-3188.029312	-4832.804779	-5772.360357	-5686.216734	-128665.715893	-111600.047243	-118707.924331	-133942.314558
-884.212659	-5492.695331	-4935.600452	-5460.352356	-59969.328042	-119914.471497	-87883.192346	-112358.374877
-6139.890091	-6283.544753	-5750.299186	-5673.208019	-128657.177527	-111587.262045	-118698.402488	-133933.195047
-6027.594927	-5675.867877	-5901.709902	-5709.283734	-60109.875811	-120143.778043	-86711.580957	-112973.807809
-4942.283623	-5685.702644	-5755.931825	-5680.718205	-128662.117262	-111594.258141	-118703.610444	-133938.268893
1302.525556	-5430.378667	-4567.958959	-5372.085318	-59937.789731	-119832.127670	-88277.812395	-112141.540604
-4175.797603	-5248.882502	-5771.332177	-5684.048615	-128664.978285	-111598.102641	-118706.963206	-133941.509896
-5259.454877	-5644.262510	-5763.442011	-5668.447097	-60075.968215	-120106.517685	-86930.002204	-112868.173464
-6404.043007	-6473.176953	-5742.520778	-5673.029205	-128657.155175	-111586.591492	-118698.178971	-133932.993881
-2812.452950	-5544.909006	-5316.138901	-5529.933337	-60025.542679	-119976.341126	-87539.064889	-112529.410425
-3207.184757	-4840.739648	-5773.746165	-5687.781356	-128667.012294	-111601.231885	-118709.198381	-133943.521553
-765.614303	-5490.638970	-4911.907603	-5457.290167	-59968.121048	-119911.386956	-87905.566443	-112348.450702
-6119.170024	-6271.072480	-5754.568369	-5677.231333	-128661.066730	-111591.173600	-118702.224636	-133936.883084
-6055.221683	-5681.232295	-5908.996571	-5715.385761	-60113.988532	-120149.522442	-86704.540158	-112983.553169
-5000.308752	-5714.089360	-5755.305976	-5680.338225	-128661.692579	-111593.654644	-118703.163410	-133937.531285
1271.635446	-5429.082266	-4565.299102	-5371.347710	-59936.068646	-119830.808917	-88268.983456	-112142.524081
-4126.221433	-5226.262537	-5771.488639	-5683.914505	-128664.821823	-111597.677958	-118706.672633	-133941.040509
-5187.012874	-5641.781466	-5750.410944	-5665.206094	-60073.956558	-120103.321386	-86948.487097	-112859.478636
-6415.934135	-6481.894133	-5743.616014	-5674.146792	-128658.228059	-111587.552617	-118699.184799	-133933.709137
-2921.574166	-5550.340480	-5334.869663	-5537.041192	-60029.789511	-119982.957242	-87515.707316	-112544.609612
-3220.193472	-4847.378117	-5774.908456	-5688.988351	-128668.308695	-111602.304769	-118710.427727	-133944.505029
-641.942101	-5488.046168	-4884.683178	-5453.512723	-59966.645833	-119907.877732	-87926.778248	-112338.325362
-6093.107890	-6254.263968	-5755.596549	-5677.901885	-128661.491413	-111591.620635	-118702.761078	-133937.218361
-6076.835820	-5684.249781	-5913.735141	-5719.140854	-60116.313114	-120153.009314	-86697.789931	-112990.348100
-6055.221683	-5681.232295	-5908.996571	-5715.385761	-60113.988532	-120149.522442	-86704.540158	-112983.553169
-5000.308752	-5714.089360	-5755.305976	-5680.338225	-128661.692579	-111593.654644	-118703.163410	-133937.531285
1271.635446	-5429.082266	-4565.299102	-5371.347710	-59936.068646	-119830.808917	-88268.983456	-112142.524081
-4126.221433	-5226.262537	-5771.488639	-5683.914505	-128664.821823	-111597.677958	-118706.672633	-133941.040509
-5187.012874	-5641.781466	-5750.410944	-5665.206094	-60073.956558	-120103.321386	-86948.487097	-112859.478636
-6415.934135	-6481.894133	-5743.616014	-5674.146792	-128658.228059	-111587.552617	-118699.184799	-133933.709137
-2921.574166	-5550.340480	-5334.869663	-5537.041192	-60029.789511	-119982.957242	-87515.707316	-112544.609612
-3220.193472	-4847.378117	-5774.908456	-5688.988351	-128668.308695	-111602.304769	-118710.427727	-133944.505029
-641.942101	-5488.046168	-4884.683178	-5453.512723	-59966.645833	-119907.877732	-87926.778248	-112338.325362
-6093.107890	-6254.263968	-5755.596549	-5677.901885	-128661.491413	-111591.620635	-118702.761078	-133937.218361
-6076.835820	-5684.249781	-5913.735141	-5719.140854	-60116.313114	-120153.009314	-86697.789931	-112990.348100
-5054.891712	-5742.632537	-5759.105773	-5684.272132	-128665.470024	-111597.342682	-118707.030261	-133941.286378
1238.957195	-5435.698382	-4571.736404	-5378.254399	-59942.863577	-119837.603848	-88268.290552	-112151.487130
-4080.757985	-5206.280077	-5776.651892	-5688.831888	-128669.359227	-111602.371824	-118711.321796	-133945.488506
-5119.018867	-5641.915577	-5740.531473	-5664.356728	-60075.007090	-120102.628482	-86970.168289	-112852.728409
-6426.953545	-6490.007817	-5746.298223	-5676.761946	-128660.642047	-111589.921902	-118701.598787	-133936.100773
-3037.691478	-5556.889541	-5360.976501	-5544.953709	-60035.332744	-119990.243911	-87494.920194	-112559.898205
-3241.762905	-4861.549123	-5778.685901	-5693.034016	-128671.862623	-111605.858696	-118714.004006	-133947.969550
-543.996757	-5489.968418	-4872.903809	-5454.250330	-59969.864484	-119908.704747	-87949.912304	-112332.737426
-6070.286759	-6241.411715	-5760.312767	-5682.394586	-128665.671190	-111595.643949	-118706.873799	-133941.219323
-6101.534498	-5687.535487	-5920.150092	-5722.873595	-60119.420006	-120156.473834	-86691.576146	-112996.293664
-5110.033466	-5770.080479	-5760.178657	-5685.635589	-128666.811128	-111598.326158	-118708.125497	-133942.381614
1178.786299	-5434.983127	-4592.769395	-5377.717957	-59942.461245	-119836.933295	-88259.014578	-112152.694124
-4030.757133	-5182.721339	-5774.729642	-5686.797880	-128667.146405	-111599.957836	-118709.153677	-133943.074518
-5056.255168	-5639.099257	-5730.584947	-5660.311062	-60073.487171	-120098.873389	-86988.384961	-112842.312496
-5119.018867	-5641.915577	-5740.531473	-5664.356728	-60075.007090	-120102.628482	-86970.168289	-112852.728409
-6426.953545	-6490.007817	-5746.298223	-5676.761946	-128660.642047	-111589.921902	-118701.598787	-133936.100773
-3037.691478	-5556.889541	-5360.976501	-5544.953709	-60035.332744	-119990.243911	-87494.920194	-112559.898205
-3241.762905	-4861.549123	-5778.685901	-5693.034016	-128671.862623	-111605.858696	-118714.004006	-133947.969550
-543.996757	-5489.968418	-4872.903809	-5454.250330	-59969.864484	-119908.704747	-87949.912304	-112332.737426
-6070.286759	-6241.411715	-5760.312767	-5682.394586	-128665.671190	-111595.643949	-118706.873799	-133941.219323
-6101.534498	-5687.535487	-5920.150092	-5722.873595	-60119.420006	-120156.473834	-86691.576146	-112996.293664
-5110.033466	-5770.080479	-5760.178657	-5685.635589	-128666.811128	-111598.326158	-118708.125497	-133942.381614
1178.786299	-5434.983127	-4592.769395	-5377.717957	-59942.461245	-119836.933295	-88259.014578	-112152.694124
-4030.757133	-5182.721339	-5774.729642	-5686.797880	-128667.146405	-111599.957836	-118709.153677	-133943.074518
-5056.255168	-5639.099257	-5730.584947	-5660.311062	-60073.487171	-120098.873389	-86988.384961	-112842.312496
-6435.558967	-6496.467471	-5747.125238	-5677.678368	-128661.424358	-111590.458344	-118702.403450	-133936.726622
-3162.883599	-5559.258826	-5390.391396	-5548.619395	-60037.277345	-119993.484914	-87468.366321	-112570.850560
-3256.939740	-4867.584094	-5774.774346	-5689.211868	-128668.174585	-111601.991844	-118710.226561	-133944.214457
-453.159267	-5482.078252	-4865.728899	-5444.728487	-59963.605996	-119899.652290	-87963.479813	-112316.733577
-6037.943785	-6219.417598	-5757.161171	-5679.064176	-128662.229021	-111592.157077	-118703.476334	-133937.732451
-6123.930946	-5686.730824	-5923.748723	-5722.270098	-60118.592992	-120155.713875	-86680.400274	-112997.701823
-5160.213132	-5792.722797	-5757.988186	-5683.869801	-128664.978285	-111596.403908	-118706.337357	-133940.437012
1111.708714	-5434.893720	-4614.808215	-5377.628550	-59942.796522	-119836.843888	-88248.665720	-112154.661078
-3977.537629	-5156.547446	-5774.550828	-5686.663769	-128666.744073	-111599.577856	-118708.684290	-133942.627483
-4990.541040	-5636.148827	-5719.856110	-5656.287748	-60071.788439	-120094.984185	-87006.489874	-112831.382493
-6443.918519	-6502.658904	-5748.622805	-5678.997121	-128662.676056	-111591.665338	-118703.766907	-133937.933616
-3282.331322	-5565.964349	-5415.984144	-5556.867189	-60043.088799	-120001.106858	-87445.701652	-112586.072098
-3270.619007	-4875.295445	-5778.708253	-5693.145775	-128672.019085	-111605.724586	-118714.205171	-133947.969550
-343.255740	-5480.848906	-4846.975785	-5442.515664	-59963.449533	-119897.417116	-87983.954010	-112307.547010
-3256.939740	-4867.584094	-5774.774346	-5689.211868	-128668.174585	-111601.991844	-118710.226561	-133944.214457
-453.159267	-5482.078252	-4865.728899	-5444.728487	-59963.605996	-119899.652290	-87963.479813	-112316.733577
-6037.943785	-6219.417598	-5757.161171	-5679.064176	-128662.229021	-111592.157077	-118703.476334	-133937.732451
-6123.930946	-5686.730824	-5923.748723	-5722.270098	-60118.592992	-120155.713875	-86680.400274	-112997.701823
-5160.213132	-5792.722797	-5757.988186	-5683.869801	-128664.978285	-111596.403908	-118706.337357	-133940.437012
1111.708714	-5434.893720	-4614.808215	-5377.628550	-59942.796522	-119836.843888	-88248.665720	-112154.661078
-3977.537629	-5156.547446	-5774.550828	-5686.663769	-128666.744073	-111599.577856	-118708.684290	-133942.627483
-4990.541040	-5636.148827	-5719.856110	-5656.287748	-60071.788439	-120094.984185	-87006.489874	-112831.382493
-6443.918519	-6502.658904	-5748.622805	-5678.997121	-128662.676056	-111591.665338	-118703.766907	-133937.933616
-3282.331322	-5565.964349	-5415.984144	-5556.867189	-60043.088799	-120001.106858	-87445.701652	-112586.072098
-3270.619007	-4875.295445	-5778.708253	-5693.145775	-128672.019085	-111605.724586	-118714.205171	-133947.969550
-343.255740	-5480.848906	-4846.975785	-5442.515664	-59963.449533	-119897.417116	-87983.954010	-112307.547010
-6006.830157	-6200.619781	-5758.055241	-5679.444156	-128662.586649	-111592.447650	-118703.878665	-133937.933616
-6140.359478	-5687.937819	-5926.229766	-5724.214700	-60119.084730	-120157.323200	-86672.375998	-113001.568675
-5209.610487	-5817.935564	-5758.234055	-5684.160374	-128665.291210	-111596.493315	-118706.762040	-133940.548770
1069.262751	-5437.844150	-4612.729503	-5381.249533	-59945.277565	-119839.839022	-88241.803735	-112160.316069
-3930.017821	-5135.313289	-5776.897761	-5688.563667	-128668.599268	-111601.388347	-118710.561837	-133944.281512
-4908.756007	-5633.108989	-5703.919316	-5652.242083	-60068.927415	-120090.983223	-87025.377098	-112821.145394
-6451.048726	-6507.844509	-5748.667508	-5678.728900	-128662.497242	-111591.374766	-118703.476334	-133937.553637
-3385.819898	-5570.524105	-5432.882063	-5562.745698	-60045.927470	-120006.471277	-87422.344079	-112599.416089
-3294.222450	-4887.208925	-5780.004654	-5694.442176	-128673.270783	-111606.842173	-118715.389814	-133949.020082
-232.055811	-5479.999540	-4823.595860	-5440.369897	-59963.226016	-119895.383107	-88003.958822	-112299.612141
-5979.248104	-6184.079490	-5761.050375	-5682.014606	-128664.911230	-111594.682824	-118706.180895	-133940.101736
-6156.005699	-5691.670560	-5930.588356	-5728.148607	-60121.789291	-120160.966535	-86668.710311	-113007.581294
-5266.048642	-5847.015184	-5760.513933	-5686.484955	-128667.481681	-111598.594379	-118708.885456	-133942.716890
-6140.359478	-5687.937819	-5926.229766	-5724.214700	-60119.084730	-120157.323200	-86672.375998	-113001.568675
-5209.610487	-5817.935564	-5758.234055	-5684.160374	-128665.291210	-111596.493315	-118706.762040	-133940.548770
1069.262751	-5437.844150	-4612.729503	-5381.249533	-59945.277565	-119839.839022	-88241.803735	-112160.316069
-3930.017821	-5135.313289	-5776.897761	-5688.563667	-128668.599268	-111601.388347	-118710.561837	-133944.281512
-4908.756007	-5633.108989	-5703.919316	-5652.242083	-60068.927415	-120090.983223	-87025.377098	-112821.145394
-6451.048726	-6507.844509	-5748.667508	-5678.728900	-128662.497242	-111591.374766	-118703.476334	-133937.553637
-3385.819898	-5570.524105	-5432.882063	-5562.745698	-60045.927470	-120006.471277	-87422.344079	-112599.416089
-3294.222450	-4887.208925	-5780.004654	-5694.442176	-128673.270783	-111606.842173	-118715.389814	-133949.020082
-232.055811	-5479.999540	-4823.595860	-5440.369897	-59963.226016	-119895.383107	-88003.958822	-112299.612141
-5979.248104	-6184.079490	-5761.050375	-5682.014606	-128664.911230	-111594.682824	-118706.180895	-133940.101736
-6156.005699	-5691.670560	-5930.588356	-5728.148607	-60121.789291	-120160.966535	-86668.710311	-113007.581294
-5266.048642	-5847.015184	-5760.513933	-5686.484955	-128667.481681	-111598.594379	-118708.885456	-133942.716890
1014.277460	-5442.426257	-4625.022963	-5386.166917	-59949.390286	-119844.510537	-88235.254673	-112168.049773
-3888.465928	-5118.907108	-5779.982302	-5691.178821	-128671.102663	-111603.802336	-118713.020529	-133946.673148
-4829.027334	-5630.538539	-5689.815365	-5648.442286	-60067.005165	-120087.295185	-87045.672482	-112810.863592
-6456.077868	-6511.420788	-5747.952252	-5677.968940	-128661.469062	-111590.190123	-118702.492857	-133936.413698
-3498.137414	-5572.334596	-5454.719717	-5565.919646	-60046.463912	-120009.153486	-87395.544338	-112610.211982
-3319.122293	-4900.284696	-5777.568314	-5692.184650	-128670.879146	-111604.294074	-118712.953474	-133946.449631
-134.736316	-5475.909171	-4810.408331	-5435.050182	-59960.119123	-119890.353965	-88020.320299	-112288.302158
-5945.541673	-6163.113554	-5759.686918	-5680.360577	-128663.078387	-111592.827629	-118704.482163	-133938.201837
-6167.181571	-5689.413034	-5930.387191	-5726.293412	-60118.972971	-120159.156043	-86659.210820	-113007.625998
-5314.373113	-5869.568094	-5757.854075	-5683.914505	-128665.112396	-111595.979225	-118706.493820	-133940.124087
949.613863	-5442.381554	-4637.361126	-5386.725710	-59949.278527	-119844.689351	-88224.034098	-112171.246072
-3844.097715	-5098.924649	-5780.764613	-5691.759967	-128671.549698	-111604.294074	-118713.556971	-133947.075480
-4749.253958	-5628.705696	-5676.963112	-5645.402449	-60066.245206	-120084.702383	-87067.532488	-112801.520562
-4829.027334	-5630.538539	-5689.815365	-5648.442286	-60067.005165	-120087.295185	-87045.672482	-112810.863592
-6456.077868	-6511.420788	-5747.952252	-5677.968940	-128661.469062	-111590.190123	-118702.492857	-133936.413698
-3498.137414	-5572.334596	-5454.719717	-5565.919646	-60046.463912	-120009.153486	-87395.544338	-112610.211982
-3319.122293	-4900.284696	-5777.568314	-5692.184650	-128670.879146	-111604.294074	-118712.953474	-133946.449631
-134.736316	-5475.909171	-4810.408331	-5435.050182	-59960.119123	-119890.353965	-88020.320299	-112288.302158
-5945.541673	-6163.113554	-5759.686918	-5680.360577	-128663.078387	-111592.827629	-118704.482163	-133938.201837
-6167.181571	-5689.413034	-5930.387191	-5726.293412	-60118.972971	-120159.156043	-86659.210820	-113007.625998
-5314.373113	-5869.568094	-5757.854075	-5683.914505	-128665.112396	-111595.979225	-118706.493820	-133940.124087
949.613863	-5442.381554	-4637.361126	-5386.725710	-59949.278527	-119844.689351	-88224.034098	-112171.246072
-3844.097715	-5098.924649	-5780.764613	-5691.759967	-128671.549698	-111604.294074	-118713.556971	-133947.075480
-4749.253958	-5628.705696	-5676.963112	-5645.402449	-60066.245206	-120084.702383	-87067.532488	-112801.520562
-6461.866970	-6515.801730	-5748.935729	-5678.818307	-128662.296076	-111590.950083	-118703.297520	-133937.039547
-3603.481186	-5576.067338	-5473.875162	-5571.060547	-60049.168473	-120013.869704	-87371.538564	-112622.930124
-3342.256348	-4910.141815	-5775.154325	-5689.860069	-128668.509861	-111601.902437	-118710.561837	-133943.968587
-28.409067	-5468.309578	-4785.821412	-5426.333001	-59953.815932	-119882.039116	-88033.731345	-112273.974690
-5909.063626	-6139.376001	-5757.205875	-5677.432499	-128660.262067	-111589.988958	-118701.442325	-133935.072593
-6173.082432	-5687.647246	-5928.822569	-5724.795845	-60116.871907	-120157.546718	-86652.505297	-113007.514239
-5359.702451	-5889.975237	-5754.255444	-5680.427632	-128661.737282	-111592.313539	-118702.984596	-133936.391346
896.260249	-5439.185254	-4638.523416	-5383.864687	-59946.015173	-119841.850679	-88209.237243	-112171.536645
-3791.682874	-5071.074375	-5774.394366	-5685.166202	-128664.978285	-111597.588551	-118706.940854	-133940.146439
-4655.644853	-5617.596879	-5653.136152	-5633.086638	-60055.985755	-120072.833606	-87080.675314	-112782.454524
-6458.625967	-6511.532546	-5741.559653	-5671.352824	-128655.009407	-111583.462248	-118696.010851	-133929.574064
-3703.594649	-5572.803983	-5487.040339	-5569.205352	-60044.943994	-120011.835696	-87340.871971	-112628.875688
-3364.339872	-4918.657830	-5771.533343	-5686.373196	-128665.335913	-111598.415565	-118707.343186	-133940.414660
67.055233	-5465.828534	-4769.504639	-5422.868481	-59952.407772	-119878.909871	-88051.098651	-112265.145751
-28.409067	-5468.309578	-4785.821412	-5426.333001	-59953.815932	-119882.039116	-88033.731345	-112273.974690
-5909.063626	-6139.376001	-5757.205875	-5677.432499	-128660.262067	-111589.988958	-118701.442325	-133935.072593
-6173.082432	-5687.647246	-5928.822569	-5724.795845	-60116.871907	-120157.546718	-86652.505297	-113007.514239
-5359.702451	-5889.975237	-5754.255444	-5680.427632	-128661.737282	-111592.313539	-118702.984596	-133936.391346
896.260249	-5439.185254	-4638.523416	-5383.864687	-59946.015173	-119841.850679	-88209.237243	-112171.536645
-3791.682874	-5071.074375	-5774.394366	-5685.166202	-128664.978285	-111597.588551	-118706.940854	-133940.146439
-4655.644853	-5617.596879	-5653.136152	-5633.086638	-60055.985755	-120072.833606	-87080.675314	-112782.454524
-6458.625967	-6511.532546	-5741.559653	-5671.352824	-128655.009407	-111583.462248	-118696.010851	-133929.574064
-3703.594649	-5572.803983	-5487.040339	-5569.205352	-60044.943994	-120011.835696	-87340.871971	-112628.875688
-3364.339872	-4918.657830	-5771.533343	-5686.373196	-128665.335913	-111598.415565	-118707.343186	-133940.414660
67.055233	-5465.828534	-4769.504639	-5422.868481	-59952.407772	-119878.909871	-88051.098651	-112265.145751
-5876.653597	-6120.667591	-5758.748145	-5678.885362	-128661.781986	-111591.419469	-118703.029299	-133936.525456
-6184.928856	-5689.703606	-5932.197682	-5727.254537	-60118.682399	-120160.161872	-86651.343006	-113011.783422
-5412.765493	-5917.758455	-5755.484790	-5682.215772	-128663.704236	-111594.213437	-118705.040956	-133938.358300
822.298327	-5443.342679	-4656.181294	-5389.005588	-59950.083190	-119846.768063	-88200.900042	-112180.410287
-3760.636301	-5061.999567	-5779.378805	-5690.307103	-128670.208594	-111602.774155	-118712.238218	-133945.354396
-4580.319474	-5621.284917	-5645.357745	-5635.701792	-60060.769029	-120075.761685	-87109.620823	-112779.168818
-6470.628854	-6522.484901	-5747.974604	-5678.080699	-128662.005503	-111590.324234	-118702.984596	-133936.458401
-3818.594374	-5583.108137	-5514.354171	-5580.917666	-60054.085857	-120023.078623	-87324.197569	-112648.858148
-3405.668247	-4943.557673	-5774.751994	-5690.128289	-128669.158062	-111602.215362	-118711.142982	-133944.348567
158.831496	-5465.605016	-4758.619339	-5421.303859	-59953.167731	-119877.702877	-88070.857593	-112258.999021
-5844.958823	-6102.562678	-5759.664566	-5679.824135	-128662.720759	-111592.358243	-118704.035128	-133937.352471
-6194.495403	-5690.754138	-5934.276394	-5728.439179	-60119.218841	-120161.212404	-86647.699672	-113015.113832
-5466.409679	-5946.323984	-5755.574197	-5682.729862	-128664.352437	-111594.593417	-118705.689157	-133938.872390
746.123582	-5446.717792	-4672.676882	-5392.783033	-59953.324193	-119850.187880	-88191.087626	-112188.412212
-4580.319474	-5621.284917	-5645.357745	-5635.701792	-60060.769029	-120075.761685	-87109.620823	-112779.168818
-6470.628854	-6522.484901	-5747.974604	-5678.080699	-128662.005503	-111590.324234	-118702.984596	-133936.458401
-3818.594374	-5583.108137	-5514.354171	-5580.917666	-60054.085857	-120023.078623	-87324.197569	-112648.858148
-3405.668247	-4943.557673	-5774.751994	-5690.128289	-128669.158062	-111602.215362	-118711.142982	-133944.348567
158.831496	-5465.605016	-4758.619339	-5421.303859	-59953.167731	-119877.702877	-88070.857593	-112258.999021
-5844.958823	-6102.562678	-5759.664566	-5679.824135	-128662.720759	-111592.358243	-118704.035128	-133937.352471
-6194.495403	-5690.754138	-5934.276394	-5728.439179	-60119.218841	-120161.212404	-86647.699672	-113015.113832
-5466.409679	-5946.323984	-5755.574197	-5682.729862	-128664.352437	-111594.593417	-118705.689157	-133938.872390
746.123582	-5446.717792	-4672.676882	-5392.783033	-59953.324193	-119850.187880	-88191.087626	-112188.412212
-3726.728705	-5049.750811	-5778.328273	-5689.122461	-128669.135710	-111601.567161	-118711.120631	-133944.192105
-4492.387711	-5615.026428	-5626.828149	-5628.169254	-60055.628128	-120068.475016	-87128.306881	-112765.176626
-6472.886380	-6523.960116	-5745.873540	-5676.136097	-128660.127957	-111588.267873	-118700.995290	-133934.446744
-3923.446408	-5585.924457	-5533.353154	-5585.142146	-60056.164569	-120026.967827	-87299.118912	-112661.263366
-3434.546701	-4958.108659	-5773.120317	-5688.898944	-128667.861660	-111600.784850	-118709.958340	-133942.851000
257.983835	-5460.330005	-4740.089743	-5414.888908	-59949.367934	-119871.556148	-88085.699151	-112247.152596
-5804.457462	-6077.908704	-5757.362337	-5677.521906	-128660.284419	-111589.787792	-118701.487029	-133934.670262
-6197.892868	-5688.898944	-5933.382324	-5726.807502	-60117.542460	-120159.670134	-86642.558770	-113014.555039
-5511.604907	-5967.289921	-5752.646119	-5680.271170	-128662.027855	-111591.978263	-118703.275168	-133936.279587
669.255932	-5446.471923	-4685.484431	-5393.140661	-59953.391248	-119850.523156	-88176.581344	-112192.591988
-3680.572352	-5027.846101	-5778.685901	-5689.569496	-128669.448634	-111601.790679	-118711.522962	-133944.326215
-4400.209117	-5612.634791	-5611.919536	-5624.481216	-60055.046982	-120065.256365	-87152.111489	-112754.246623
-6476.775584	-6527.335230	-5748.779267	-5679.086528	-128663.011332	-111590.950083	-118703.990424	-133937.106602
-4030.421857	-5592.518221	-5556.330747	-5593.121719	-60062.266596	-120034.567420	-87278.331790	-112676.283738
-3459.781821	-4968.993958	-5776.204857	-5692.251705	-128671.460291	-111604.182315	-118713.556971	-133946.181410
343.211036	-5460.888798	-4731.394915	-5414.285411	-59951.558405	-119871.354982	-88104.161692	-112241.162329
-3434.546701	-4958.108659	-5773.120317	-5688.898944	-128667.861660	-111600.784850	-118709.958340	-133942.851000
257.983835	-5460.330005	-4740.089743	-5414.888908	-59949.367934	-119871.556148	-88085.699151	-112247.152596
-5804.457462	-6077.908704	-5757.362337	-5677.521906	-128660.284419	-111589.787792	-118701.487029	-133934.670262
-6197.892868	-5688.898944	-5933.382324	-5726.807502	-60117.542460	-120159.670134	-86642.558770	-113014.555039
-5511.604907	-5967.289921	-5752.646119	-5680.271170	-128662.027855	-111591.978263	-118703.275168	-133936.279587
669.255932	-5446.471923	-4685.484431	-5393.140661	-59953.391248	-119850.523156	-88176.581344	-112192.591988
-3680.572352	-5027.846101	-5778.685901	-5689.569496	-128669.448634	-111601.790679	-118711.522962	-133944.326215
-4400.209117	-5612.634791	-5611.919536	-5624.481216	-60055.046982	-120065.256365	-87152.111489	-112754.246623
-6476.775584	-6527.335230	-5748.779267	-5679.086528	-128663.011332	-111590.950083	-118703.990424	-133937.106602
-4030.421857	-5592.518221	-5556.330747	-5593.121719	-60062.266596	-120034.567420	-87278.331790	-112676.283738
-3459.781821	-4968.993958	-5776.204857	-5692.251705	-128671.460291	-111604.182315	-118713.556971	-133946.181410
343.211036	-5460.888798	-4731.394915	-5414.285411	-59951.558405	-119871.354982	-88104.161692	-112241.162329
-5768.627616	-6058.887370	-5762.346776	-5682.238124	-128665.022989	-111594.481658	-118706.471468	-133939.364128
-6208.040560	-5694.978618	-5940.601938	-5733.021287	-60124.113873	-120165.749808	-86647.632616	-113020.657065
-5560.085840	-5994.335532	-5757.831723	-5685.814403	-128667.436977	-111597.320330	-118708.840753	-133941.711061
586.867402	-5450.763458	-4703.656400	-5398.169803	-59957.839246	-119855.194671	-88166.277190	-112200.795078
-3637.142913	-5007.595421	-5779.244695	-5690.105938	-128669.828614	-111602.036548	-118711.925293	-133944.549733
-4311.517395	-5609.349085	-5595.736873	-5619.876757	-60052.901215	-120060.897775	-87174.753806	-112741.908460
-6478.295502	-6528.698686	-5749.606281	-5679.891191	-128663.793643	-111591.665338	-118704.817439	-133937.799506
-4130.445913	-5597.726178	-5576.380262	-5599.804890	-60066.513427	-120040.602391	-87257.656426	-112689.672433
-3497.220993	-4990.205764	-5778.216514	-5694.442176	-128673.561355	-111606.082214	-118715.635683	-133948.215419
426.605395	-5461.447592	-4720.442560	-5414.330115	-59952.988917	-119871.042057	-88121.886626	-112235.797910
-5735.323517	-6041.385954	-5766.750069	-5686.239086	-128669.001599	-111598.527324	-118710.427727	-133943.230980
-6212.019171	-5699.024284	-5944.088810	-5737.268119	-60127.623096	-120169.750770	-86651.164192	-113025.038007
-5610.891355	-6022.409323	-5761.162133	-5689.278923	-128671.102663	-111600.918961	-118712.349977	-133945.175582
-5560.085840	-5994.335532	-5757.831723	-5685.814403	-128667.436977	-111597.320330	-118708.840753	-133941.711061
586.867402	-5450.763458	-4703.656400	-5398.169803	-59957.839246	-119855.194671	-88166.277190	-112200.795078
-3637.142913	-5007.595421	-5779.244695	-5690.105938	-128669.828614	-111602.036548	-118711.925293	-133944.549733
-4311.517395	-5609.349085	-5595.736873	-5619.876757	-60052.901215	-120060.897775	-87174.753806	-112741.908460
-6478.295502	-6528.698686	-5749.606281	-5679.891191	-128663.793643	-111591.665338	-118704.817439	-133937.799506
-4130.445913	-5597.726178	-5576.380262	-5599.804890	-60066.513427	-120040.602391	-87257.656426	-112689.672433
-3497.220993	-4990.205764	-5778.216514	-5694.442176	-128673.561355	-111606.082214	-118715.635683	-133948.215419
426.605395	-5461.447592	-4720.442560	-5414.330115	-59952.988917	-119871.042057	-88121.886626	-112235.797910
-5735.323517	-6041.385954	-5766.750069	-5686.239086	-128669.001599	-111598.527324	-118710.427727	-133943.230980
-6212.019171	-5699.024284	-5944.088810	-5737.268119	-60127.623096	-120169.750770	-86651.164192	-113025.038007
-5610.891355	-6022.409323	-5761.162133	-5689.278923	-128671.102663	-111600.918961	-118712.349977	-133945.175582
509.843291	-5458.184237	-4719.369676	-5406.104673	-59964.388307	-119862.660153	-88158.141155	-112213.066186
-3613.807692	-5002.812147	-5786.352549	-5697.079682	-128676.936469	-111609.144403	-118718.899038	-133951.478774
-4219.763484	-5614.154710	-5585.298608	-5623.453036	-60058.690317	-120064.518757	-87205.710972	-112738.689809
-6488.197325	-6538.019364	-5757.921130	-5687.803708	-128671.929678	-111599.510801	-118712.864067	-133945.801430
-4234.023897	-5609.662009	-5600.855422	-5613.215937	-60077.175209	-120053.365237	-87242.367833	-112710.794832
-3541.298633	-5014.949145	-5785.458480	-5701.482976	-128680.870376	-111613.055958	-118722.855296	-133955.323274
513.464274	-5465.493258	-4708.842004	-5417.302897	-59957.951004	-119874.193653	-88142.472582	-112234.546212
-5701.170051	-6023.728075	-5771.935674	-5690.664731	-128673.471948	-111602.818859	-118715.009834	-133947.656625
-6213.829662	-5702.488804	-5946.659261	-5740.665584	-60130.618230	-120172.880015	-86653.086442	-113028.815452
-5656.310100	-6046.951538	-5762.860866	-5690.865897	-128672.890803	-111602.371824	-118714.249875	-133946.829611
429.041735	-5462.207551	-4735.306470	-5410.932649	-59967.986938	-119867.018743	-88145.668882	-112221.984532
-3584.057520	-4992.686807	-5788.475965	-5698.778415	-128678.635201	-111610.686673	-118720.709529	-133952.976340
-4124.746218	-5610.466672	-5567.484268	-5618.513300	-60055.985755	-120059.690781	-87226.766315	-112726.284591
-6485.313950	-6535.158340	-5756.088287	-5685.792051	-128669.962724	-111597.476792	-118710.897113	-133943.655663
-4219.763484	-5614.154710	-5585.298608	-5623.453036	-60058.690317	-120064.518757	-87205.710972	-112738.689809
-6488.197325	-6538.019364	-5757.921130	-5687.803708	-128671.929678	-111599.510801	-118712.864067	-133945.801430
-4234.023897	-5609.662009	-5600.855422	-5613.215937	-60077.175209	-120053.365237	-87242.367833	-112710.794832
-3541.298633	-5014.949145	-5785.458480	-5701.482976	-128680.870376	-111613.055958	-118722.855296	-133955.323274
513.464274	-5465.493258	-4708.842004	-5417.302897	-59957.951004	-119874.193653	-88142.472582	-112234.546212
-5701.170051	-6023.728075	-5771.935674	-5690.664731	-128673.471948	-111602.818859	-118715.009834	-133947.656625
-6213.829662	-5702.488804	-5946.659261	-5740.665584	-60130.618230	-120172.880015	-86653.086442	-113028.815452
-5656.310100	-6046.951538	-5762.860866	-5690.865897	-128672.890803	-111602.371824	-118714.249875	-133946.829611
429.041735	-5462.207551	-4735.306470	-5410.932649	-59967.986938	-119867.018743	-88145.668882	-112221.984532
-3584.057520	-4992.686807	-5788.475965	-5698.778415	-128678.635201	-111610.686673	-118720.709529	-133952.976340
-4124.746218	-5610.466672	-5567.484268	-5618.513300	-60055.985755	-120059.690781	-87226.766315	-112726.284591
-6485.313950	-6535.158340	-5756.088287	-5685.792051	-128669.962724	-111597.476792	-118710.897113	-133943.655663
-4321.374514	-5609.907879	-5613.640620	-5614.691152	-60076.281139	-120054.169900	-87216.082181	-112718.617942
-3566.958435	-5026.549700	-5782.016311	-5698.532545	-128677.919945	-111609.926714	-118719.770756	-133952.037567
594.802272	-5461.536999	-4693.866336	-5412.452568	-59954.642946	-119869.410380	-88153.357882	-112224.577334
-5657.762964	-5998.738825	-5771.108660	-5689.837717	-128672.488472	-111601.678920	-118713.914599	-133946.404928
-6207.995857	-5700.678313	-5943.999403	-5739.168017	-60128.651277	-120171.114227	-86651.767689	-113026.177946
-5693.436348	-6064.832934	-5761.944444	-5689.971827	-128672.175547	-111601.388347	-118713.333453	-133945.935541
348.776620	-5463.548656	-4745.945900	-5413.391341	-59969.015118	-119869.030400	-88130.626158	-112227.885393
-3540.695136	-4970.670339	-5788.386558	-5698.554897	-128678.165815	-111610.105528	-118720.262494	-133952.574009
-4023.246947	-5606.242193	-5547.904140	-5613.014771	-60052.722401	-120054.549879	-87248.492211	-112712.873544
-6482.989369	-6533.236090	-5756.848247	-5686.149679	-128670.253297	-111597.633254	-118711.165334	-133943.767422
-4409.015704	-5613.461806	-5629.175082	-5619.541480	-60078.561017	-120058.819063	-87193.775140	-112729.994980
-3595.143985	-5039.111380	-5782.485698	-5698.778415	-128678.121111	-111610.016121	-118720.150735	-133952.283436
678.822479	-5459.100659	-4677.169583	-5409.032751	-59952.966565	-119866.325839	-88166.545411	-112216.441299
-3566.958435	-5026.549700	-5782.016311	-5698.532545	-128677.919945	-111609.926714	-118719.770756	-133952.037567
594.802272	-5461.536999	-4693.866336	-5412.452568	-59954.642946	-119869.410380	-88153.357882	-112224.577334
-5657.762964	-5998.738825	-5771.108660	-5689.837717	-128672.488472	-111601.678920	-118713.914599	-133946.404928
-6207.995857	-5700.678313	-5943.999403	-5739.168017	-60128.651277	-120171.114227	-86651.767689	-113026.177946
-5693.436348	-6064.832934	-5761.944444	-5689.971827	-128672.175547	-111601.388347	-118713.333453	-133945.935541
348.776620	-5463.548656	-4745.945900	-5413.391341	-59969.015118	-119869.030400	-88130.626158	-112227.885393
-3540.695136	-4970.670339	-5788.386558	-5698.554897	-128678.165815	-111610.105528	-118720.262494	-133952.574009
-4023.246947	-5606.242193	-5547.904140	-5613.014771	-60052.722401	-120054.549879	-87248.492211	-112712.873544
-6482.989369	-6533.236090	-5756.848247	-5686.149679	-128670.253297	-111597.633254	-118711.165334	-133943.767422
-4409.015704	-5613.461806	-5629.175082	-5619.541480	-60078.561017	-120058.819063	-87193.775140	-112729.994980
-3595.143985	-5039.111380	-5782.485698	-5698.778415	-128678.121111	-111610.016121	-118720.150735	-133952.283436
678.822479	-5459.100659	-4677.169583	-5409.032751	-59952.966565	-119866.325839	-88166.545411	-112216.441299
-5615.093483	-5974.956569	-5773.142668	-5690.955304	-128673.561355	-111602.841211	-118715.166296	-133947.522515
-6203.927839	-5702.868784	-5944.871121	-5741.045563	-60130.148844	-120173.282346	-86654.673416	-113027.496699
-5736.686973	-6088.838707	-5764.917226	-5692.765795	-128675.014219	-111604.092908	-118716.216828	-133948.617750
265.024634	-5468.711909	-4761.927397	-5419.247498	-59973.396060	-119874.618337	-88118.422105	-112238.010733
-3509.715618	-4959.829743	-5791.091119	-5700.924182	-128680.579803	-111612.653627	-118722.810593	-133954.898590
-3921.211233	-5604.431701	-5530.201558	-5609.706713	-60051.493055	-120051.554746	-87272.341522	-112702.278817
-6483.056424	-6533.437256	-5758.569331	-5687.311970	-128671.415588	-111598.884952	-118712.439384	-133944.907361
-4501.283705	-5617.842748	-5646.385926	-5625.040010	-60081.533799	-120064.027019	-87171.445748	-112742.735474
-3634.326593	-5057.886846	-5783.938561	-5700.298333	-128679.708085	-111611.446632	-118721.693006	-133953.669244
754.661948	-5459.346528	-4667.267760	-5408.272792	-59954.173559	-119865.811749	-88182.012818	-112211.501564
-5571.999320	-5951.464886	-5774.416718	-5691.849374	-128674.544832	-111603.623522	-118716.015663	-133948.237771
-6195.344769	-5700.164223	-5941.473656	-5738.296299	-60127.332524	-120170.466026	-86652.661759	-113024.568620
-5774.550828	-6107.256545	-5761.363299	-5689.345978	-128671.706161	-111600.561333	-118712.886418	-133945.153230
-6203.927839	-5702.868784	-5944.871121	-5741.045563	-60130.148844	-120173.282346	-86654.673416	-113027.496699
-5736.686973	-6088.838707	-5764.917226	-5692.765795	-128675.014219	-111604.092908	-118716.216828	-133948.617750
265.024634	-5468.711909	-4761.927397	-5419.247498	-59973.396060	-119874.618337	-88118.422105	-112238.010733
-3509.715618	-4959.829743	-5791.091119	-5700.924182	-128680.579803	-111612.653627	-118722.810593	-133954.898590
-3921.211233	-5604.431701	-5530.201558	-5609.706713	-60051.493055	-120051.554746	-87272.341522	-112702.278817
-6483.056424	-6533.437256	-5758.569331	-5687.311970	-128671.415588	-111598.884952	-118712.439384	-133944.907361
-4501.283705	-5617.842748	-5646.385926	-5625.040010	-60081.533799	-120064.027019	-87171.445748	-112742.735474
-3634.326593	-5057.886846	-5783.938561	-5700.298333	-128679.708085	-111611.446632	-118721.693006	-133953.669244
754.661948	-5459.346528	-4667.267760	-5408.272792	-59954.173559	-119865.811749	-88182.012818	-112211.501564
-5571.999320	-5951.464886	-5774.416718	-5691.849374	-128674.544832	-111603.623522	-118716.015663	-133948.237771
-6195.344769	-5700.164223	-5941.473656	-5738.296299	-60127.332524	-120170.466026	-86652.661759	-113024.568620
-5774.550828	-6107.256545	-5761.363299	-5689.345978	-128671.706161	-111600.561333	-118712.886418	-133945.153230
171.750804	-5468.935426	-4779.741738	-5420.275679	-59973.329004	-119875.311241	-88100.764227	-112243.844538
-3478.534934	-4945.748144	-5789.481794	-5699.113691	-128678.881070	-111610.619618	-118720.977750	-133952.864582
-3820.203700	-5598.016751	-5509.414436	-5601.995361	-60046.463912	-120044.156318	-87292.100464	-112687.347852
-6477.893171	-6528.497521	-5755.641252	-5684.249781	-128668.353399	-111595.599246	-118709.377195	-133941.599302
-4585.058044	-5618.759169	-5660.176952	-5627.342239	-60081.578503	-120065.926917	-87146.523553	-112751.922041
-3672.413966	-5077.310512	-5782.485698	-5699.068987	-128678.590498	-111610.217286	-118720.575419	-133952.395195
827.640394	-5457.379574	-4659.243483	-5405.478824	-59953.234786	-119863.286002	-88193.568670	-112204.661930
-5531.162683	-5930.677763	-5777.702424	-5694.844508	-128677.539966	-111606.596304	-118719.010796	-133951.009387
-6190.583848	-5703.628743	-5943.954700	-5741.649060	-60130.841748	-120173.930547	-86658.294399	-113027.206126
-5815.342762	-6130.480007	-5764.336081	-5692.564630	-128675.103626	-111603.824687	-118716.328587	-133948.416585
79.751024	-5473.919865	-4796.438491	-5426.131836	-59978.000519	-119880.921528	-88087.196718	-112254.327506
-3447.488361	-4931.621841	-5792.611038	-5702.175880	-128681.898556	-111613.704159	-118724.151698	-133955.792660
-3718.436208	-5597.167384	-5492.047130	-5599.514317	-60046.709781	-120042.256420	-87317.469694	-112677.490732
-3820.203700	-5598.016751	-5509.414436	-5601.995361	-60046.463912	-120044.156318	-87292.100464	-112687.347852
-6477.893171	-6528.497521	-5755.641252	-5684.249781	-128668.353399	-111595.599246	-118709.377195	-133941.599302
-4585.058044	-5618.759169	-5660.176952	-5627.342239	-60081.578503	-120065.926917	-87146.523553	-112751.922041
-3672.413966	-5077.310512	-5782.485698	-5699.068987	-128678.590498	-111610.217286	-118720.575419	-133952.395195
827.640394	-5457.379574	-4659.243483	-5405.478824	-59953.234786	-119863.286002	-88193.568670	-112204.661930
-5531.162683	-5930.677763	-5777.702424	-5694.844508	-128677.539966	-111606.596304	-118719.010796	-133951.009387
-6190.583848	-5703.628743	-5943.954700	-5741.649060	-60130.841748	-120173.930547	-86658.294399	-113027.206126
-5815.342762	-6130.480007	-5764.336081	-5692.564630	-128675.103626	-111603.824687	-118716.328587	-133948.416585
79.751024	-5473.919865	-4796.438491	-5426.131836	-59978.000519	-119880.921528	-88087.196718	-112254.327506
-3447.488361	-4931.621841	-5792.611038	-5702.175880	-128681.898556	-111613.704159	-118724.151698	-133955.792660
-3718.436208	-5597.167384	-5492.047130	-5599.514317	-60046.709781	-120042.256420	-87317.469694	-112677.490732
-6477.222619	-6528.274003	-5758.435221	-5686.909638	-128671.102663	-111598.236751	-118712.260570	-133944.281512
-4673.570952	-5624.101236	-5677.723071	-5633.824245	-60085.914741	-120072.386571	-87126.116410	-112765.511902
-3711.685981	-5095.996570	-5783.625637	-5700.343037	-128679.886899	-111611.446632	-118722.050634	-133953.646893
896.953153	-5456.172580	-4647.598225	-5403.198946	-59952.810103	-119861.475511	-88205.102170	-112198.783421
-5484.201668	-5905.107368	-5778.775308	-5695.425653	-128678.143463	-111607.266856	-118719.726052	-133951.568181
-6180.234990	-5703.427577	-5942.255967	-5741.291433	-60130.528823	-120173.818788	-86661.490698	-113026.200298
-5852.178437	-6150.328356	-5764.492543	-5692.609333	-128675.327143	-111603.847039	-118716.552105	-133948.550695
-12.315811	-5476.624426	-4810.430683	-5429.462246	-59980.123935	-119884.341345	-88070.812889	-112263.178797
-3416.754713	-4918.702533	-5793.572163	-5702.824080	-128682.882033	-111614.508821	-118725.001064	-133956.731433
-3610.454930	-5593.546402	-5470.947083	-5594.395768	-60043.960517	-120037.853126	-87340.715509	-112665.331383
-6474.339244	-6525.792959	-5758.837552	-5686.775528	-128671.281477	-111598.370862	-118712.327625	-133944.415622
-4757.367642	-5628.079847	-5692.251705	-5638.965146	-60088.552247	-120077.259252	-87104.815198	-112777.917120
-3756.702394	-5118.303611	-5784.095023	-5700.812423	-128680.780969	-111612.072481	-118722.832945	-133954.384500
962.376709	-5454.518551	-4635.975317	-5401.142585	-59951.916033	-119859.463854	-88216.322746	-112193.262540
896.953153	-5456.172580	-4647.598225	-5403.198946	-59952.810103	-119861.475511	-88205.102170	-112198.783421
-5484.201668	-5905.107368	-5778.775308	-5695.425653	-128678.143463	-111607.266856	-118719.726052	-133951.568181
-6180.234990	-5703.427577	-5942.255967	-5741.291433	-60130.528823	-120173.818788	-86661.490698	-113026.200298
-5852.178437	-6150.328356	-5764.492543	-5692.609333	-128675.327143	-111603.847039	-118716.552105	-133948.550695
-12.315811	-5476.624426	-4810.430683	-5429.462246	-59980.123935	-119884.341345	-88070.812889	-112263.178797
-3416.754713	-4918.702533	-5793.572163	-5702.824080	-128682.882033	-111614.508821	-118725.001064	-133956.731433
-3610.454930	-5593.546402	-5470.947083	-5594.395768	-60043.960517	-120037.853126	-87340.715509	-112665.331383
-6474.339244	-6525.792959	-5758.837552	-5686.775528	-128671.281477	-111598.370862	-118712.327625	-133944.415622
-4757.367642	-5628.079847	-5692.251705	-5638.965146	-60088.552247	-120077.259252	-87104.815198	-112777.917120
-3756.702394	-5118.303611	-5784.095023	-5700.812423	-128680.780969	-111612.072481	-118722.832945	-133954.384500
962.376709	-5454.518551	-4635.975317	-5401.142585	-59951.916033	-119859.463854	-88216.322746	-112193.262540
-5439.766400	-5880.922780	-5778.618846	-5694.665694	-128677.629373	-111606.641007	-118719.189610	-133950.987035
-6166.041632	-5701.594734	-5938.255005	-5739.324479	-60128.517166	-120171.985945	-86664.016445	-113023.540440
-5890.779899	-6171.338996	-5764.313729	-5692.341112	-128675.394198	-111603.847039	-118716.663863	-133948.416585
-112.541033	-5479.284284	-4828.110913	-5433.373801	-59982.224999	-119887.895273	-88053.825564	-112272.588882
-3396.280515	-4912.689914	-5792.365169	-5701.527679	-128681.518576	-111613.257124	-118723.749366	-133955.256218
-3500.059664	-5588.584314	-5448.841208	-5588.114928	-60040.227776	-120031.974617	-87363.491936	-112651.875633
-6470.606502	-6522.641363	-5759.083421	-5686.864935	-128671.572050	-111598.594379	-118712.662901	-133944.437974
-4839.197378	-5629.532710	-5705.171013	-5641.870873	-60088.954579	-120080.030868	-87081.167052	-112787.975405
-3800.355351	-5138.107257	-5779.825840	-5696.811461	-128676.958820	-111608.250333	-118719.010796	-133950.428242
1025.341573	-5450.785810	-4625.827625	-5396.962809	-59949.479693	-119855.686409	-88225.263444	-112186.020575
-5393.498289	-5857.341690	-5780.362282	-5696.230316	-128679.216347	-111608.339740	-118720.888343	-133952.484602
-6152.898807	-5702.064121	-5937.204473	-5739.995031	-60129.388884	-120172.947070	-86669.582030	-113023.026350
-5925.536862	-6190.203868	-5764.179619	-5692.408167	-128675.729475	-111603.981150	-118717.021491	-133948.617750
-209.994639	-5482.234714	-4844.561797	-5437.642984	-59985.153077	-119892.097401	-88036.882941	-112282.468353
-112.541033	-5479.284284	-4828.110913	-5433.373801	-59982.224999	-119887.895273	-88053.825564	-112272.588882
-3396.280515	-4912.689914	-5792.365169	-5701.527679	-128681.518576	-111613.257124	-118723.749366	-133955.256218
-3500.059664	-5588.584314	-5448.841208	-5588.114928	-60040.227776	-120031.974617	-87363.491936	-112651.875633
-6470.606502	-6522.641363	-5759.083421	-5686.864935	-128671.572050	-111598.594379	-118712.662901	-133944.437974
-4839.197378	-5629.532710	-5705.171013	-5641.870873	-60088.954579	-120080.030868	-87081.167052	-112787.975405
-3800.355351	-5138.107257	-5779.825840	-5696.811461	-128676.958820	-111608.250333	-118719.010796	-133950.428242
1025.341573	-5450.785810	-4625.827625	-5396.962809	-59949.479693	-119855.686409	-88225.263444	-112186.020575
-5393.498289	-5857.341690	-5780.362282	-5696.230316	-128679.216347	-111608.339740	-118720.888343	-133952.484602
-6152.898807	-5702.064121	-5937.204473	-5739.995031	-60129.388884	-120172.947070	-86669.582030	-113023.026350
-5925.536862	-6190.203868	-5764.179619	-5692.408167	-128675.729475	-111603.981150	-118717.021491	-133948.617750
-209.994639	-5482.234714	-4844.561797	-5437.642984	-59985.153077	-119892.097401	-88036.882941	-112282.468353
-3370.754823	-4899.703550	-5795.941448	-5705.014551	-128685.296021	-111616.989865	-118727.660922	-133958.877201
-3392.078387	-5587.064396	-5430.602185	-5585.700939	-60040.540700	-120030.141774	-87389.487015	-112641.817348
-6466.113802	-6518.930974	-5759.798677	-5687.244914	-128672.287306	-111599.197876	-118713.400509	-133944.974416
-4920.691838	-5633.757190	-5720.839586	-5647.771734	-60092.866134	-120085.775266	-87061.050482	-112800.693548
-3844.298881	-5160.190780	-5783.715044	-5700.655961	-128681.317411	-111612.318350	-118723.235276	-133954.496259
1086.227725	-5450.227016	-4616.663410	-5396.180498	-59950.306708	-119855.284078	-88236.595778	-112181.661985
-5341.284614	-5827.792684	-5778.842363	-5694.285714	-128677.428207	-111606.439842	-118719.010796	-133950.405890
-6134.033934	-5697.794938	-5932.108275	-5735.971717	-60125.857309	-120169.393142	-86671.794852	-113017.505469
-5960.830267	-6208.733464	-5763.352604	-5691.603505	-128675.327143	-111603.444708	-118716.596808	-133947.902494
-320.658126	-5482.234714	-4869.104012	-5439.118199	-59985.197781	-119893.617319	-88016.073467	-112289.777373
-3347.129029	-4887.857126	-5793.303942	-5702.086473	-128682.636164	-111614.173545	-118724.889305	-133955.949122
-3282.219563	-5582.079957	-5410.597373	-5579.554210	-60037.098531	-120024.732652	-87412.375201	-112628.473357
-6462.582226	-6516.226413	-5762.659700	-5689.569496	-128674.701294	-111601.567161	-118715.836849	-133947.209590
-5000.219345	-5638.384001	-5736.888139	-5653.829056	-60096.576523	-120091.854941	-87041.582113	-112813.791670
-4920.691838	-5633.757190	-5720.839586	-5647.771734	-60092.866134	-120085.775266	-87061.050482	-112800.693548
-3844.298881	-5160.190780	-5783.715044	-5700.655961	-128681.317411	-111612.318350	-118723.235276	-133954.496259
1086.227725	-5450.227016	-4616.663410	-5396.180498	-59950.306708	-119855.284078	-88236.595778	-112181.661985
-5341.284614	-5827.792684	-5778.842363	-5694.285714	-128677.428207	-111606.439842	-118719.010796	-133950.405890
-6134.033934	-5697.794938	-5932.108275	-5735.971717	-60125.857309	-120169.393142	-86671.794852	-113017.505469
-5960.830267	-6208.733464	-5763.352604	-5691.603505	-128675.327143	-111603.444708	-118716.596808	-133947.902494
-320.658126	-5482.234714	-4869.104012	-5439.118199	-59985.197781	-119893.617319	-88016.073467	-112289.777373
-3347.129029	-4887.857126	-5793.303942	-5702.086473	-128682.636164	-111614.173545	-118724.889305	-133955.949122
-3282.219563	-5582.079957	-5410.597373	-5579.554210	-60037.098531	-120024.732652	-87412.375201	-112628.473357
-6462.582226	-6516.226413	-5762.659700	-5689.569496	-128674.701294	-111601.567161	-118715.836849	-133947.209590
-5000.219345	-5638.384001	-5736.888139	-5653.829056	-60096.576523	-120091.854941	-87041.582113	-112813.791670
-3889.695274	-5181.737862	-5783.782099	-5700.678313	-128681.563280	-111612.452461	-118723.637608	-133954.608018
1139.782505	-5448.684746	-4613.310649	-5393.811213	-59949.636155	-119853.518290	-88245.424717	-112176.878712
-5293.317770	-5803.317523	-5781.234000	-5695.895040	-128679.328105	-111608.205629	-118720.933046	-133952.194029
-6116.197242	-5697.839641	-5929.560176	-5735.859959	-60125.566736	-120169.437846	-86677.159271	-113016.097309
-5994.559049	-6228.313592	-5764.470192	-5692.318760	-128676.288268	-111604.159964	-118717.624988	-133948.885971
-425.778380	-5487.196802	-4889.421748	-5445.063763	-59989.511667	-119899.361718	-87998.706162	-112302.048481
-3324.419656	-4880.972788	-5795.360302	-5703.673447	-128684.491358	-111615.961685	-118726.766852	-133957.625503
-3163.040061	-5579.263637	-5388.290332	-5575.128564	-60035.198633	-120020.932856	-87437.275045	-112616.626932
-6458.245988	-6513.343038	-5766.191276	-5692.229353	-128677.718780	-111604.562295	-118719.010796	-133950.204724
-5076.349387	-5644.396620	-5751.707345	-5660.959263	-60101.091576	-120098.694575	-87021.823170	-112828.074435
-3938.757353	-5206.078912	-5784.676169	-5701.393569	-128682.546757	-111613.368882	-118724.688140	-133955.412681
1202.076817	-5446.404868	-4599.944305	-5391.173707	-59948.093885	-119850.791377	-88253.627807	-112171.156665
-5240.858226	-5775.735471	-5782.329235	-5696.163260	-128679.931602	-111608.809126	-118721.581247	-133952.529306
-6093.957257	-5699.270153	-5926.900318	-5736.776380	-60126.550213	-120170.510730	-86685.518823	-113015.203239
