0.000000	0.000000	0.000000	0.000000	0.000000	0.000000	0.000000	0.000000
-3138.274329	-3173.075995	-2878.144727	-2842.292528	-69100.909722	-61944.797569	-66702.522838	-75839.804213
-1760.959835	-2785.429691	-2747.789353	-2782.635722	-29844.406825	-58835.938136	-44243.065327	-55958.106334
-4136.078553	-5350.359422	-5774.774346	-5707.473243	-130852.409405	-113912.446965	-122364.334448	-140019.955041
219.650593	-5481.832383	-4991.412758	-5441.711002	-59644.087809	-117559.067018	-89158.828754	-111600.427222
-3138.274329	-3173.075995	-2878.144727	-2842.292528	-69100.909722	-61944.797569	-66702.522838	-75839.804213
-1760.959835	-2785.429691	-2747.789353	-2782.635722	-29844.406825	-58835.938136	-44243.065327	-55958.106334
-4136.078553	-5350.359422	-5774.774346	-5707.473243	-130852.409405	-113912.446965	-122364.334448	-140019.955041
219.650593	-5481.832383	-4991.412758	-5441.711002	-59644.087809	-117559.067018	-89158.828754	-111600.427222
-5636.327641	-6005.936087	-5769.946369	-5702.578211	-130849.749547	-113907.641340	-122361.428721	-140017.518701
-6276.258084	-5735.524682	-5965.099450	-5785.749052	-59773.906740	-117880.373344	-87461.571391	-112474.872169
-5981.997369	-6222.278621	-5773.276779	-5703.785205	-130850.755376	-113908.222486	-122362.546308	-140018.748047
-563.353367	-5509.861470	-5108.044160	-5476.825592	-59659.331698	-117591.164123	-88953.080947	-111690.102421
-3835.067610	-5185.135327	-5779.579971	-5712.278868	-130855.337483	-113916.246762	-122367.843672	-140023.933652
-4015.870871	-5623.408332	-5582.795213	-5632.505492	-59717.312123	-117737.366883	-88246.721118	-112084.051917
-6521.769645	-6564.260312	-5769.968721	-5699.851298	-130847.402614	-113903.618026	-122359.238250	-140015.909376
-5015.440883	-5666.033109	-5758.368165	-5689.167164	-59739.909737	-117788.977061	-87896.268117	-112233.272163
-4143.119352	-5353.354556	-5781.993959	-5712.971772	-130855.292780	-113916.000893	-122368.000134	-140024.403039
315.897204	-5485.162793	-4969.128069	-5440.772228	-59647.105294	-117558.530576	-89168.462356	-111599.577856
-5582.079957	-5976.521191	-5776.160154	-5707.473243	-130851.895315	-113910.591770	-122364.356800	-140021.117332
-6250.710040	-5734.898834	-5960.763211	-5780.943427	-59775.940749	-117875.768885	-87475.787100	-112468.233701
-6000.839889	-6228.760627	-5775.422546	-5703.271115	-130847.894352	-113905.741442	-122360.311134	-140017.362239
-648.155886	-5511.180223	-5125.366762	-5475.842115	-59658.929367	-117589.755963	-88925.923577	-111697.813773
-3833.368878	-5197.160566	-5781.524573	-5713.441159	-130854.018730	-113915.464451	-122367.262526	-140024.067762
-3921.971193	-5619.742646	-5570.166477	-5623.564794	-59717.513289	-117728.381482	-88276.180717	-112066.751667
-4015.870871	-5623.408332	-5582.795213	-5632.505492	-59717.312123	-117737.366883	-88246.721118	-112084.051917
-6521.769645	-6564.260312	-5769.968721	-5699.851298	-130847.402614	-113903.618026	-122359.238250	-140015.909376
-5015.440883	-5666.033109	-5758.368165	-5689.167164	-59739.909737	-117788.977061	-87896.268117	-112233.272163
-4143.119352	-5353.354556	-5781.993959	-5712.971772	-130855.292780	-113916.000893	-122368.000134	-140024.403039
315.897204	-5485.162793	-4969.128069	-5440.772228	-59647.105294	-117558.530576	-89168.462356	-111599.577856
-5582.079957	-5976.521191	-5776.160154	-5707.473243	-130851.895315	-113910.591770	-122364.356800	-140021.117332
-6250.710040	-5734.898834	-5960.763211	-5780.943427	-59775.940749	-117875.768885	-87475.787100	-112468.233701
-6000.839889	-6228.760627	-5775.422546	-5703.271115	-130847.894352	-113905.741442	-122360.311134	-140017.362239
-648.155886	-5511.180223	-5125.366762	-5475.842115	-59658.929367	-117589.755963	-88925.923577	-111697.813773
-3833.368878	-5197.160566	-5781.524573	-5713.441159	-130854.018730	-113915.464451	-122367.262526	-140024.067762
-3921.971193	-5619.742646	-5570.166477	-5623.564794	-59717.513289	-117728.381482	-88276.180717	-112066.751667
-6504.022360	-6549.150532	-5773.768517	-5701.572383	-130846.620303	-113903.461564	-122359.350009	-140016.714038
-5083.636055	-5668.201228	-5768.627616	-5688.474260	-59742.390781	-117787.546550	-87878.967867	-112237.362532
-4210.085179	-5393.118309	-5782.932732	-5712.547089	-130852.387053	-113913.676311	-122365.943774	-140023.128989
345.870894	-5481.295941	-4979.096947	-5433.038525	-59643.819588	-117550.260431	-89166.830679	-111589.832495
-5540.416305	-5954.728240	-5775.713119	-5705.483938	-130847.313207	-113906.657863	-122360.601707	-140018.077495
-6224.133816	-5729.914395	-5953.498894	-5771.063956	-59775.493714	-117865.420027	-87493.444978	-112451.201672
-6031.573538	-6241.277604	-5776.897761	-5703.718150	-130845.905047	-113904.489744	-122359.282954	-140016.848149
-806.450940	-5513.415398	-5165.264626	-5475.708005	-59661.700983	-117588.392507	-88903.750647	-111702.887619
-3872.506782	-5231.179921	-5781.122241	-5712.457682	-130850.353044	-113912.670483	-122364.446207	-140021.899643
-3834.017078	-5613.461806	-5558.185942	-5612.187757	-59714.764025	-117716.378595	-88300.365305	-112043.997591
-6483.034072	-6530.464474	-5774.774346	-5700.924182	-130843.446355	-113901.092279	-122356.980724	-140014.948251
-5157.352109	-5668.670615	-5779.736433	-5685.702644	-59746.816426	-117783.500884	-87874.028131	-112234.725026
-4276.223990	-5429.976336	-5784.653817	-5713.664676	-130851.269466	-113913.095166	-122365.541442	-140023.307803
367.976769	-5482.145307	-4989.244639	-5430.445722	-59644.311326	-117546.348875	-89168.372949	-111582.724641
345.870894	-5481.295941	-4979.096947	-5433.038525	-59643.819588	-117550.260431	-89166.830679	-111589.832495
-5540.416305	-5954.728240	-5775.713119	-5705.483938	-130847.313207	-113906.657863	-122360.601707	-140018.077495
-6224.133816	-5729.914395	-5953.498894	-5771.063956	-59775.493714	-117865.420027	-87493.444978	-112451.201672
-6031.573538	-6241.277604	-5776.897761	-5703.718150	-130845.905047	-113904.489744	-122359.282954	-140016.848149
-806.450940	-5513.415398	-5165.264626	-5475.708005	-59661.700983	-117588.392507	-88903.750647	-111702.887619
-3872.506782	-5231.179921	-5781.122241	-5712.457682	-130850.353044	-113912.670483	-122364.446207	-140021.899643
-3834.017078	-5613.461806	-5558.185942	-5612.187757	-59714.764025	-117716.378595	-88300.365305	-112043.997591
-6483.034072	-6530.464474	-5774.774346	-5700.924182	-130843.446355	-113901.092279	-122356.980724	-140014.948251
-5157.352109	-5668.670615	-5779.736433	-5685.702644	-59746.816426	-117783.500884	-87874.028131	-112234.725026
-4276.223990	-5429.976336	-5784.653817	-5713.664676	-130851.269466	-113913.095166	-122365.541442	-140023.307803
367.976769	-5482.145307	-4989.244639	-5430.445722	-59644.311326	-117546.348875	-89168.372949	-111582.724641
-5504.698217	-5939.551406	-5780.205820	-5708.926107	-130848.117870	-113908.267189	-122362.278087	-140020.290318
-6208.755816	-5729.243842	-5954.951758	-5765.811296	-59783.227418	-117858.893318	-87523.508075	-112435.644857
-6050.393707	-6252.744049	-5778.551791	-5706.266249	-130845.860344	-113905.093241	-122359.998209	-140018.278661
-880.725787	-5518.668058	-5162.560065	-5478.457269	-59669.389983	-117589.219521	-88897.246289	-111705.346311
-3804.602182	-5199.440443	-5788.766538	-5718.269136	-130853.526992	-113916.537335	-122368.469521	-140026.593510
-3696.866774	-5614.825262	-5537.555282	-5608.924402	-59717.781510	-117711.908247	-88332.283596	-112027.814928
-6483.794032	-6533.101980	-5779.490564	-5707.070912	-130846.866172	-113905.137945	-122361.138148	-140019.753876
-5231.872825	-5674.526772	-5797.930753	-5689.234220	-59759.959252	-117785.221968	-87876.643285	-112237.764864
-4256.777973	-5416.744103	-5788.654779	-5717.799749	-130852.610571	-113915.084471	-122367.597803	-140025.990012
503.316582	-5484.179316	-4943.445914	-5429.104618	-59645.741838	-117543.532556	-89182.253382	-111572.509893
-5433.194987	-5904.414464	-5786.978398	-5714.759912	-130851.157707	-113912.044634	-122366.077884	-140024.738315
-6193.288409	-5732.060162	-5956.270511	-5766.034814	-59787.809525	-117857.328696	-87541.076546	-112428.760520
-6073.795983	-6270.536038	-5783.737395	-5711.407150	-130848.430794	-113908.222486	-122363.194509	-140022.324326
-918.768456	-5525.842968	-5143.784600	-5484.112261	-59674.910864	-117593.131076	-88883.142338	-111713.392939
-880.725787	-5518.668058	-5162.560065	-5478.457269	-59669.389983	-117589.219521	-88897.246289	-111705.346311
-3804.602182	-5199.440443	-5788.766538	-5718.269136	-130853.526992	-113916.537335	-122368.469521	-140026.593510
-3696.866774	-5614.825262	-5537.555282	-5608.924402	-59717.781510	-117711.908247	-88332.283596	-112027.814928
-6483.794032	-6533.101980	-5779.490564	-5707.070912	-130846.866172	-113905.137945	-122361.138148	-140019.753876
-5231.872825	-5674.526772	-5797.930753	-5689.234220	-59759.959252	-117785.221968	-87876.643285	-112237.764864
-4256.777973	-5416.744103	-5788.654779	-5717.799749	-130852.610571	-113915.084471	-122367.597803	-140025.990012
503.316582	-5484.179316	-4943.445914	-5429.104618	-59645.741838	-117543.532556	-89182.253382	-111572.509893
-5433.194987	-5904.414464	-5786.978398	-5714.759912	-130851.157707	-113912.044634	-122366.077884	-140024.738315
-6193.288409	-5732.060162	-5956.270511	-5766.034814	-59787.809525	-117857.328696	-87541.076546	-112428.760520
-6073.795983	-6270.536038	-5783.737395	-5711.407150	-130848.430794	-113908.222486	-122363.194509	-140022.324326
-918.768456	-5525.842968	-5143.784600	-5484.112261	-59674.910864	-117593.131076	-88883.142338	-111713.392939
-3704.265202	-5144.298690	-5794.667398	-5723.007706	-130855.628056	-113919.376006	-122371.285840	-140030.192140
-3520.556214	-5610.891355	-5502.105415	-5601.503623	-59715.233411	-117703.392232	-88364.246591	-112008.011282
-6472.171124	-6523.691895	-5782.262180	-5709.261383	-130846.374434	-113905.272055	-122361.451073	-140020.759704
-5278.632674	-5680.025301	-5804.368055	-5694.419824	-59763.401421	-117788.462971	-87857.510192	-112248.359591
-4250.675947	-5407.222260	-5792.275762	-5720.727828	-130852.923495	-113916.023244	-122368.760093	-140027.912262
650.368708	-5482.257066	-4891.925143	-5424.835435	-59644.311326	-117538.190489	-89194.859766	-111563.323327
-5358.003719	-5863.443716	-5789.705311	-5716.995086	-130850.800079	-113912.424614	-122366.480215	-140025.967661
-6160.967786	-5731.434313	-5949.967319	-5763.844343	-59788.010691	-117854.110045	-87552.230066	-112423.150232
-6094.158422	-6282.963608	-5786.017273	-5713.530566	-130847.961408	-113908.244837	-122363.552137	-140023.218396
-967.651721	-5528.256956	-5130.865291	-5486.414491	-59676.028451	-117594.069850	-88862.444623	-111721.372512
-3620.803788	-5095.907163	-5794.712102	-5722.583022	-130852.543515	-113916.783204	-122369.028314	-140028.493408
-3352.135819	-5603.224707	-5467.169639	-5591.132413	-59710.114862	-117692.372822	-88392.834472	-111987.447678
-6455.831999	-6509.923221	-5781.278703	-5707.897926	-130842.462879	-113902.075756	-122358.254773	-140018.457475
-5323.447922	-5679.712377	-5807.743169	-5694.464528	-59761.814447	-117787.367736	-87832.833866	-112254.506320
-5278.632674	-5680.025301	-5804.368055	-5694.419824	-59763.401421	-117788.462971	-87857.510192	-112248.359591
-4250.675947	-5407.222260	-5792.275762	-5720.727828	-130852.923495	-113916.023244	-122368.760093	-140027.912262
650.368708	-5482.257066	-4891.925143	-5424.835435	-59644.311326	-117538.190489	-89194.859766	-111563.323327
-5358.003719	-5863.443716	-5789.705311	-5716.995086	-130850.800079	-113912.424614	-122366.480215	-140025.967661
-6160.967786	-5731.434313	-5949.967319	-5763.844343	-59788.010691	-117854.110045	-87552.230066	-112423.150232
-6094.158422	-6282.963608	-5786.017273	-5713.530566	-130847.961408	-113908.244837	-122363.552137	-140023.218396
-967.651721	-5528.256956	-5130.865291	-5486.414491	-59676.028451	-117594.069850	-88862.444623	-111721.372512
-3620.803788	-5095.907163	-5794.712102	-5722.583022	-130852.543515	-113916.783204	-122369.028314	-140028.493408
-3352.135819	-5603.224707	-5467.169639	-5591.132413	-59710.114862	-117692.372822	-88392.834472	-111987.447678
-6455.831999	-6509.923221	-5781.278703	-5707.897926	-130842.462879	-113902.075756	-122358.254773	-140018.457475
-5323.447922	-5679.712377	-5807.743169	-5694.464528	-59761.814447	-117787.367736	-87832.833866	-112254.506320
-4240.908234	-5392.671274	-5791.851078	-5719.252613	-130849.123698	-113912.759890	-122365.809663	-140025.654736
760.182829	-5478.390214	-4855.961186	-5419.269850	-59641.092675	-117532.021407	-89204.001630	-111553.488559
-5277.358625	-5818.919041	-5789.884125	-5716.346886	-130847.670835	-113909.943570	-122364.133282	-140024.403039
-6129.228309	-5725.734618	-5940.914862	-5757.228226	-59782.892142	-117846.890431	-87556.365139	-112413.963665
-6112.352742	-6293.156003	-5785.860811	-5712.368275	-130844.608646	-113905.361462	-122361.071093	-140021.340850
-1049.101478	-5532.682602	-5131.580547	-5491.488337	-59677.794239	-117598.115515	-88835.399012	-111734.537689
-3535.710697	-5045.503979	-5800.523555	-5726.941613	-130854.644579	-113919.532468	-122372.001096	-140032.136742
-3208.101178	-5601.369512	-5442.962699	-5587.287913	-59709.690179	-117688.573025	-88418.963661	-111976.584730
-6450.445229	-6506.905735	-5784.922038	-5711.451854	-130843.714576	-113903.863895	-122360.355837	-140021.094980
-5391.576039	-5684.540353	-5820.729532	-5700.141871	-59764.362546	-117792.329823	-87801.809645	-112271.225425
-4221.953955	-5372.219428	-5794.957971	-5721.308973	-130848.900181	-113913.095166	-122366.346105	-140026.839379
863.380833	-5477.429089	-4815.683343	-5416.922917	-59639.125721	-117529.450957	-89206.750894	-111550.515777
-5187.169336	-5770.080479	-5792.700445	-5718.537357	-130847.603780	-113910.614122	-122365.049704	-140025.654736
-6111.413969	-5725.846377	-5941.339545	-5755.954177	-59783.942674	-117845.236402	-87562.288351	-112413.740148
-5277.358625	-5818.919041	-5789.884125	-5716.346886	-130847.670835	-113909.943570	-122364.133282	-140024.403039
-6129.228309	-5725.734618	-5940.914862	-5757.228226	-59782.892142	-117846.890431	-87556.365139	-112413.963665
-6112.352742	-6293.156003	-5785.860811	-5712.368275	-130844.608646	-113905.361462	-122361.071093	-140021.340850
-1049.101478	-5532.682602	-5131.580547	-5491.488337	-59677.794239	-117598.115515	-88835.399012	-111734.537689
-3535.710697	-5045.503979	-5800.523555	-5726.941613	-130854.644579	-113919.532468	-122372.001096	-140032.136742
-3208.101178	-5601.369512	-5442.962699	-5587.287913	-59709.690179	-117688.573025	-88418.963661	-111976.584730
-6450.445229	-6506.905735	-5784.922038	-5711.451854	-130843.714576	-113903.863895	-122360.355837	-140021.094980
-5391.576039	-5684.540353	-5820.729532	-5700.141871	-59764.362546	-117792.329823	-87801.809645	-112271.225425
-4221.953955	-5372.219428	-5794.957971	-5721.308973	-130848.900181	-113913.095166	-122366.346105	-140026.839379
863.380833	-5477.429089	-4815.683343	-5416.922917	-59639.125721	-117529.450957	-89206.750894	-111550.515777
-5187.169336	-5770.080479	-5792.700445	-5718.537357	-130847.603780	-113910.614122	-122365.049704	-140025.654736
-6111.413969	-5725.846377	-5941.339545	-5755.954177	-59783.942674	-117845.236402	-87562.288351	-112413.740148
-6135.978536	-6310.389198	-5785.681997	-5712.792958	-130842.820506	-113904.266227	-122360.087616	-140021.005573
-1122.973993	-5531.587366	-5114.816739	-5490.303694	-59674.575588	-117596.036803	-88806.408799	-111742.114930
-3421.113303	-4973.643121	-5800.121224	-5725.220528	-130850.643617	-113916.202058	-122368.916556	-140029.610995
-3033.824627	-5595.602762	-5403.288353	-5578.414271	-59705.331588	-117679.319403	-88447.909170	-111959.351535
-6440.833979	-6500.691950	-5785.681997	-5712.390627	-130842.596989	-113903.483916	-122360.177023	-140021.519664
-5446.918958	-5689.502441	-5830.899576	-5704.656923	-59768.743487	-117795.749640	-87785.962258	-112283.697699
-4225.418475	-5365.983291	-5798.646009	-5724.617031	-130850.241286	-113914.972712	-122368.491872	-140029.655698
986.270724	-5476.199743	-4762.061508	-5413.324286	-59637.672858	-117525.047663	-89217.658546	-111544.056123
-5102.657390	-5724.102941	-5794.220363	-5719.476130	-130846.240323	-113909.965922	-122364.490910	-140025.900605
-6074.958274	-5724.594679	-5936.332755	-5752.869636	-59784.501467	-117841.168385	-87581.287334	-112406.788755
-6157.033879	-6325.096646	-5788.051282	-5714.916374	-130842.954617	-113905.003834	-122360.959334	-140022.726658
-1161.195476	-5537.644689	-5097.829413	-5496.204555	-59679.269454	-117600.373042	-88790.762578	-111753.559024
-3316.641249	-4906.096149	-5805.865622	-5728.975621	-130852.498812	-113918.727805	-122371.442303	-140032.986108
-3421.113303	-4973.643121	-5800.121224	-5725.220528	-130850.643617	-113916.202058	-122368.916556	-140029.610995
-3033.824627	-5595.602762	-5403.288353	-5578.414271	-59705.331588	-117679.319403	-88447.909170	-111959.351535
-6440.833979	-6500.691950	-5785.681997	-5712.390627	-130842.596989	-113903.483916	-122360.177023	-140021.519664
-5446.918958	-5689.502441	-5830.899576	-5704.656923	-59768.743487	-117795.749640	-87785.962258	-112283.697699
-4225.418475	-5365.983291	-5798.646009	-5724.617031	-130850.241286	-113914.972712	-122368.491872	-140029.655698
986.270724	-5476.199743	-4762.061508	-5413.324286	-59637.672858	-117525.047663	-89217.658546	-111544.056123
-5102.657390	-5724.102941	-5794.220363	-5719.476130	-130846.240323	-113909.965922	-122364.490910	-140025.900605
-6074.958274	-5724.594679	-5936.332755	-5752.869636	-59784.501467	-117841.168385	-87581.287334	-112406.788755
-6157.033879	-6325.096646	-5788.051282	-5714.916374	-130842.954617	-113905.003834	-122360.959334	-140022.726658
-1161.195476	-5537.644689	-5097.829413	-5496.204555	-59679.269454	-117600.373042	-88790.762578	-111753.559024
-3316.641249	-4906.096149	-5805.865622	-5728.975621	-130852.498812	-113918.727805	-122371.442303	-140032.986108
-2838.939767	-5592.674684	-5361.959977	-5573.116907	-59704.951609	-117672.882101	-88483.940182	-111942.341857
-6427.110008	-6490.700721	-5787.984227	-5714.335229	-130842.641692	-113904.109765	-122360.802872	-140022.883120
-5482.413528	-5692.184650	-5837.403934	-5707.719112	-59772.230360	-117796.733117	-87775.233421	-112288.615082
-4219.875243	-5351.655823	-5800.188279	-5724.572328	-130848.386091	-113913.631608	-122367.329582	-140029.253367
1109.719409	-5474.478659	-4719.101455	-5410.575022	-59636.823492	-117520.398500	-89224.207607	-111534.064893
-5011.730494	-5672.112783	-5795.740282	-5719.610240	-130844.563942	-113908.893038	-122363.395675	-140025.610033
-6030.344192	-5722.001877	-5929.470769	-5749.360412	-59786.066089	-117835.580449	-87604.823721	-112391.254293
-6173.194191	-6333.478550	-5787.894820	-5714.894022	-130841.211181	-113903.729785	-122359.864099	-140022.257271
-1245.841532	-5538.583462	-5105.518413	-5498.171508	-59681.214056	-117599.724841	-88770.422491	-111754.430742
-3252.782315	-4864.410146	-5805.619753	-5727.589813	-130849.213105	-113916.023244	-122368.894204	-140030.974451
-2690.367721	-5587.891410	-5334.824960	-5566.903122	-59703.945780	-117664.723714	-88511.745752	-111919.006636
-6410.122682	-6477.177915	-5787.648951	-5714.737560	-130841.144126	-113903.193343	-122359.998209	-140022.704306
-5536.951785	-5694.464528	-5850.367945	-5711.027171	-59778.757069	-117797.381317	-87774.831089	-112286.156390
-4239.835350	-5351.745230	-5799.584782	-5723.790017	-130845.882695	-113911.575247	-122365.474387	-140028.046373
-5482.413528	-5692.184650	-5837.403934	-5707.719112	-59772.230360	-117796.733117	-87775.233421	-112288.615082
-4219.875243	-5351.655823	-5800.188279	-5724.572328	-130848.386091	-113913.631608	-122367.329582	-140029.253367
1109.719409	-5474.478659	-4719.101455	-5410.575022	-59636.823492	-117520.398500	-89224.207607	-111534.064893
-5011.730494	-5672.112783	-5795.740282	-5719.610240	-130844.563942	-113908.893038	-122363.395675	-140025.610033
-6030.344192	-5722.001877	-5929.470769	-5749.360412	-59786.066089	-117835.580449	-87604.823721	-112391.254293
-6173.194191	-6333.478550	-5787.894820	-5714.894022	-130841.211181	-113903.729785	-122359.864099	-140022.257271
-1245.841532	-5538.583462	-5105.518413	-5498.171508	-59681.214056	-117599.724841	-88770.422491	-111754.430742
-3252.782315	-4864.410146	-5805.619753	-5727.589813	-130849.213105	-113916.023244	-122368.894204	-140030.974451
-2690.367721	-5587.891410	-5334.824960	-5566.903122	-59703.945780	-117664.723714	-88511.745752	-111919.006636
-6410.122682	-6477.177915	-5787.648951	-5714.737560	-130841.144126	-113903.193343	-122359.998209	-140022.704306
-5536.951785	-5694.464528	-5850.367945	-5711.027171	-59778.757069	-117797.381317	-87774.831089	-112286.156390
-4239.835350	-5351.745230	-5799.584782	-5723.790017	-130845.882695	-113911.575247	-122365.474387	-140028.046373
1158.870895	-5473.919865	-4715.413417	-5410.865594	-59636.622326	-117518.364491	-89224.632290	-111524.677160
-4935.041658	-5627.655164	-5796.343779	-5719.565537	-130842.686396	-113907.507230	-122362.345143	-140025.051239
-5994.894325	-5718.135025	-5925.067475	-5745.851188	-59786.513124	-117829.791347	-87631.712870	-112372.925862
-6187.879287	-6339.602928	-5784.586762	-5712.748255	-130837.187867	-113900.220561	-122356.712503	-140019.731524
-1340.791743	-5542.763238	-5106.501890	-5505.033494	-59684.432707	-117603.904617	-88755.268008	-111760.219843
-3099.315238	-4757.188828	-5808.547832	-5727.366296	-130847.201448	-113914.525678	-122367.776617	-140030.505065
-2458.021338	-5584.158669	-5286.880468	-5563.259788	-59700.347149	-117659.269888	-88544.401651	-111899.225342
-6409.832109	-6481.558857	-5780.652855	-5712.860014	-130837.545495	-113900.153506	-122357.159538	-140020.491483
-5655.348975	-5699.359560	-5879.715786	-5718.582060	-59789.731775	-117801.963425	-87774.875793	-112296.527600
-4239.008336	-5331.069867	-5794.399177	-5721.443083	-130841.814678	-113908.043672	-122362.255736	-140025.431219
1284.957085	-5473.182258	-4635.952966	-5411.334981	-59633.202509	-117516.911628	-89227.001575	-111517.792823
-4785.709654	-5540.237491	-5796.790814	-5719.252613	-130840.630035	-113906.255532	-122361.138148	-140024.403039
-5966.105278	-5720.884290	-5933.024696	-5750.053316	-59795.990264	-117831.400672	-87666.738053	-112367.360278
-4935.041658	-5627.655164	-5796.343779	-5719.565537	-130842.686396	-113907.507230	-122362.345143	-140025.051239
-5994.894325	-5718.135025	-5925.067475	-5745.851188	-59786.513124	-117829.791347	-87631.712870	-112372.925862
-6187.879287	-6339.602928	-5784.586762	-5712.748255	-130837.187867	-113900.220561	-122356.712503	-140019.731524
-1340.791743	-5542.763238	-5106.501890	-5505.033494	-59684.432707	-117603.904617	-88755.268008	-111760.219843
-3099.315238	-4757.188828	-5808.547832	-5727.366296	-130847.201448	-113914.525678	-122367.776617	-140030.505065
-2458.021338	-5584.158669	-5286.880468	-5563.259788	-59700.347149	-117659.269888	-88544.401651	-111899.225342
-6409.832109	-6481.558857	-5780.652855	-5712.860014	-130837.545495	-113900.153506	-122357.159538	-140020.491483
-5655.348975	-5699.359560	-5879.715786	-5718.582060	-59789.731775	-117801.963425	-87774.875793	-112296.527600
-4239.008336	-5331.069867	-5794.399177	-5721.443083	-130841.814678	-113908.043672	-122362.255736	-140025.431219
1284.957085	-5473.182258	-4635.952966	-5411.334981	-59633.202509	-117516.911628	-89227.001575	-111517.792823
-4785.709654	-5540.237491	-5796.790814	-5719.252613	-130840.630035	-113906.255532	-122361.138148	-140024.403039
-5966.105278	-5720.884290	-5933.024696	-5750.053316	-59795.990264	-117831.400672	-87666.738053	-112367.360278
-6245.971471	-6385.245190	-5777.121279	-5713.485862	-130836.405556	-113899.773526	-122356.332523	-140020.044448
-1511.044980	-5550.139314	-5120.047047	-5515.672924	-59694.535696	-117611.750080	-88739.353566	-111774.949643
-3039.680784	-4708.797301	-5806.022084	-5724.661735	-130842.909913	-113910.882343	-122364.155634	-140027.621690
-2284.840022	-5577.006111	-5243.763953	-5556.911893	-59696.770870	-117651.133853	-88574.576506	-111877.052412
-6389.067339	-6464.839752	-5775.623712	-5709.082569	-130832.046966	-113895.392584	-122352.420968	-140016.401114
-5700.767720	-5702.466452	-5889.774071	-5725.108770	-59796.660816	-117805.919684	-87772.640618	-112300.103879
-4278.123889	-5343.385678	-5794.019198	-5721.420732	-130840.250056	-113906.926084	-122361.272259	-140025.341812
1340.635281	-5475.305674	-4622.765437	-5415.313591	-59637.538747	-117519.124451	-89237.641005	-111515.088262
-4709.579612	-5496.808052	-5797.953105	-5720.079627	-130839.668910	-113905.920256	-122360.825224	-140025.073591
-5920.530071	-5720.817235	-5929.604880	-5751.148552	-59801.824069	-117830.663065	-87698.432827	-112355.200929
-6268.926712	-6399.349141	-5777.121279	-5714.245822	-130835.600893	-113899.505305	-122356.265468	-140020.737352
-1623.317793	-5556.531913	-5149.037260	-5524.635974	-59703.431690	-117618.656769	-88730.032889	-111784.471486
-3006.935478	-4688.479565	-5809.933640	-5727.790979	-130844.295722	-113912.894000	-122366.413160	-140030.594472
-3039.680784	-4708.797301	-5806.022084	-5724.661735	-130842.909913	-113910.882343	-122364.155634	-140027.621690
-2284.840022	-5577.006111	-5243.763953	-5556.911893	-59696.770870	-117651.133853	-88574.576506	-111877.052412
-6389.067339	-6464.839752	-5775.623712	-5709.082569	-130832.046966	-113895.392584	-122352.420968	-140016.401114
-5700.767720	-5702.466452	-5889.774071	-5725.108770	-59796.660816	-117805.919684	-87772.640618	-112300.103879
-4278.123889	-5343.385678	-5794.019198	-5721.420732	-130840.250056	-113906.926084	-122361.272259	-140025.341812
1340.635281	-5475.305674	-4622.765437	-5415.313591	-59637.538747	-117519.124451	-89237.641005	-111515.088262
-4709.579612	-5496.808052	-5797.953105	-5720.079627	-130839.668910	-113905.920256	-122360.825224	-140025.073591
-5920.530071	-5720.817235	-5929.604880	-5751.148552	-59801.824069	-117830.663065	-87698.432827	-112355.200929
-6268.926712	-6399.349141	-5777.121279	-5714.245822	-130835.600893	-113899.505305	-122356.265468	-140020.737352
-1623.317793	-5556.531913	-5149.037260	-5524.635974	-59703.431690	-117618.656769	-88730.032889	-111784.471486
-3006.935478	-4688.479565	-5809.933640	-5727.790979	-130844.295722	-113912.894000	-122366.413160	-140030.594472
-2147.801476	-5578.257808	-5227.313069	-5557.224817	-59702.962304	-117649.971563	-88618.140056	-111861.249728
-6376.729176	-6457.709546	-5779.803488	-5714.022304	-130835.287969	-113899.125326	-122356.153709	-140020.983222
-5765.207799	-5709.484900	-5908.773054	-5733.200101	-59807.680226	-117811.731137	-87777.803871	-112304.060138
-4327.610651	-5369.760736	-5795.494413	-5723.633554	-130840.920608	-113908.066023	-122362.479253	-140027.197007
1331.783990	-5477.384386	-4643.776076	-5416.833510	-59642.791407	-117518.967988	-89253.644854	-111508.226276
-4640.624480	-5462.632234	-5802.155233	-5724.393514	-130842.351120	-113909.116555	-122364.155634	-140029.052201
-5894.602048	-5722.515967	-5931.638888	-5751.573235	-59808.149613	-117829.657236	-87730.731098	-112342.371028
-6293.826555	-6416.939964	-5779.356453	-5718.000915	-130837.769012	-113902.142811	-122359.059436	-140024.224225
-1774.236771	-5564.779707	-5194.590115	-5533.666078	-59713.780548	-117625.831679	-88722.992089	-111793.300425
-2988.271771	-4681.528173	-5813.666381	-5732.395438	-130847.313207	-113916.470279	-122370.056494	-140034.953062
-2059.266217	-5575.910875	-5222.663906	-5552.955634	-59704.392815	-117644.987124	-88653.053481	-111842.049580
-6355.360908	-6441.973918	-5779.535267	-5714.223470	-130833.790402	-113898.298311	-122355.393750	-140020.826759
-5819.790759	-5711.831833	-5920.194795	-5736.150531	-59811.122395	-117813.653387	-87771.657142	-112304.685987
-4379.287884	-5396.158146	-5796.567297	-5725.466397	-130841.188829	-113908.937741	-122363.507433	-140028.962794
-5765.207799	-5709.484900	-5908.773054	-5733.200101	-59807.680226	-117811.731137	-87777.803871	-112304.060138
-4327.610651	-5369.760736	-5795.494413	-5723.633554	-130840.920608	-113908.066023	-122362.479253	-140027.197007
1331.783990	-5477.384386	-4643.776076	-5416.833510	-59642.791407	-117518.967988	-89253.644854	-111508.226276
-4640.624480	-5462.632234	-5802.155233	-5724.393514	-130842.351120	-113909.116555	-122364.155634	-140029.052201
-5894.602048	-5722.515967	-5931.638888	-5751.573235	-59808.149613	-117829.657236	-87730.731098	-112342.371028
-6293.826555	-6416.939964	-5779.356453	-5718.000915	-130837.769012	-113902.142811	-122359.059436	-140024.224225
-1774.236771	-5564.779707	-5194.590115	-5533.666078	-59713.780548	-117625.831679	-88722.992089	-111793.300425
-2988.271771	-4681.528173	-5813.666381	-5732.395438	-130847.313207	-113916.470279	-122370.056494	-140034.953062
-2059.266217	-5575.910875	-5222.663906	-5552.955634	-59704.392815	-117644.987124	-88653.053481	-111842.049580
-6355.360908	-6441.973918	-5779.535267	-5714.223470	-130833.790402	-113898.298311	-122355.393750	-140020.826759
-5819.790759	-5711.831833	-5920.194795	-5736.150531	-59811.122395	-117813.653387	-87771.657142	-112304.685987
-4379.287884	-5396.158146	-5796.567297	-5725.466397	-130841.188829	-113908.937741	-122363.507433	-140028.962794
1302.324391	-5478.479621	-4672.051033	-5417.772283	-59645.965355	-117519.035044	-89263.323160	-111502.928913
-4577.301988	-5430.535129	-5803.295172	-5725.756970	-130841.971140	-113909.541238	-122364.647372	-140030.125085
-5855.732364	-5720.034924	-5923.815778	-5748.443991	-59807.009674	-117825.768033	-87753.216952	-112327.752987
-6303.929544	-6420.762112	-5778.752956	-5717.129197	-130835.265617	-113900.332320	-122357.271297	-140023.218396
-1876.674816	-5565.986701	-5203.486109	-5536.348288	-59713.959362	-117627.172783	-88705.691839	-111797.211980
-2934.784047	-4646.055954	-5816.125073	-5733.781246	-130847.313207	-113917.051425	-122370.637640	-140036.249463
-1895.562040	-5575.016806	-5189.628028	-5550.541645	-59704.102242	-117642.260211	-88690.157377	-111825.866917
-6333.679716	-6427.668801	-5785.346721	-5718.447950	-130836.539666	-113901.651073	-122358.902974	-140025.028887
-5846.232873	-5715.408112	-5924.486330	-5740.509121	-59813.066997	-117817.073204	-87768.326732	-112309.111632
-4395.112919	-5395.219373	-5798.713064	-5725.645211	-130840.138297	-113908.401300	-122363.172157	-140029.253367
1408.137549	-5476.490316	-4606.225146	-5414.799501	-59641.897338	-117515.794041	-89271.503898	-111495.038747
-4465.543266	-5365.156277	-5806.379712	-5725.332287	-130840.183001	-113908.446003	-122363.596840	-140029.767457
-5772.539171	-5717.151549	-5907.901336	-5744.800656	-59803.343988	-117821.565905	-87778.273258	-112315.079548
-5855.732364	-5720.034924	-5923.815778	-5748.443991	-59807.009674	-117825.768033	-87753.216952	-112327.752987
-6303.929544	-6420.762112	-5778.752956	-5717.129197	-130835.265617	-113900.332320	-122357.271297	-140023.218396
-1876.674816	-5565.986701	-5203.486109	-5536.348288	-59713.959362	-117627.172783	-88705.691839	-111797.211980
-2934.784047	-4646.055954	-5816.125073	-5733.781246	-130847.313207	-113917.051425	-122370.637640	-140036.249463
-1895.562040	-5575.016806	-5189.628028	-5550.541645	-59704.102242	-117642.260211	-88690.157377	-111825.866917
-6333.679716	-6427.668801	-5785.346721	-5718.447950	-130836.539666	-113901.651073	-122358.902974	-140025.028887
-5846.232873	-5715.408112	-5924.486330	-5740.509121	-59813.066997	-117817.073204	-87768.326732	-112309.111632
-4395.112919	-5395.219373	-5798.713064	-5725.645211	-130840.138297	-113908.401300	-122363.172157	-140029.253367
1408.137549	-5476.490316	-4606.225146	-5414.799501	-59641.897338	-117515.794041	-89271.503898	-111495.038747
-4465.543266	-5365.156277	-5806.379712	-5725.332287	-130840.183001	-113908.446003	-122363.596840	-140029.767457
-5772.539171	-5717.151549	-5907.901336	-5744.800656	-59803.343988	-117821.565905	-87778.273258	-112315.079548
-6323.822597	-6434.530787	-5783.513878	-5719.386723	-130836.383204	-113901.986349	-122359.148843	-140025.900605
-1953.028375	-5571.865210	-5201.563859	-5542.919700	-59717.289772	-117633.118347	-88692.213737	-111808.186687
-2899.803567	-4623.838320	-5820.170739	-5734.496502	-130846.776765	-113917.096128	-122370.972916	-140037.367050
-1704.566384	-5569.518276	-5137.503760	-5542.584424	-59698.022568	-117634.481804	-88719.594624	-111806.599713
-6311.529137	-6412.939002	-5791.046416	-5720.169034	-130837.076108	-113902.791012	-122360.288782	-140027.107600
-5877.480612	-5722.515967	-5930.655412	-5747.929901	-59817.470290	-117823.532858	-87762.582333	-112317.784109
-4464.760955	-5435.698382	-5807.229079	-5731.099037	-130844.630998	-113913.363387	-122368.536576	-140035.288338
1437.999480	-5481.430051	-4584.387491	-5417.995801	-59645.831245	-117519.280913	-89279.394064	-111495.888113
-4411.407341	-5341.843407	-5815.812149	-5730.853168	-130844.563942	-113913.609256	-122368.871852	-140035.735373
-5706.132139	-5718.291487	-5894.758510	-5743.884235	-59801.868773	-117820.649483	-87796.780502	-112305.870629
-6340.675812	-6445.237272	-5791.113471	-5722.046581	-130837.947826	-113904.065061	-122361.674590	-140028.940443
-2052.583045	-5577.162573	-5212.762083	-5547.881788	-59718.295600	-117637.633400	-88669.437309	-111818.021455
-2912.477006	-4642.457323	-5826.496282	-5737.536339	-130848.475498	-113919.353654	-122373.565718	-140040.652757
-1543.834990	-5569.026538	-5101.360989	-5538.628166	-59695.049786	-117631.084339	-88746.684938	-111791.914617
-2899.803567	-4623.838320	-5820.170739	-5734.496502	-130846.776765	-113917.096128	-122370.972916	-140037.367050
-1704.566384	-5569.518276	-5137.503760	-5542.584424	-59698.022568	-117634.481804	-88719.594624	-111806.599713
-6311.529137	-6412.939002	-5791.046416	-5720.169034	-130837.076108	-113902.791012	-122360.288782	-140027.107600
-5877.480612	-5722.515967	-5930.655412	-5747.929901	-59817.470290	-117823.532858	-87762.582333	-112317.784109
-4464.760955	-5435.698382	-5807.229079	-5731.099037	-130844.630998	-113913.363387	-122368.536576	-140035.288338
1437.999480	-5481.430051	-4584.387491	-5417.995801	-59645.831245	-117519.280913	-89279.394064	-111495.888113
-4411.407341	-5341.843407	-5815.812149	-5730.853168	-130844.563942	-113913.609256	-122368.871852	-140035.735373
-5706.132139	-5718.291487	-5894.758510	-5743.884235	-59801.868773	-117820.649483	-87796.780502	-112305.870629
-6340.675812	-6445.237272	-5791.113471	-5722.046581	-130837.947826	-113904.065061	-122361.674590	-140028.940443
-2052.583045	-5577.162573	-5212.762083	-5547.881788	-59718.295600	-117637.633400	-88669.437309	-111818.021455
-2912.477006	-4642.457323	-5826.496282	-5737.536339	-130848.475498	-113919.353654	-122373.565718	-140040.652757
-1543.834990	-5569.026538	-5101.360989	-5538.628166	-59695.049786	-117631.084339	-88746.684938	-111791.914617
-6286.070500	-6396.108138	-5801.484680	-5724.169996	-130839.892428	-113906.322587	-122363.999172	-140031.510893
-5888.857649	-5724.482921	-5927.392057	-5748.980433	-59812.150575	-117824.426928	-87746.042042	-112319.751062
-4499.339104	-5451.724583	-5812.839367	-5731.411961	-130843.625169	-113913.050462	-122368.536576	-140035.936539
1510.799111	-5480.267761	-4540.063982	-5414.866557	-59639.684515	-117516.084613	-89277.181241	-111489.093183
-4313.663162	-5289.965008	-5823.143521	-5731.769589	-130844.183963	-113913.788070	-122369.408294	-140037.098829
-5603.425873	-5715.162243	-5871.244475	-5738.005726	-59791.542267	-117815.262713	-87812.046744	-112290.716146
-6343.402725	-6445.326679	-5800.903535	-5723.901775	-130838.797192	-113905.495573	-122363.395675	-140031.332079
-2091.095101	-5578.749547	-5185.202382	-5549.334651	-59711.657132	-117638.706283	-88642.905789	-111823.028245
-2811.134197	-4574.709186	-5832.754771	-5737.357526	-130847.290855	-113918.884268	-122373.297497	-140041.077440
-1287.639295	-5561.270483	-5016.737284	-5528.011087	-59681.571684	-117620.869591	-88768.790814	-111768.512341
-6241.277604	-6364.145144	-5809.598364	-5723.678258	-130838.506620	-113905.674387	-122363.507433	-140031.868521
-5874.887809	-5722.560671	-5914.025714	-5746.253520	-59801.108813	-117822.012940	-87727.713612	-112317.471184
-4508.033932	-5445.130819	-5819.209614	-5730.562595	-130842.217009	-113911.977579	-122367.910727	-140036.070649
-4499.339104	-5451.724583	-5812.839367	-5731.411961	-130843.625169	-113913.050462	-122368.536576	-140035.936539
1510.799111	-5480.267761	-4540.063982	-5414.866557	-59639.684515	-117516.084613	-89277.181241	-111489.093183
-4313.663162	-5289.965008	-5823.143521	-5731.769589	-130844.183963	-113913.788070	-122369.408294	-140037.098829
-5603.425873	-5715.162243	-5871.244475	-5738.005726	-59791.542267	-117815.262713	-87812.046744	-112290.716146
-6343.402725	-6445.326679	-5800.903535	-5723.901775	-130838.797192	-113905.495573	-122363.395675	-140031.332079
-2091.095101	-5578.749547	-5185.202382	-5549.334651	-59711.657132	-117638.706283	-88642.905789	-111823.028245
-2811.134197	-4574.709186	-5832.754771	-5737.357526	-130847.290855	-113918.884268	-122373.297497	-140041.077440
-1287.639295	-5561.270483	-5016.737284	-5528.011087	-59681.571684	-117620.869591	-88768.790814	-111768.512341
-6241.277604	-6364.145144	-5809.598364	-5723.678258	-130838.506620	-113905.674387	-122363.507433	-140031.868521
-5874.887809	-5722.560671	-5914.025714	-5746.253520	-59801.108813	-117822.012940	-87727.713612	-112317.471184
-4508.033932	-5445.130819	-5819.209614	-5730.562595	-130842.217009	-113911.977579	-122367.910727	-140036.070649
1630.112723	-5477.429089	-4448.086554	-5410.910298	-59631.481425	-117511.971892	-89275.415453	-111480.867741
-4190.259181	-5218.126502	-5831.480721	-5732.976584	-130844.809812	-113915.062119	-122370.861157	-140039.199893
-5478.747842	-5710.937764	-5843.394201	-5731.635479	-59781.506334	-117809.719480	-87826.240102	-112275.248739
-6346.621376	-6445.572549	-5810.201861	-5725.287584	-130839.758317	-113907.037843	-122365.295573	-140033.991937
-2140.380697	-5580.627093	-5173.624179	-5551.525122	-59707.075024	-117640.852051	-88616.217806	-111829.778472
-2758.942873	-4543.483799	-5837.918024	-5737.022249	-130846.597951	-113918.705454	-122373.386904	-140041.949158
-1077.823469	-5556.621320	-4955.471153	-5521.126750	-59674.150905	-117614.633455	-88792.707180	-111750.854462
-6206.475938	-6340.966385	-5818.226137	-5725.354639	-130839.735966	-113907.551933	-122365.742608	-140034.796600
-5881.056891	-5722.963002	-5909.577717	-5746.879369	-59795.252656	-117822.929361	-87709.251071	-112320.466318
-4556.000776	-5469.248351	-5824.328163	-5730.406133	-130841.591160	-113911.977579	-122368.246003	-140037.143533
1669.340035	-5477.093813	-4424.952498	-5410.172690	-59627.771035	-117511.658968	-89272.777948	-111479.347823
-4108.451797	-5175.948760	-5836.018126	-5732.730714	-130843.871038	-113914.793898	-122370.905861	-140040.004556
-5380.891905	-5704.433406	-5821.355381	-5724.393514	-59771.001014	-117803.282178	-87838.131230	-112261.502416
-6353.773934	-6447.964185	-5815.052189	-5724.594679	-130838.640730	-113906.479050	-122365.005000	-140034.550731
-6346.621376	-6445.572549	-5810.201861	-5725.287584	-130839.758317	-113907.037843	-122365.295573	-140033.991937
-2140.380697	-5580.627093	-5173.624179	-5551.525122	-59707.075024	-117640.852051	-88616.217806	-111829.778472
-2758.942873	-4543.483799	-5837.918024	-5737.022249	-130846.597951	-113918.705454	-122373.386904	-140041.949158
-1077.823469	-5556.621320	-4955.471153	-5521.126750	-59674.150905	-117614.633455	-88792.707180	-111750.854462
-6206.475938	-6340.966385	-5818.226137	-5725.354639	-130839.735966	-113907.551933	-122365.742608	-140034.796600
-5881.056891	-5722.963002	-5909.577717	-5746.879369	-59795.252656	-117822.929361	-87709.251071	-112320.466318
-4556.000776	-5469.248351	-5824.328163	-5730.406133	-130841.591160	-113911.977579	-122368.246003	-140037.143533
1669.340035	-5477.093813	-4424.952498	-5410.172690	-59627.771035	-117511.658968	-89272.777948	-111479.347823
-4108.451797	-5175.948760	-5836.018126	-5732.730714	-130843.871038	-113914.793898	-122370.905861	-140040.004556
-5380.891905	-5704.433406	-5821.355381	-5724.393514	-59771.001014	-117803.282178	-87838.131230	-112261.502416
-6353.773934	-6447.964185	-5815.052189	-5724.594679	-130838.640730	-113906.479050	-122365.005000	-140034.550731
-2241.120010	-5582.996378	-5196.869993	-5555.637843	-59704.281056	-117645.456510	-88588.322829	-111841.669600
-2754.651338	-4541.785066	-5840.644937	-5736.284642	-130845.323902	-113918.034901	-122373.141035	-140042.217379
-926.055125	-5550.631052	-4926.950327	-5513.951840	-59666.260739	-117609.112574	-88814.164855	-111736.079959
-6171.718976	-6316.513576	-5823.143521	-5725.689915	-130839.423041	-113907.909561	-122366.368457	-140036.025946
-5902.492214	-5723.521796	-5910.650600	-5748.578101	-59790.581142	-117825.902143	-87694.431865	-112326.344827
-4611.231936	-5497.724473	-5827.233890	-5730.048505	-130840.808849	-113911.865820	-122368.313058	-140038.127010
1649.290520	-5475.283322	-4440.956347	-5409.099806	-59623.658314	-117511.837782	-89266.430052	-111480.107782
-4043.497627	-5144.298690	-5837.940376	-5731.903700	-130842.552285	-113914.190401	-122370.525881	-140040.205722
-5306.795872	-5698.778415	-5804.949201	-5718.291487	-59762.708516	-117799.102402	-87851.765794	-112250.147730
-6358.177228	-6448.008889	-5815.320410	-5721.353676	-130835.153858	-113903.483916	-122362.389846	-140032.494370
-2352.163476	-5582.370529	-5218.148854	-5557.269520	-59699.520135	-117648.094016	-88557.432718	-111852.309031
-2769.559952	-4554.123229	-5840.086143	-5733.982412	-130842.686396	-113915.822079	-122371.129378	-140041.099792
-801.310039	-5543.702012	-4901.223469	-5506.419302	-59658.437629	-117603.256417	-88833.365003	-111722.355988
-6143.600481	-6297.514593	-5824.998716	-5724.952307	-130838.461916	-113907.440175	-122366.100236	-140036.651795
-6171.718976	-6316.513576	-5823.143521	-5725.689915	-130839.423041	-113907.909561	-122366.368457	-140036.025946
-5902.492214	-5723.521796	-5910.650600	-5748.578101	-59790.581142	-117825.902143	-87694.431865	-112326.344827
-4611.231936	-5497.724473	-5827.233890	-5730.048505	-130840.808849	-113911.865820	-122368.313058	-140038.127010
1649.290520	-5475.283322	-4440.956347	-5409.099806	-59623.658314	-117511.837782	-89266.430052	-111480.107782
-4043.497627	-5144.298690	-5837.940376	-5731.903700	-130842.552285	-113914.190401	-122370.525881	-140040.205722
-5306.795872	-5698.778415	-5804.949201	-5718.291487	-59762.708516	-117799.102402	-87851.765794	-112250.147730
-6358.177228	-6448.008889	-5815.320410	-5721.353676	-130835.153858	-113903.483916	-122362.389846	-140032.494370
-2352.163476	-5582.370529	-5218.148854	-5557.269520	-59699.520135	-117648.094016	-88557.432718	-111852.309031
-2769.559952	-4554.123229	-5840.086143	-5733.982412	-130842.686396	-113915.822079	-122371.129378	-140041.099792
-801.310039	-5543.702012	-4901.223469	-5506.419302	-59658.437629	-117603.256417	-88833.365003	-111722.355988
-6143.600481	-6297.514593	-5824.998716	-5724.952307	-130838.461916	-113907.440175	-122366.100236	-140036.651795
-5930.476598	-5725.533453	-5913.623382	-5752.355546	-59788.994168	-117830.841879	-87681.177280	-112335.553746
-4687.987827	-5538.896386	-5827.658573	-5728.550938	-130839.311283	-113910.547067	-122367.530747	-140037.836437
1625.530616	-5471.975264	-4445.627862	-5407.021094	-59618.562116	-117510.697843	-89258.048148	-111481.180666
-3994.346141	-5121.008172	-5835.705201	-5727.880386	-130838.372509	-113910.435308	-122366.971954	-140037.501161
-5228.497711	-5692.586981	-5788.341855	-5712.256516	-59755.891234	-117794.408535	-87867.501422	-112240.245907
-6374.359891	-6457.977767	-5814.806320	-5719.364371	-130832.896332	-113901.807535	-122360.936983	-140031.980280
-2487.436233	-5585.812698	-5256.370337	-5563.438602	-59701.285923	-117655.000705	-88532.912854	-111869.162246
-2839.655023	-4604.392303	-5839.996736	-5733.401267	-130842.060547	-113915.777375	-122371.241137	-140041.993861
-698.894346	-5537.287061	-4893.713283	-5499.669075	-59653.944928	-117598.070812	-88856.655521	-111710.576619
-6118.790045	-6279.722605	-5821.333029	-5719.923165	-130833.388070	-113902.992177	-122361.741646	-140032.963757
-5961.880799	-5722.650078	-5915.389170	-5751.170904	-59784.389709	-117830.663065	-87664.435823	-112340.582888
-4776.746604	-5588.807832	-5826.183358	-5726.494578	-130837.366681	-113909.116555	-122366.256698	-140037.322347
1548.327690	-5473.405775	-4493.997037	-5409.368027	-59621.624305	-117514.296474	-89258.584590	-111486.790953
-3975.190696	-5120.315268	-5836.711030	-5728.550938	-130838.931303	-113911.687006	-122368.357762	-140039.579873
-3994.346141	-5121.008172	-5835.705201	-5727.880386	-130838.372509	-113910.435308	-122366.971954	-140037.501161
-5228.497711	-5692.586981	-5788.341855	-5712.256516	-59755.891234	-117794.408535	-87867.501422	-112240.245907
-6374.359891	-6457.977767	-5814.806320	-5719.364371	-130832.896332	-113901.807535	-122360.936983	-140031.980280
-2487.436233	-5585.812698	-5256.370337	-5563.438602	-59701.285923	-117655.000705	-88532.912854	-111869.162246
-2839.655023	-4604.392303	-5839.996736	-5733.401267	-130842.060547	-113915.777375	-122371.241137	-140041.993861
-698.894346	-5537.287061	-4893.713283	-5499.669075	-59653.944928	-117598.070812	-88856.655521	-111710.576619
-6118.790045	-6279.722605	-5821.333029	-5719.923165	-130833.388070	-113902.992177	-122361.741646	-140032.963757
-5961.880799	-5722.650078	-5915.389170	-5751.170904	-59784.389709	-117830.663065	-87664.435823	-112340.582888
-4776.746604	-5588.807832	-5826.183358	-5726.494578	-130837.366681	-113909.116555	-122366.256698	-140037.322347
1548.327690	-5473.405775	-4493.997037	-5409.368027	-59621.624305	-117514.296474	-89258.584590	-111486.790953
-3975.190696	-5120.315268	-5836.711030	-5728.550938	-130838.931303	-113911.687006	-122368.357762	-140039.579873
-5179.189763	-5687.848412	-5778.752956	-5707.227374	-59752.158493	-117791.033422	-87883.594678	-112231.238154
-6387.390958	-6466.337319	-5812.794663	-5716.503348	-130830.147067	-113899.438250	-122358.858271	-140030.527417
-2636.008279	-5587.466727	-5296.692884	-5567.014881	-59702.291751	-117659.739275	-88506.291927	-111882.573293
-2893.075692	-4642.457323	-5838.163893	-5731.791941	-130840.428870	-113914.659788	-122370.414122	-140041.725641
-625.267699	-5531.967346	-4895.076739	-5493.365883	-59651.039201	-117593.689870	-88878.247306	-111698.439622
-6096.080672	-6265.350433	-5819.634297	-5718.380894	-130831.689338	-113901.829887	-122360.892279	-140032.807294
-6006.360770	-5722.247746	-5923.704019	-5751.908511	-59784.635578	-117832.920591	-87653.148193	-112346.260231
-4860.878570	-5636.908786	-5823.724666	-5725.220528	-130835.958521	-113908.244837	-122365.586146	-140037.501161
1444.861465	-5472.645816	-4552.111572	-5409.144510	-59622.987762	-117515.861096	-89254.024834	-111489.964901
-3952.973062	-5118.124797	-5834.922890	-5728.193310	-130838.260751	-113911.687006	-122368.469521	-140040.473943
-5148.970204	-5684.741519	-5776.249561	-5703.852261	-59752.046734	-117789.379393	-87904.918242	-112223.750320
-6409.854461	-6483.257590	-5811.364151	-5717.039790	-130830.638806	-113900.488782	-122360.132320	-140032.561425
-2817.370333	-5592.004131	-5352.013451	-5573.809811	-59707.767929	-117667.495330	-88484.633086	-111899.806488
-2998.553574	-4715.838100	-5838.230948	-5733.848302	-130842.373472	-113917.230239	-122373.096332	-140045.212513
-2893.075692	-4642.457323	-5838.163893	-5731.791941	-130840.428870	-113914.659788	-122370.414122	-140041.725641
-625.267699	-5531.967346	-4895.076739	-5493.365883	-59651.039201	-117593.689870	-88878.247306	-111698.439622
-6096.080672	-6265.350433	-5819.634297	-5718.380894	-130831.689338	-113901.829887	-122360.892279	-140032.807294
-6006.360770	-5722.247746	-5923.704019	-5751.908511	-59784.635578	-117832.920591	-87653.148193	-112346.260231
-4860.878570	-5636.908786	-5823.724666	-5725.220528	-130835.958521	-113908.244837	-122365.586146	-140037.501161
1444.861465	-5472.645816	-4552.111572	-5409.144510	-59622.987762	-117515.861096	-89254.024834	-111489.964901
-3952.973062	-5118.124797	-5834.922890	-5728.193310	-130838.260751	-113911.687006	-122368.469521	-140040.473943
-5148.970204	-5684.741519	-5776.249561	-5703.852261	-59752.046734	-117789.379393	-87904.918242	-112223.750320
-6409.854461	-6483.257590	-5811.364151	-5717.039790	-130830.638806	-113900.488782	-122360.132320	-140032.561425
-2817.370333	-5592.004131	-5352.013451	-5573.809811	-59707.767929	-117667.495330	-88484.633086	-111899.806488
-2998.553574	-4715.838100	-5838.230948	-5733.848302	-130842.373472	-113917.230239	-122373.096332	-140045.212513
-590.801309	-5533.755485	-4919.820120	-5494.304656	-59656.627137	-117596.640300	-88908.869196	-111695.377433
-6093.890201	-6268.189105	-5822.808245	-5724.125293	-130837.232570	-113907.998968	-122367.195471	-140039.781039
-6068.498620	-5730.540243	-5943.217092	-5761.653872	-59795.096194	-117843.738835	-87655.137498	-112362.509950
-4994.385540	-5720.236089	-5825.959841	-5730.584947	-130841.322940	-113914.011587	-122371.576413	-140044.229036
1309.454597	-5480.625389	-4626.609937	-5419.158091	-59634.007172	-117526.031140	-89258.271665	-111504.873515
-4006.974877	-5171.076080	-5837.918024	-5733.982412	-130843.826335	-113917.789032	-122374.638602	-140047.335928
-5137.637870	-5689.502441	-5782.888029	-5708.568479	-59761.702688	-117795.012032	-87936.389498	-112225.493756
-6450.177008	-6516.427579	-5811.632372	-5721.420732	-130834.796230	-113905.093241	-122364.982648	-140037.992899
-3028.393153	-5600.542498	-5418.822815	-5585.298608	-59719.815519	-117678.693554	-88465.276476	-111923.097005
-3211.163367	-4861.996157	-5834.185282	-5733.691839	-130841.859381	-113917.140832	-122373.230442	-140045.994824
-606.849862	-5531.788532	-4965.618845	-5493.030607	-59661.231597	-117595.075678	-88931.310347	-111690.102421
-6106.384826	-6279.767308	-5817.689695	-5723.454740	-130835.980873	-113907.440175	-122366.636678	-140039.870446
-6141.700583	-5734.250633	-5962.730165	-5766.794773	-59804.483927	-117849.058550	-87646.308559	-112374.714002
-5164.795240	-5823.389390	-5819.254317	-5728.506235	-130838.797192	-113911.932875	-122369.765922	-140042.977338
-6068.498620	-5730.540243	-5943.217092	-5761.653872	-59795.096194	-117843.738835	-87655.137498	-112362.509950
-4994.385540	-5720.236089	-5825.959841	-5730.584947	-130841.322940	-113914.011587	-122371.576413	-140044.229036
1309.454597	-5480.625389	-4626.609937	-5419.158091	-59634.007172	-117526.031140	-89258.271665	-111504.873515
-4006.974877	-5171.076080	-5837.918024	-5733.982412	-130843.826335	-113917.789032	-122374.638602	-140047.335928
-5137.637870	-5689.502441	-5782.888029	-5708.568479	-59761.702688	-117795.012032	-87936.389498	-112225.493756
-6450.177008	-6516.427579	-5811.632372	-5721.420732	-130834.796230	-113905.093241	-122364.982648	-140037.992899
-3028.393153	-5600.542498	-5418.822815	-5585.298608	-59719.815519	-117678.693554	-88465.276476	-111923.097005
-3211.163367	-4861.996157	-5834.185282	-5733.691839	-130841.859381	-113917.140832	-122373.230442	-140045.994824
-606.849862	-5531.788532	-4965.618845	-5493.030607	-59661.231597	-117595.075678	-88931.310347	-111690.102421
-6106.384826	-6279.767308	-5817.689695	-5723.454740	-130835.980873	-113907.440175	-122366.636678	-140039.870446
-6141.700583	-5734.250633	-5962.730165	-5766.794773	-59804.483927	-117849.058550	-87646.308559	-112374.714002
-5164.795240	-5823.389390	-5819.254317	-5728.506235	-130838.797192	-113911.932875	-122369.765922	-140042.977338
1069.441565	-5482.547639	-4757.613511	-5423.293164	-59641.964393	-117529.674474	-89246.000558	-111515.602352
-4134.759800	-5273.692939	-5831.145445	-5731.434313	-130840.585332	-113915.263285	-122372.179910	-140045.436030
-5172.663054	-5686.194382	-5791.538154	-5704.768682	-59765.815409	-117791.882788	-87948.615902	-112220.509317
-6490.074872	-6549.508160	-5803.742207	-5718.291487	-130830.907027	-113901.740480	-122361.786349	-140035.511856
-3300.927973	-5608.544422	-5502.798319	-5595.938038	-59732.600717	-117689.131819	-88432.285301	-111947.996849
-3497.980952	-5053.148276	-5830.564300	-5734.496502	-130841.926437	-113917.744329	-122374.124512	-140047.470039
-717.155721	-5531.274442	-5051.650709	-5492.494165	-59667.825361	-117594.852161	-88942.866199	-111689.186000
-6130.323545	-6298.743939	-5812.682904	-5722.314801	-130834.058623	-113906.009663	-122365.407332	-140039.334004
-6224.625555	-5739.056258	-5985.417185	-5772.561523	-59813.916363	-117855.294687	-87627.734259	-112390.270816
-5343.810361	-5924.039295	-5813.107587	-5726.673392	-130836.338501	-113909.965922	-122367.977782	-140041.926806
742.681413	-5485.609828	-4917.920222	-5428.411714	-59650.502759	-117534.681265	-89223.760572	-111530.578021
-4293.524241	-5396.225202	-5826.138654	-5730.584947	-130838.864248	-113914.033939	-122371.017619	-140045.145457
-5237.393706	-5687.624894	-5808.972515	-5705.439234	-59772.923264	-117793.268596	-87958.115394	-112222.051587
-5172.663054	-5686.194382	-5791.538154	-5704.768682	-59765.815409	-117791.882788	-87948.615902	-112220.509317
-6490.074872	-6549.508160	-5803.742207	-5718.291487	-130830.907027	-113901.740480	-122361.786349	-140035.511856
-3300.927973	-5608.544422	-5502.798319	-5595.938038	-59732.600717	-117689.131819	-88432.285301	-111947.996849
-3497.980952	-5053.148276	-5830.564300	-5734.496502	-130841.926437	-113917.744329	-122374.124512	-140047.470039
-717.155721	-5531.274442	-5051.650709	-5492.494165	-59667.825361	-117594.852161	-88942.866199	-111689.186000
-6130.323545	-6298.743939	-5812.682904	-5722.314801	-130834.058623	-113906.009663	-122365.407332	-140039.334004
-6224.625555	-5739.056258	-5985.417185	-5772.561523	-59813.916363	-117855.294687	-87627.734259	-112390.270816
-5343.810361	-5924.039295	-5813.107587	-5726.673392	-130836.338501	-113909.965922	-122367.977782	-140041.926806
742.681413	-5485.609828	-4917.920222	-5428.411714	-59650.502759	-117534.681265	-89223.760572	-111530.578021
-4293.524241	-5396.225202	-5826.138654	-5730.584947	-130838.864248	-113914.033939	-122371.017619	-140045.145457
-5237.393706	-5687.624894	-5808.972515	-5705.439234	-59772.923264	-117793.268596	-87958.115394	-112222.051587
-6533.325497	-6587.684940	-5800.501204	-5719.096150	-130830.683509	-113902.120459	-122362.233384	-140036.718850
-3606.901003	-5615.585222	-5585.209201	-5605.191661	-59743.061333	-117698.161924	-88391.336905	-111973.544892
-3788.486575	-5231.135217	-5823.791721	-5732.238976	-130838.685434	-113914.972712	-122371.285840	-140045.480734
-888.258325	-5532.414381	-5157.016832	-5493.231773	-59675.469658	-117596.014452	-88948.945874	-111690.840029
-6156.475086	-6320.827463	-5808.503128	-5722.247746	-130832.695166	-113905.182648	-122364.669724	-140039.311652
-6304.778910	-5743.168979	-6007.724226	-5777.233038	-59821.739474	-117860.212071	-87603.594375	-112405.090023
-5498.059749	-6002.225697	-5807.877279	-5725.444046	-130833.902160	-113907.909561	-122366.167291	-140040.764515
395.581173	-5489.476680	-5047.001546	-5434.089057	-59658.728201	-117539.956276	-89195.887947	-111546.112483
-4425.153664	-5490.013121	-5820.036628	-5727.992145	-130834.706823	-113910.524715	-122367.597803	-140042.262082
-5286.969875	-5686.127327	-5819.746056	-5702.779377	-59777.170095	-117791.033422	-87962.250467	-112219.279971
-6569.602379	-6620.072618	-5797.282552	-5719.654944	-130829.923550	-113901.762831	-122362.009866	-140037.188236
-3854.245407	-5627.163425	-5638.384001	-5618.580355	-59757.791133	-117711.237694	-88354.344768	-112001.618684
-3983.393786	-5336.613099	-5825.579861	-5736.776380	-130841.680567	-113918.705454	-122375.040933	-140049.861675
-949.859732	-5534.582500	-5204.402531	-5495.019912	-59682.733975	-117597.847295	-88956.925447	-111691.510581
-888.258325	-5532.414381	-5157.016832	-5493.231773	-59675.469658	-117596.014452	-88948.945874	-111690.840029
-6156.475086	-6320.827463	-5808.503128	-5722.247746	-130832.695166	-113905.182648	-122364.669724	-140039.311652
-6304.778910	-5743.168979	-6007.724226	-5777.233038	-59821.739474	-117860.212071	-87603.594375	-112405.090023
-5498.059749	-6002.225697	-5807.877279	-5725.444046	-130833.902160	-113907.909561	-122366.167291	-140040.764515
395.581173	-5489.476680	-5047.001546	-5434.089057	-59658.728201	-117539.956276	-89195.887947	-111546.112483
-4425.153664	-5490.013121	-5820.036628	-5727.992145	-130834.706823	-113910.524715	-122367.597803	-140042.262082
-5286.969875	-5686.127327	-5819.746056	-5702.779377	-59777.170095	-117791.033422	-87962.250467	-112219.279971
-6569.602379	-6620.072618	-5797.282552	-5719.654944	-130829.923550	-113901.762831	-122362.009866	-140037.188236
-3854.245407	-5627.163425	-5638.384001	-5618.580355	-59757.791133	-117711.237694	-88354.344768	-112001.618684
-3983.393786	-5336.613099	-5825.579861	-5736.776380	-130841.680567	-113918.705454	-122375.040933	-140049.861675
-949.859732	-5534.582500	-5204.402531	-5495.019912	-59682.733975	-117597.847295	-88956.925447	-111691.510581
-6164.387603	-6330.773989	-5807.586707	-5724.035886	-130832.739870	-113906.032015	-122365.384980	-140040.719812
-6350.756449	-5748.488694	-6022.163453	-5783.066843	-59831.618945	-117865.598841	-87588.641058	-112417.495241
-5592.115890	-6048.203236	-5805.642105	-5726.002839	-130832.695166	-113907.261361	-122365.653201	-140040.920978
243.723422	-5494.572877	-5086.832355	-5440.213435	-59668.004175	-117545.499509	-89178.051255	-111558.964736
-4463.531609	-5521.752598	-5823.165872	-5732.775418	-130837.701957	-113914.257457	-122371.442303	-140046.620673
-5248.882502	-5689.301275	-5818.270840	-5704.992200	-59786.021386	-117793.201541	-87982.054112	-112216.597762
-6583.125184	-6632.030801	-5796.746111	-5720.437255	-130828.917721	-113901.360500	-122361.808701	-140037.635271
-3961.086745	-5631.700829	-5650.655109	-5624.749437	-59765.234264	-117716.669168	-88322.493532	-112016.907277
-3995.106100	-5339.809399	-5824.685791	-5736.396400	-130839.601855	-113917.051425	-122373.521015	-140049.034661
-817.291536	-5531.117979	-5177.178106	-5490.482508	-59684.253893	-117593.287539	-88972.146985	-111680.312357
-6129.764751	-6307.595230	-5808.100797	-5724.393514	-130831.242303	-113905.115593	-122364.647372	-140040.473943
-6347.984832	-5748.175770	-6019.525948	-5783.335064	-59834.837596	-117865.576490	-87581.600259	-112417.204668
-5593.322884	-6049.231416	-5805.105663	-5725.064066	-130830.012957	-113905.182648	-122363.641544	-140039.490466
313.684382	-5495.802223	-5036.093895	-5441.398077	-59671.088716	-117546.617096	-89167.545935	-111560.708172
243.723422	-5494.572877	-5086.832355	-5440.213435	-59668.004175	-117545.499509	-89178.051255	-111558.964736
-4463.531609	-5521.752598	-5823.165872	-5732.775418	-130837.701957	-113914.257457	-122371.442303	-140046.620673
-5248.882502	-5689.301275	-5818.270840	-5704.992200	-59786.021386	-117793.201541	-87982.054112	-112216.597762
-6583.125184	-6632.030801	-5796.746111	-5720.437255	-130828.917721	-113901.360500	-122361.808701	-140037.635271
-3961.086745	-5631.700829	-5650.655109	-5624.749437	-59765.234264	-117716.669168	-88322.493532	-112016.907277
-3995.106100	-5339.809399	-5824.685791	-5736.396400	-130839.601855	-113917.051425	-122373.521015	-140049.034661
-817.291536	-5531.117979	-5177.178106	-5490.482508	-59684.253893	-117593.287539	-88972.146985	-111680.312357
-6129.764751	-6307.595230	-5808.100797	-5724.393514	-130831.242303	-113905.115593	-122364.647372	-140040.473943
-6347.984832	-5748.175770	-6019.525948	-5783.335064	-59834.837596	-117865.576490	-87581.600259	-112417.204668
-5593.322884	-6049.231416	-5805.105663	-5725.064066	-130830.012957	-113905.182648	-122363.641544	-140039.490466
313.684382	-5495.802223	-5036.093895	-5441.398077	-59671.088716	-117546.617096	-89167.545935	-111560.708172
-4330.583433	-5446.337813	-5824.283460	-5732.350735	-130835.489134	-113912.692834	-122369.743570	-140045.637196
-5109.675838	-5682.439289	-5790.398215	-5697.012627	-59782.959197	-117785.490189	-88005.344630	-112196.883523
-6568.618902	-6617.546870	-5797.997808	-5720.526662	-130827.151934	-113900.354672	-122360.713465	-140037.098829
-3964.461859	-5631.700829	-5634.941832	-5626.068190	-59765.726002	-117717.674997	-88299.627697	-112021.176460
-3822.349468	-5238.153665	-5823.992887	-5733.557729	-130834.952692	-113913.028111	-122369.609460	-140045.816010
-532.977347	-5523.563090	-5088.106404	-5481.139479	-59678.285978	-117584.480951	-88993.604659	-111659.122903
-6053.053564	-6254.576892	-5810.157157	-5723.991182	-130829.163591	-113903.662730	-122363.194509	-140039.758687
-6320.112207	-5747.862845	-6010.764064	-5783.424471	-59834.837596	-117865.665897	-87587.367009	-112412.220229
-5551.122791	-6024.778607	-5810.134805	-5727.634517	-130831.197599	-113906.747270	-122365.407332	-140042.060917
464.223381	-5496.629238	-4952.855999	-5441.912167	-59670.194646	-117547.332352	-89165.444871	-111558.718867
-4110.552861	-5312.204994	-5830.206672	-5735.122351	-130836.562018	-113914.369215	-122371.576413	-140048.274702
-4928.514949	-5679.041824	-5759.798677	-5692.564630	-59779.986415	-117781.511579	-88040.794497	-112179.002128
-6550.178713	-6599.441957	-5802.758730	-5722.985354	-130828.224817	-113901.896942	-122362.456901	-140039.646928
-3979.348121	-5636.193530	-5628.482178	-5632.036106	-59767.625900	-117723.531154	-88286.171947	-112030.206565
-3964.461859	-5631.700829	-5634.941832	-5626.068190	-59765.726002	-117717.674997	-88299.627697	-112021.176460
-3822.349468	-5238.153665	-5823.992887	-5733.557729	-130834.952692	-113913.028111	-122369.609460	-140045.816010
-532.977347	-5523.563090	-5088.106404	-5481.139479	-59678.285978	-117584.480951	-88993.604659	-111659.122903
-6053.053564	-6254.576892	-5810.157157	-5723.991182	-130829.163591	-113903.662730	-122363.194509	-140039.758687
-6320.112207	-5747.862845	-6010.764064	-5783.424471	-59834.837596	-117865.665897	-87587.367009	-112412.220229
-5551.122791	-6024.778607	-5810.134805	-5727.634517	-130831.197599	-113906.747270	-122365.407332	-140042.060917
464.223381	-5496.629238	-4952.855999	-5441.912167	-59670.194646	-117547.332352	-89165.444871	-111558.718867
-4110.552861	-5312.204994	-5830.206672	-5735.122351	-130836.562018	-113914.369215	-122371.576413	-140048.274702
-4928.514949	-5679.041824	-5759.798677	-5692.564630	-59779.986415	-117781.511579	-88040.794497	-112179.002128
-6550.178713	-6599.441957	-5802.758730	-5722.985354	-130828.224817	-113901.896942	-122362.456901	-140039.646928
-3979.348121	-5636.193530	-5628.482178	-5632.036106	-59767.625900	-117723.531154	-88286.171947	-112030.206565
-3675.073823	-5144.343393	-5831.301907	-5738.408057	-130838.551323	-113917.051425	-122373.833939	-140050.643987
-294.618344	-5524.412456	-5023.286345	-5480.647740	-59678.531847	-117584.816228	-89026.037040	-111648.841101
-5985.975979	-6211.728598	-5816.125073	-5728.081552	-130831.845800	-113906.948436	-122366.547271	-140043.737298
-6311.082102	-5749.606281	-6009.422959	-5785.994921	-59835.396389	-117868.392809	-87593.558442	-112413.136651
-5563.393898	-6027.527872	-5815.387465	-5731.881348	-130834.036271	-113910.167087	-122368.983611	-140046.285396
470.236000	-5501.591325	-4931.487731	-5447.768324	-59673.368594	-117553.434378	-89163.500269	-111566.743143
-3990.836917	-5239.070086	-5834.274689	-5737.692802	-130837.724309	-113916.157355	-122373.565718	-140050.845152
-4804.105139	-5675.063214	-5737.536339	-5687.803708	-59775.851342	-117777.465913	-88068.354198	-112165.948709
-6545.887178	-6594.278704	-5804.032779	-5723.320630	-130827.286044	-113901.472259	-122362.211032	-140039.982204
-4051.901883	-5640.708582	-5634.204225	-5638.495760	-59769.458743	-117730.124918	-88264.200182	-112044.936364
-3648.408192	-5122.192815	-5833.179454	-5739.212720	-130838.148992	-113917.319646	-122374.169215	-140051.716870
-127.986089	-5522.691372	-4977.286455	-5478.054938	-59676.140210	-117583.162198	-89047.271198	-111640.772121
-5938.009135	-6182.738386	-5820.193090	-5730.674354	-130833.119849	-113908.960093	-122368.625983	-140046.531266
-6302.677846	-5751.841456	-6006.114901	-5788.900648	-59835.619907	-117871.857330	-87593.826663	-112417.517593
-6311.082102	-5749.606281	-6009.422959	-5785.994921	-59835.396389	-117868.392809	-87593.558442	-112413.136651
-5563.393898	-6027.527872	-5815.387465	-5731.881348	-130834.036271	-113910.167087	-122368.983611	-140046.285396
470.236000	-5501.591325	-4931.487731	-5447.768324	-59673.368594	-117553.434378	-89163.500269	-111566.743143
-3990.836917	-5239.070086	-5834.274689	-5737.692802	-130837.724309	-113916.157355	-122373.565718	-140050.845152
-4804.105139	-5675.063214	-5737.536339	-5687.803708	-59775.851342	-117777.465913	-88068.354198	-112165.948709
-6545.887178	-6594.278704	-5804.032779	-5723.320630	-130827.286044	-113901.472259	-122362.211032	-140039.982204
-4051.901883	-5640.708582	-5634.204225	-5638.495760	-59769.458743	-117730.124918	-88264.200182	-112044.936364
-3648.408192	-5122.192815	-5833.179454	-5739.212720	-130838.148992	-113917.319646	-122374.169215	-140051.716870
-127.986089	-5522.691372	-4977.286455	-5478.054938	-59676.140210	-117583.162198	-89047.271198	-111640.772121
-5938.009135	-6182.738386	-5820.193090	-5730.674354	-130833.119849	-113908.960093	-122368.625983	-140046.531266
-6302.677846	-5751.841456	-6006.114901	-5788.900648	-59835.619907	-117871.857330	-87593.826663	-112417.517593
-5591.132413	-6039.955442	-5817.890861	-5733.244805	-130834.416251	-113911.038805	-122370.123550	-140048.118239
479.467270	-5504.675866	-4893.556821	-5451.210493	-59673.994443	-117557.502396	-89153.799612	-111574.745068
-3904.514480	-5191.974961	-5837.895672	-5739.793866	-130838.819544	-113917.878439	-122375.286803	-140053.192085
-4668.430050	-5673.722109	-5712.591793	-5685.188554	-59774.107906	-117776.013050	-88096.427989	-112156.538624
-6544.814294	-6593.138765	-5808.704294	-5726.561633	-130829.521218	-113904.355634	-122365.094407	-140043.558484
-4112.989201	-5646.475333	-5637.378173	-5645.514208	-59772.319767	-117737.590401	-88244.329482	-112060.560234
-3633.231358	-5105.898393	-5836.599271	-5741.470246	-130839.467745	-113918.996026	-122376.180872	-140054.332024
41.350727	-5520.746770	-4924.111655	-5474.612769	-59674.039146	-117580.837617	-89068.997093	-111632.256106
-5890.265809	-6153.591711	-5822.852948	-5731.814293	-130833.253960	-113909.742404	-122369.497701	-140047.984129
-6291.010236	-5750.813276	-6000.281096	-5787.693654	-59833.138863	-117871.410295	-87595.078360	-112417.450537
-5624.078885	-6053.053564	-5815.834500	-5730.473188	-130830.571750	-113907.686044	-122366.860195	-140045.525437
455.819125	-5503.379465	-4874.289617	-5450.003499	-59671.625158	-117557.122416	-89141.908484	-111577.941367
-3840.253215	-5156.189818	-5838.007431	-5738.944499	-130836.897294	-113916.537335	-122374.012753	-140052.566237
-4544.109648	-5668.000062	-5687.960170	-5677.790127	-59769.302281	-117769.732209	-88123.138323	-112141.205328
-4668.430050	-5673.722109	-5712.591793	-5685.188554	-59774.107906	-117776.013050	-88096.427989	-112156.538624
-6544.814294	-6593.138765	-5808.704294	-5726.561633	-130829.521218	-113904.355634	-122365.094407	-140043.558484
-4112.989201	-5646.475333	-5637.378173	-5645.514208	-59772.319767	-117737.590401	-88244.329482	-112060.560234
-3633.231358	-5105.898393	-5836.599271	-5741.470246	-130839.467745	-113918.996026	-122376.180872	-140054.332024
41.350727	-5520.746770	-4924.111655	-5474.612769	-59674.039146	-117580.837617	-89068.997093	-111632.256106
-5890.265809	-6153.591711	-5822.852948	-5731.814293	-130833.253960	-113909.742404	-122369.497701	-140047.984129
-6291.010236	-5750.813276	-6000.281096	-5787.693654	-59833.138863	-117871.410295	-87595.078360	-112417.450537
-5624.078885	-6053.053564	-5815.834500	-5730.473188	-130830.571750	-113907.686044	-122366.860195	-140045.525437
455.819125	-5503.379465	-4874.289617	-5450.003499	-59671.625158	-117557.122416	-89141.908484	-111577.941367
-3840.253215	-5156.189818	-5838.007431	-5738.944499	-130836.897294	-113916.537335	-122374.012753	-140052.566237
-4544.109648	-5668.000062	-5687.960170	-5677.790127	-59769.302281	-117769.732209	-88123.138323	-112141.205328
-6542.288547	-6590.434204	-5808.816053	-5725.824025	-130827.911893	-113903.148640	-122364.088579	-140043.066745
-4194.394254	-5649.224597	-5647.324699	-5649.269301	-59773.862037	-117741.814881	-88223.497656	-112071.937272
-3643.557864	-5109.117044	-5835.369925	-5740.129142	-130837.143163	-113917.140832	-122374.370381	-140053.169734
163.614769	-5515.628221	-4893.355655	-5467.996653	-59670.306405	-117575.204977	-89087.258469	-111619.783833
-5846.948129	-6128.669516	-5823.747018	-5732.194273	-130832.695166	-113909.675349	-122369.385942	-140048.654681
-6290.093814	-5751.997918	-6000.258744	-5788.788890	-59834.502320	-117873.220786	-87598.229956	-112418.523421
-5668.000062	-6075.740585	-5818.069675	-5732.596604	-130831.957559	-113909.496535	-122368.938907	-140048.140591
387.445138	-5506.173433	-4879.497573	-5453.378612	-59674.664995	-117560.765750	-89132.632510	-111585.026870
-3792.129909	-5132.787541	-5838.499169	-5739.190369	-130836.182038	-113916.336169	-122374.035105	-140053.102678
-4443.370336	-5663.574417	-5669.318815	-5672.112783	-59766.709479	-117764.904233	-88149.245161	-112127.369598
-6541.707401	-6589.584838	-5808.480776	-5725.399342	-130826.481381	-113902.232218	-122363.395675	-140042.932635
-4292.585467	-5651.593882	-5662.970920	-5653.359670	-59775.359604	-117745.860546	-88200.005972	-112083.291958
-3669.754108	-5116.828396	-5834.185282	-5738.922148	-130834.885637	-113915.486803	-122372.917518	-140052.208609
260.330768	-5510.532023	-4878.536448	-5462.185200	-59666.640719	-117570.153483	-89103.687001	-111608.473850
163.614769	-5515.628221	-4893.355655	-5467.996653	-59670.306405	-117575.204977	-89087.258469	-111619.783833
-5846.948129	-6128.669516	-5823.747018	-5732.194273	-130832.695166	-113909.675349	-122369.385942	-140048.654681
-6290.093814	-5751.997918	-6000.258744	-5788.788890	-59834.502320	-117873.220786	-87598.229956	-112418.523421
-5668.000062	-6075.740585	-5818.069675	-5732.596604	-130831.957559	-113909.496535	-122368.938907	-140048.140591
387.445138	-5506.173433	-4879.497573	-5453.378612	-59674.664995	-117560.765750	-89132.632510	-111585.026870
-3792.129909	-5132.787541	-5838.499169	-5739.190369	-130836.182038	-113916.336169	-122374.035105	-140053.102678
-4443.370336	-5663.574417	-5669.318815	-5672.112783	-59766.709479	-117764.904233	-88149.245161	-112127.369598
-6541.707401	-6589.584838	-5808.480776	-5725.399342	-130826.481381	-113902.232218	-122363.395675	-140042.932635
-4292.585467	-5651.593882	-5662.970920	-5653.359670	-59775.359604	-117745.860546	-88200.005972	-112083.291958
-3669.754108	-5116.828396	-5834.185282	-5738.922148	-130834.885637	-113915.486803	-122372.917518	-140052.208609
260.330768	-5510.532023	-4878.536448	-5462.185200	-59666.640719	-117570.153483	-89103.687001	-111608.473850
-5801.194108	-6099.902821	-5820.707181	-5728.841511	-130828.135410	-113905.741442	-122365.630849	-140045.346623
-6282.516573	-5747.728735	-5995.162546	-5785.078500	-59829.942564	-117869.890376	-87596.017134	-112414.678921
-5706.668580	-6092.213820	-5814.582803	-5729.154435	-130827.554265	-113905.517924	-122365.183814	-140044.988995
318.847635	-5505.480529	-4884.504364	-5453.825647	-59673.010966	-117561.436303	-89117.433324	-111590.078365
-3744.386583	-5107.977105	-5837.113361	-5737.491636	-130833.388070	-113914.190401	-122371.934041	-140051.649815
-4327.700058	-5657.740612	-5646.721202	-5665.228446	-59761.300357	-117758.958669	-88173.228583	-112112.863316
-6538.309936	-6585.874449	-5807.564355	-5723.790017	-130824.045041	-113900.332320	-122361.562832	-140041.770344
-4373.878762	-5653.627891	-5671.956321	-5657.204170	-59775.136086	-117749.995619	-88174.815556	-112095.630121
-3689.960085	-5122.550443	-5832.978288	-5737.156360	-130832.449297	-113913.430442	-122371.151730	-140051.023966
380.359635	-5507.402779	-4846.439343	-5458.273644	-59663.355012	-117567.359515	-89118.573263	-111600.382519
-5755.149514	-6073.192486	-5821.847120	-5729.065028	-130827.464858	-113905.674387	-122365.720256	-140046.039527
-6273.285302	-5748.712212	-5992.256819	-5786.397253	-59829.316715	-117872.259661	-87596.844148	-112417.070558
-5748.533398	-6114.274992	-5817.823806	-5731.613127	-130829.409460	-113907.708395	-122367.597803	-140048.051184
262.834163	-5511.560203	-4879.966960	-5460.821743	-59677.257797	-117569.326469	-89105.341030	-111603.265894
-5706.668580	-6092.213820	-5814.582803	-5729.154435	-130827.554265	-113905.517924	-122365.183814	-140044.988995
318.847635	-5505.480529	-4884.504364	-5453.825647	-59673.010966	-117561.436303	-89117.433324	-111590.078365
-3744.386583	-5107.977105	-5837.113361	-5737.491636	-130833.388070	-113914.190401	-122371.934041	-140051.649815
-4327.700058	-5657.740612	-5646.721202	-5665.228446	-59761.300357	-117758.958669	-88173.228583	-112112.863316
-6538.309936	-6585.874449	-5807.564355	-5723.790017	-130824.045041	-113900.332320	-122361.562832	-140041.770344
-4373.878762	-5653.627891	-5671.956321	-5657.204170	-59775.136086	-117749.995619	-88174.815556	-112095.630121
-3689.960085	-5122.550443	-5832.978288	-5737.156360	-130832.449297	-113913.430442	-122371.151730	-140051.023966
380.359635	-5507.402779	-4846.439343	-5458.273644	-59663.355012	-117567.359515	-89118.573263	-111600.382519
-5755.149514	-6073.192486	-5821.847120	-5729.065028	-130827.464858	-113905.674387	-122365.720256	-140046.039527
-6273.285302	-5748.712212	-5992.256819	-5786.397253	-59829.316715	-117872.259661	-87596.844148	-112417.070558
-5748.533398	-6114.274992	-5817.823806	-5731.613127	-130829.409460	-113907.708395	-122367.597803	-140048.051184
262.834163	-5511.560203	-4879.966960	-5460.821743	-59677.257797	-117569.326469	-89105.341030	-111603.265894
-3697.783196	-5085.714768	-5840.734344	-5740.062087	-130835.355024	-113916.559686	-122374.437436	-140054.823763
-4207.022990	-5655.617196	-5623.855367	-5661.942740	-59759.288700	-117757.237584	-88199.290717	-112103.274417
-6538.756971	-6586.232076	-5812.235869	-5727.142778	-130826.704899	-113903.282750	-122364.915593	-140045.748955
-4460.871751	-5660.914559	-5687.423728	-5666.010757	-59779.762897	-117759.785683	-88153.447289	-112113.980903
-3725.879338	-5139.358954	-5836.755733	-5740.196197	-130834.729175	-113916.135003	-122374.079808	-140054.667301
484.697579	-5507.089854	-4825.831035	-5457.156057	-59663.243254	-117567.627736	-89135.202960	-111596.269798
-5711.585964	-6048.784381	-5825.043419	-5730.808464	-130828.582445	-113907.216657	-122367.463692	-140048.297053
-6264.702232	-5749.449819	-5990.289866	-5787.313674	-59828.824977	-117874.181911	-87598.721695	-112419.395139
-5790.867602	-6135.553853	-5819.567242	-5732.373086	-130829.565922	-113908.200134	-122368.469521	-140049.459344
180.691502	-5514.577689	-4895.099091	-5464.688595	-59679.247103	-117574.020335	-89090.991210	-111613.793565
-3667.541285	-5073.600122	-5843.014222	-5741.626709	-130836.092631	-113917.811384	-122375.823245	-140056.947178
-4097.521794	-5652.532655	-5606.242193	-5657.226522	-59757.008822	-117753.996581	-88225.241092	-112092.277359
-6536.208872	-6583.885143	-5813.174643	-5727.142778	-130825.944939	-113903.081584	-122364.759131	-140046.419507
-6538.756971	-6586.232076	-5812.235869	-5727.142778	-130826.704899	-113903.282750	-122364.915593	-140045.748955
-4460.871751	-5660.914559	-5687.423728	-5666.010757	-59779.762897	-117759.785683	-88153.447289	-112113.980903
-3725.879338	-5139.358954	-5836.755733	-5740.196197	-130834.729175	-113916.135003	-122374.079808	-140054.667301
484.697579	-5507.089854	-4825.831035	-5457.156057	-59663.243254	-117567.627736	-89135.202960	-111596.269798
-5711.585964	-6048.784381	-5825.043419	-5730.808464	-130828.582445	-113907.216657	-122367.463692	-140048.297053
-6264.702232	-5749.449819	-5990.289866	-5787.313674	-59828.824977	-117874.181911	-87598.721695	-112419.395139
-5790.867602	-6135.553853	-5819.567242	-5732.373086	-130829.565922	-113908.200134	-122368.469521	-140049.459344
180.691502	-5514.577689	-4895.099091	-5464.688595	-59679.247103	-117574.020335	-89090.991210	-111613.793565
-3667.541285	-5073.600122	-5843.014222	-5741.626709	-130836.092631	-113917.811384	-122375.823245	-140056.947178
-4097.521794	-5652.532655	-5606.242193	-5657.226522	-59757.008822	-117753.996581	-88225.241092	-112092.277359
-6536.208872	-6583.885143	-5813.174643	-5727.142778	-130825.944939	-113903.081584	-122364.759131	-140046.419507
-4552.580959	-5665.675481	-5704.746330	-5671.866914	-59782.959197	-117766.401799	-88131.006137	-112129.135386
-3766.134830	-5162.314196	-5838.521521	-5741.716116	-130835.578541	-113917.453756	-122375.555024	-140056.746013
567.197867	-5504.586459	-4819.751360	-5453.400964	-59661.969204	-117565.280803	-89149.709243	-111589.363109
-5669.408222	-6026.477340	-5827.368000	-5732.440142	-130829.342405	-113908.669520	-122368.804797	-140050.465173
-6258.287282	-5750.187427	-5989.753424	-5787.581895	-59829.517881	-117875.724182	-87601.761532	-112420.691540
-5831.324259	-6156.430382	-5819.611945	-5731.993107	-130828.604797	-113907.708395	-122368.044837	-140049.749917
88.870536	-5516.097607	-4910.521795	-5466.789659	-59680.565856	-117577.082524	-89074.294457	-111622.220173
-3634.974794	-5059.742041	-5843.438905	-5741.492598	-130835.131506	-113917.498460	-122375.577375	-140057.103641
-3988.266467	-5648.397583	-5586.192678	-5651.236254	-59754.348964	-117749.637991	-88250.498563	-112079.402754
-6532.431428	-6580.487678	-5813.442864	-5726.695743	-130824.760297	-113902.500439	-122364.312096	-140046.307748
-4639.998631	-5666.301330	-5715.341057	-5673.655054	-59782.042775	-117768.771084	-88103.558195	-112139.886575
-3802.255249	-5176.664016	-5835.660498	-5738.385706	-130831.644634	-113913.922180	-122372.179910	-140054.019100
658.460040	-5501.121938	-4799.590087	-5449.020022	-59659.465809	-117562.039800	-89162.583847	-111581.785867
-5622.849539	-6000.638723	-5829.022030	-5732.954232	-130829.185942	-113909.071852	-122369.408294	-140051.538056
-5669.408222	-6026.477340	-5827.368000	-5732.440142	-130829.342405	-113908.669520	-122368.804797	-140050.465173
-6258.287282	-5750.187427	-5989.753424	-5787.581895	-59829.517881	-117875.724182	-87601.761532	-112420.691540
-5831.324259	-6156.430382	-5819.611945	-5731.993107	-130828.604797	-113907.708395	-122368.044837	-140049.749917
88.870536	-5516.097607	-4910.521795	-5466.789659	-59680.565856	-117577.082524	-89074.294457	-111622.220173
-3634.974794	-5059.742041	-5843.438905	-5741.492598	-130835.131506	-113917.498460	-122375.577375	-140057.103641
-3988.266467	-5648.397583	-5586.192678	-5651.236254	-59754.348964	-117749.637991	-88250.498563	-112079.402754
-6532.431428	-6580.487678	-5813.442864	-5726.695743	-130824.760297	-113902.500439	-122364.312096	-140046.307748
-4639.998631	-5666.301330	-5715.341057	-5673.655054	-59782.042775	-117768.771084	-88103.558195	-112139.886575
-3802.255249	-5176.664016	-5835.660498	-5738.385706	-130831.644634	-113913.922180	-122372.179910	-140054.019100
658.460040	-5501.121938	-4799.590087	-5449.020022	-59659.465809	-117562.039800	-89162.583847	-111581.785867
-5622.849539	-6000.638723	-5829.022030	-5732.954232	-130829.185942	-113909.071852	-122369.408294	-140051.538056
-6246.396154	-5750.612110	-5986.646531	-5788.028930	-59829.137901	-117877.333507	-87604.600204	-112422.010293
-5873.233780	-6178.200981	-5820.371904	-5732.104866	-130828.135410	-113907.708395	-122368.156596	-140050.420469
5.565584	-5517.908098	-4912.756969	-5469.717737	-59680.901132	-117580.591748	-89055.653102	-111632.345513
-3612.310125	-5053.304738	-5844.847065	-5742.252558	-130835.310320	-113918.124308	-122376.270279	-140058.489449
-3867.410584	-5645.380097	-5563.080974	-5647.123533	-59751.532644	-117746.799320	-88275.867793	-112069.389173
-6530.710343	-6579.079518	-5814.627506	-5726.673392	-130824.290910	-113902.411032	-122364.289744	-140047.090059
-4725.315240	-5668.983539	-5726.740447	-5678.103051	-59782.087479	-117773.979041	-88077.138433	-112154.705781
-3868.528172	-5211.823310	-5835.526387	-5737.692802	-130830.527047	-113913.184573	-122371.531710	-140054.108507
735.975890	-5499.065578	-4785.709654	-5446.427220	-59657.163579	-117560.810454	-89173.625609	-111578.187237
-5586.103271	-5981.371520	-5829.334954	-5732.350735	-130828.090707	-113908.289541	-122368.648335	-140051.381594
-6234.482674	-5749.338061	-5982.422052	-5787.090157	-59826.410988	-117877.557025	-87604.309631	-112423.641971
-5921.960583	-6204.911316	-5821.154215	-5732.373086	-130828.001300	-113907.641340	-122368.447169	-140051.336891
-102.438045	-5522.311392	-4935.041658	-5475.685653	-59683.851562	-117587.319623	-89036.743526	-111647.343534
-3617.383971	-5064.704128	-5845.629376	-5742.453723	-130834.885637	-113917.923143	-122376.359686	-140059.025891
5.565584	-5517.908098	-4912.756969	-5469.717737	-59680.901132	-117580.591748	-89055.653102	-111632.345513
-3612.310125	-5053.304738	-5844.847065	-5742.252558	-130835.310320	-113918.124308	-122376.270279	-140058.489449
-3867.410584	-5645.380097	-5563.080974	-5647.123533	-59751.532644	-117746.799320	-88275.867793	-112069.389173
-6530.710343	-6579.079518	-5814.627506	-5726.673392	-130824.290910	-113902.411032	-122364.289744	-140047.090059
-4725.315240	-5668.983539	-5726.740447	-5678.103051	-59782.087479	-117773.979041	-88077.138433	-112154.705781
-3868.528172	-5211.823310	-5835.526387	-5737.692802	-130830.527047	-113913.184573	-122371.531710	-140054.108507
735.975890	-5499.065578	-4785.709654	-5446.427220	-59657.163579	-117560.810454	-89173.625609	-111578.187237
-5586.103271	-5981.371520	-5829.334954	-5732.350735	-130828.090707	-113908.289541	-122368.648335	-140051.381594
-6234.482674	-5749.338061	-5982.422052	-5787.090157	-59826.410988	-117877.557025	-87604.309631	-112423.641971
-5921.960583	-6204.911316	-5821.154215	-5732.373086	-130828.001300	-113907.641340	-122368.447169	-140051.336891
-102.438045	-5522.311392	-4935.041658	-5475.685653	-59683.851562	-117587.319623	-89036.743526	-111647.343534
-3617.383971	-5064.704128	-5845.629376	-5742.453723	-130834.885637	-113917.923143	-122376.359686	-140059.025891
-3758.378775	-5641.312080	-5543.344384	-5641.960280	-59748.090476	-117743.200689	-88298.934793	-112059.196777
-6531.403247	-6579.772422	-5817.689695	-5728.707400	-130825.810829	-113904.109765	-122366.279050	-140049.481696
-4816.711523	-5677.030167	-5744.420677	-5687.915467	-59788.122450	-117784.663175	-88054.384357	-112175.336441
-3925.793341	-5242.735772	-5840.756695	-5742.207854	-130834.751527	-113917.587866	-122376.270279	-140059.316463
815.369286	-5500.317276	-4773.505601	-5447.254234	-59659.286995	-117562.933870	-89187.640153	-111577.293167
-5541.712706	-5959.109182	-5833.559434	-5735.167055	-130830.370585	-113911.016454	-122371.643468	-140054.890818
-6218.232956	-5750.522703	-5979.985712	-5788.051282	-59826.947430	-117879.836903	-87608.042372	-112425.474814
-5958.796258	-6225.609031	-5824.685791	-5734.630613	-130829.722384	-113909.898866	-122370.972916	-140054.376728
-186.793528	-5527.921680	-4947.424525	-5482.078252	-59688.523077	-117594.874513	-89020.180883	-111661.626299
-3580.727110	-5049.616700	-5851.172608	-5746.789962	-130838.797192	-113922.393492	-122380.919442	-140064.278551
-3624.938861	-5639.345126	-5520.746770	-5638.138132	-59747.419923	-117741.457253	-88327.634433	-112048.691457
-6522.842529	-6572.463402	-5819.567242	-5728.975621	-130825.721422	-113904.534448	-122366.860195	-140050.666338
-4887.030111	-5678.058347	-5753.696651	-5689.904772	-59787.474249	-117787.881826	-88028.635148	-112186.311148
-3925.793341	-5242.735772	-5840.756695	-5742.207854	-130834.751527	-113917.587866	-122376.270279	-140059.316463
815.369286	-5500.317276	-4773.505601	-5447.254234	-59659.286995	-117562.933870	-89187.640153	-111577.293167
-5541.712706	-5959.109182	-5833.559434	-5735.167055	-130830.370585	-113911.016454	-122371.643468	-140054.890818
-6218.232956	-5750.522703	-5979.985712	-5788.051282	-59826.947430	-117879.836903	-87608.042372	-112425.474814
-5958.796258	-6225.609031	-5824.685791	-5734.630613	-130829.722384	-113909.898866	-122370.972916	-140054.376728
-186.793528	-5527.921680	-4947.424525	-5482.078252	-59688.523077	-117594.874513	-89020.180883	-111661.626299
-3580.727110	-5049.616700	-5851.172608	-5746.789962	-130838.797192	-113922.393492	-122380.919442	-140064.278551
-3624.938861	-5639.345126	-5520.746770	-5638.138132	-59747.419923	-117741.457253	-88327.634433	-112048.691457
-6522.842529	-6572.463402	-5819.567242	-5728.975621	-130825.721422	-113904.534448	-122366.860195	-140050.666338
-4887.030111	-5678.058347	-5753.696651	-5689.904772	-59787.474249	-117787.881826	-88028.635148	-112186.311148
-3945.485228	-5249.128371	-5839.952033	-5740.665584	-130832.538704	-113915.889134	-122374.772713	-140058.288283
911.370028	-5496.718645	-4754.417211	-5442.314499	-59656.716544	-117559.916384	-89198.994839	-111570.006498
-5479.753671	-5924.396923	-5833.648841	-5734.071819	-130828.493038	-113909.742404	-122370.436474	-140054.309673
-6192.327284	-5746.342927	-5972.162601	-5783.335064	-59822.655895	-117876.931176	-87610.813989	-112420.400968
-5984.389005	-6237.500159	-5823.769370	-5732.708363	-130827.308396	-113907.954265	-122369.162425	-140053.192085
-275.820527	-5526.848796	-4954.174752	-5481.586514	-59686.623178	-117595.790934	-88998.477340	-111668.309470
-3525.183025	-5017.430188	-5848.244530	-5743.191331	-130834.528009	-113918.683102	-122377.365515	-140061.194010
-3491.208373	-5629.286841	-5491.533040	-5626.336411	-59738.680391	-117731.488375	-88347.952169	-112029.625419
-6509.655000	-6560.236998	-5817.287364	-5725.533453	-130821.631053	-113900.980520	-122363.418026	-140047.805315
-4960.567350	-5679.064176	-5763.263197	-5691.961133	-59786.960159	-117791.279291	-88002.751828	-112197.330558
-3975.011882	-5258.873732	-5839.661460	-5739.726810	-130831.175248	-113914.995064	-122374.012753	-140058.131821
991.411625	-5492.538868	-4736.647575	-5437.330060	-59653.386134	-117556.518919	-89207.309688	-111562.876292
-5421.683839	-5892.255115	-5832.844178	-5732.216624	-130826.257864	-113907.998968	-122368.737742	-140053.080327
-6168.165048	-5741.604357	-5964.317139	-5778.395328	-59817.626753	-117873.466655	-87611.484541	-112415.595343
-6016.664924	-6252.945215	-5820.617774	-5728.774456	-130823.173323	-113904.176820	-122365.496739	-140050.129896
-5984.389005	-6237.500159	-5823.769370	-5732.708363	-130827.308396	-113907.954265	-122369.162425	-140053.192085
-275.820527	-5526.848796	-4954.174752	-5481.586514	-59686.623178	-117595.790934	-88998.477340	-111668.309470
-3525.183025	-5017.430188	-5848.244530	-5743.191331	-130834.528009	-113918.683102	-122377.365515	-140061.194010
-3491.208373	-5629.286841	-5491.533040	-5626.336411	-59738.680391	-117731.488375	-88347.952169	-112029.625419
-6509.655000	-6560.236998	-5817.287364	-5725.533453	-130821.631053	-113900.980520	-122363.418026	-140047.805315
-4960.567350	-5679.064176	-5763.263197	-5691.961133	-59786.960159	-117791.279291	-88002.751828	-112197.330558
-3975.011882	-5258.873732	-5839.661460	-5739.726810	-130831.175248	-113914.995064	-122374.012753	-140058.131821
991.411625	-5492.538868	-4736.647575	-5437.330060	-59653.386134	-117556.518919	-89207.309688	-111562.876292
-5421.683839	-5892.255115	-5832.844178	-5732.216624	-130826.257864	-113907.998968	-122368.737742	-140053.080327
-6168.165048	-5741.604357	-5964.317139	-5778.395328	-59817.626753	-117873.466655	-87611.484541	-112415.595343
-6016.664924	-6252.945215	-5820.617774	-5728.774456	-130823.173323	-113904.176820	-122365.496739	-140050.129896
-380.851374	-5525.999430	-4969.820973	-5482.122956	-59684.946797	-117597.288501	-88974.136290	-111677.183113
-3511.213185	-5013.272764	-5846.881073	-5741.492598	-130832.292835	-113917.051425	-122375.711486	-140060.188181
-3375.471041	-5625.218824	-5470.991787	-5620.927289	-59736.199348	-117727.845040	-88373.500213	-112018.360140
-6508.380950	-6559.924073	-5820.304849	-5727.768627	-130823.441544	-113903.416861	-122366.010829	-140051.046318
-5055.294043	-5685.188554	-5782.306884	-5699.739540	-59791.698729	-117800.041175	-87980.735359	-112215.413119
-4065.603502	-5309.589840	-5841.784876	-5742.230206	-130833.365719	-113917.587866	-122376.762018	-140061.551638
1010.589422	-5493.857621	-4752.137333	-5438.380592	-59656.470675	-117558.955259	-89219.469037	-111563.926824
-5395.018207	-5882.599161	-5836.554567	-5735.904662	-130829.476515	-113911.888172	-122372.604593	-140057.550676
-6162.934740	-5745.337098	-5967.602845	-5782.150421	-59821.940639	-117878.629908	-87619.352355	-112421.116223
-6072.678396	-6286.226962	-5824.194053	-5732.686011	-130826.839009	-113908.133079	-122369.765922	-140054.890818
-550.188190	-5532.995526	-5031.400029	-5490.773081	-59692.769908	-117606.765641	-88955.539638	-111696.226799
-3593.221735	-5075.500020	-5848.155123	-5744.063049	-130834.505657	-113919.666579	-122378.505454	-140063.540943
-3319.971659	-5624.995306	-5471.304711	-5619.340315	-59738.702743	-117727.867392	-88398.511815	-112012.906314
-6512.180747	-6563.701518	-5820.617774	-5728.327421	-130823.821524	-113904.087413	-122366.815492	-140052.320367
-3375.471041	-5625.218824	-5470.991787	-5620.927289	-59736.199348	-117727.845040	-88373.500213	-112018.360140
-6508.380950	-6559.924073	-5820.304849	-5727.768627	-130823.441544	-113903.416861	-122366.010829	-140051.046318
-5055.294043	-5685.188554	-5782.306884	-5699.739540	-59791.698729	-117800.041175	-87980.735359	-112215.413119
-4065.603502	-5309.589840	-5841.784876	-5742.230206	-130833.365719	-113917.587866	-122376.762018	-140061.551638
1010.589422	-5493.857621	-4752.137333	-5438.380592	-59656.470675	-117558.955259	-89219.469037	-111563.926824
-5395.018207	-5882.599161	-5836.554567	-5735.904662	-130829.476515	-113911.888172	-122372.604593	-140057.550676
-6162.934740	-5745.337098	-5967.602845	-5782.150421	-59821.940639	-117878.629908	-87619.352355	-112421.116223
-6072.678396	-6286.226962	-5824.194053	-5732.686011	-130826.839009	-113908.133079	-122369.765922	-140054.890818
-550.188190	-5532.995526	-5031.400029	-5490.773081	-59692.769908	-117606.765641	-88955.539638	-111696.226799
-3593.221735	-5075.500020	-5848.155123	-5744.063049	-130834.505657	-113919.666579	-122378.505454	-140063.540943
-3319.971659	-5624.995306	-5471.304711	-5619.340315	-59738.702743	-117727.867392	-88398.511815	-112012.906314
-6512.180747	-6563.701518	-5820.617774	-5728.327421	-130823.821524	-113904.087413	-122366.815492	-140052.320367
-5163.543542	-5687.311970	-5801.551736	-5703.137005	-59793.665683	-117804.511524	-87951.901609	-112230.254678
-4201.144481	-5390.346693	-5835.705201	-5737.581043	-130828.582445	-113913.028111	-122372.425779	-140057.751841
950.731450	-5488.761424	-4803.345180	-5433.038525	-59654.637832	-117554.909593	-89220.273700	-111560.305841
-5394.370007	-5888.745891	-5830.631355	-5731.523720	-130824.603835	-113907.328416	-122368.246003	-140053.817934
-6164.119382	-5741.671412	-5966.172333	-5778.216514	-59819.839575	-117876.104161	-87615.641965	-112419.864526
-6117.314830	-6312.333800	-5820.260146	-5729.646174	-130823.463896	-113905.048538	-122366.860195	-140052.588588
-708.013857	-5534.403686	-5062.021919	-5493.410587	-59694.669806	-117610.386623	-88927.890531	-111709.190811
-3609.694971	-5089.291047	-5844.712954	-5740.754991	-130830.839971	-113916.358521	-122375.219747	-140060.858734
-3213.331486	-5617.418065	-5450.718755	-5610.265507	-59733.383028	-117720.670130	-88416.147341	-111998.668253
-6507.978619	-6560.147591	-5819.254317	-5726.762799	-130821.765163	-113902.478087	-122365.228518	-140051.247484
-5244.970947	-5692.519926	-5814.783968	-5709.730769	-59798.203087	-117812.044062	-87926.621786	-112247.107893
-4227.854815	-5395.442891	-5840.466123	-5742.163151	-130832.739870	-113917.543163	-122377.007887	-140062.848039
1052.722460	-5493.231773	-4767.694148	-5436.748914	-59659.398754	-117560.274012	-89232.388345	-111562.988050
950.731450	-5488.761424	-4803.345180	-5433.038525	-59654.637832	-117554.909593	-89220.273700	-111560.305841
-5394.370007	-5888.745891	-5830.631355	-5731.523720	-130824.603835	-113907.328416	-122368.246003	-140053.817934
-6164.119382	-5741.671412	-5966.172333	-5778.216514	-59819.839575	-117876.104161	-87615.641965	-112419.864526
-6117.314830	-6312.333800	-5820.260146	-5729.646174	-130823.463896	-113905.048538	-122366.860195	-140052.588588
-708.013857	-5534.403686	-5062.021919	-5493.410587	-59694.669806	-117610.386623	-88927.890531	-111709.190811
-3609.694971	-5089.291047	-5844.712954	-5740.754991	-130830.839971	-113916.358521	-122375.219747	-140060.858734
-3213.331486	-5617.418065	-5450.718755	-5610.265507	-59733.383028	-117720.670130	-88416.147341	-111998.668253
-6507.978619	-6560.147591	-5819.254317	-5726.762799	-130821.765163	-113902.478087	-122365.228518	-140051.247484
-5244.970947	-5692.519926	-5814.783968	-5709.730769	-59798.203087	-117812.044062	-87926.621786	-112247.107893
-4227.854815	-5395.442891	-5840.466123	-5742.163151	-130832.739870	-113917.543163	-122377.007887	-140062.848039
1052.722460	-5493.231773	-4767.694148	-5436.748914	-59659.398754	-117560.274012	-89232.388345	-111562.988050
-5323.447922	-5852.401954	-5839.750867	-5738.497464	-130831.108192	-113914.391567	-122375.264451	-140061.305769
-6131.664649	-5745.605319	-5962.596054	-5781.748090	-59821.962991	-117881.312118	-87622.861579	-112423.440805
-6144.472199	-6328.471759	-5824.037591	-5732.216624	-130825.810829	-113907.641340	-122369.587108	-140055.918998
-794.023370	-5538.739924	-5066.179343	-5498.663246	-59697.530830	-117616.958036	-88906.589318	-111723.160651
-3568.120726	-5066.268750	-5847.462219	-5742.856055	-130832.561056	-113918.392529	-122377.432570	-140063.585647
-3066.927560	-5615.696980	-5424.075475	-5607.046855	-59732.310144	-117719.440784	-88442.835324	-111989.057003
-6500.222564	-6553.978509	-5823.143521	-5729.288546	-130823.866227	-113905.003834	-122367.821320	-140054.399080
-5308.963991	-5697.616124	-5825.333992	-5716.235127	-59800.438261	-117819.733062	-87903.018344	-112262.932928
-4271.217200	-5416.297068	-5841.404896	-5742.476075	-130832.739870	-113917.811384	-122377.499625	-140063.876219
1115.441455	-5490.840136	-4754.305453	-5433.910243	-59658.124704	-117559.044666	-89239.406793	-111558.964736
-5268.708500	-5824.484625	-5838.655631	-5736.508159	-130828.805963	-113912.424614	-122373.409256	-140060.076423
-6103.233230	-5741.649060	-5955.756421	-5777.970645	-59818.498471	-117878.942833	-87627.130762	-112419.059863
-6174.937627	-6346.599024	-5823.277631	-5731.054334	-130824.469724	-113906.523753	-122368.715390	-140055.628426
-907.614935	-5543.500846	-5083.367834	-5505.279363	-59701.531792	-117624.490574	-88884.684609	-111738.628058
-794.023370	-5538.739924	-5066.179343	-5498.663246	-59697.530830	-117616.958036	-88906.589318	-111723.160651
-3568.120726	-5066.268750	-5847.462219	-5742.856055	-130832.561056	-113918.392529	-122377.432570	-140063.585647
-3066.927560	-5615.696980	-5424.075475	-5607.046855	-59732.310144	-117719.440784	-88442.835324	-111989.057003
-6500.222564	-6553.978509	-5823.143521	-5729.288546	-130823.866227	-113905.003834	-122367.821320	-140054.399080
-5308.963991	-5697.616124	-5825.333992	-5716.235127	-59800.438261	-117819.733062	-87903.018344	-112262.932928
-4271.217200	-5416.297068	-5841.404896	-5742.476075	-130832.739870	-113917.811384	-122377.499625	-140063.876219
1115.441455	-5490.840136	-4754.305453	-5433.910243	-59658.124704	-117559.044666	-89239.406793	-111558.964736
-5268.708500	-5824.484625	-5838.655631	-5736.508159	-130828.805963	-113912.424614	-122373.409256	-140060.076423
-6103.233230	-5741.649060	-5955.756421	-5777.970645	-59818.498471	-117878.942833	-87627.130762	-112419.059863
-6174.937627	-6346.599024	-5823.277631	-5731.054334	-130824.469724	-113906.523753	-122368.715390	-140055.628426
-907.614935	-5543.500846	-5083.367834	-5505.279363	-59701.531792	-117624.490574	-88884.684609	-111738.628058
-3548.674708	-5058.423288	-5849.630338	-5744.353622	-130833.790402	-113919.957151	-122379.131303	-140065.776118
-2938.248567	-5612.746550	-5402.036655	-5603.001190	-59730.991391	-117717.160906	-88468.204554	-111978.886959
-6496.042788	-6551.206893	-5825.579861	-5731.389610	-130825.453201	-113906.970788	-122369.967088	-140057.170696
-5385.965751	-5702.511156	-5840.421419	-5722.851243	-59804.550982	-117827.489117	-87881.359503	-112278.936777
-4336.953680	-5447.723621	-5840.510826	-5741.693764	-130831.666986	-113917.118480	-122376.918480	-140063.853868
1141.213017	-5488.560258	-4763.044985	-5431.786827	-59657.387097	-117558.396466	-89243.117183	-111556.908376
-5225.726095	-5803.764558	-5838.566224	-5736.083476	-130827.956596	-113912.022282	-122373.029276	-140060.255237
-6079.696844	-5740.732639	-5952.582473	-5777.076575	-59818.654933	-117879.591033	-87635.378556	-112417.204668
-6206.386531	-6364.636882	-5823.188224	-5730.741409	-130823.799172	-113906.210829	-122368.558928	-140056.030757
-1041.323071	-5545.043116	-5115.040256	-5508.810938	-59703.208173	-117628.916219	-88858.309550	-111751.055628
-3557.123668	-5063.273616	-5847.059887	-5741.470246	-130830.638806	-113917.118480	-122376.426742	-140063.652702
-2825.148740	-5605.035198	-5384.378777	-5594.239306	-59726.074007	-117710.120107	-88489.215194	-111963.173683
-6482.944665	-6539.740448	-5821.578899	-5726.539281	-130820.602872	-113902.343977	-122365.541442	-140053.326196
-5452.417487	-5700.812423	-5848.065716	-5722.672429	-59802.718139	-117828.338483	-87854.336244	-112286.782239
-6496.042788	-6551.206893	-5825.579861	-5731.389610	-130825.453201	-113906.970788	-122369.967088	-140057.170696
-5385.965751	-5702.511156	-5840.421419	-5722.851243	-59804.550982	-117827.489117	-87881.359503	-112278.936777
-4336.953680	-5447.723621	-5840.510826	-5741.693764	-130831.666986	-113917.118480	-122376.918480	-140063.853868
1141.213017	-5488.560258	-4763.044985	-5431.786827	-59657.387097	-117558.396466	-89243.117183	-111556.908376
-5225.726095	-5803.764558	-5838.566224	-5736.083476	-130827.956596	-113912.022282	-122373.029276	-140060.255237
-6079.696844	-5740.732639	-5952.582473	-5777.076575	-59818.654933	-117879.591033	-87635.378556	-112417.204668
-6206.386531	-6364.636882	-5823.188224	-5730.741409	-130823.799172	-113906.210829	-122368.558928	-140056.030757
-1041.323071	-5545.043116	-5115.040256	-5508.810938	-59703.208173	-117628.916219	-88858.309550	-111751.055628
-3557.123668	-5063.273616	-5847.059887	-5741.470246	-130830.638806	-113917.118480	-122376.426742	-140063.652702
-2825.148740	-5605.035198	-5384.378777	-5594.239306	-59726.074007	-117710.120107	-88489.215194	-111963.173683
-6482.944665	-6539.740448	-5821.578899	-5726.539281	-130820.602872	-113902.343977	-122365.541442	-140053.326196
-5452.417487	-5700.812423	-5848.065716	-5722.672429	-59802.718139	-117828.338483	-87854.336244	-112286.782239
-4389.010893	-5470.365938	-5834.609966	-5735.457627	-130825.341442	-113910.971750	-122371.107026	-140058.690615
1170.717319	-5481.810031	-4761.905046	-5424.969545	-59652.246195	-117553.009695	-89241.396098	-111549.644059
-5170.561990	-5775.556657	-5833.805303	-5730.741409	-130822.122791	-113906.814326	-122367.888375	-140055.717833
-6046.996241	-5734.071819	-5943.217092	-5769.968721	-59813.536383	-117874.137208	-87639.804201	-112408.532191
-6231.420485	-6378.629074	-5819.656649	-5727.098075	-130820.044079	-113902.835715	-122365.429683	-140053.348548
-1164.928218	-5547.434753	-5138.241367	-5512.655439	-59705.666865	-117633.967714	-88833.297948	-111764.220806
-3552.899188	-5065.151163	-5846.903425	-5741.067915	-130829.923550	-113916.939666	-122376.404390	-140064.099737
-2708.807911	-5601.905954	-5367.123230	-5589.701902	-59725.604621	-117707.549656	-88514.919700	-111952.735418
-6475.054500	-6533.683125	-5822.830596	-5727.656868	-130821.362832	-113903.640378	-122366.815492	-140055.091984
-5519.450369	-5706.221545	-5861.543818	-5729.377953	-59808.082558	-117836.273353	-87836.611311	-112302.271998
-4450.679356	-5501.457215	-5838.856797	-5739.682107	-130829.230646	-113915.307989	-122375.443265	-140063.585647
1192.174994	-5486.839174	-4767.291816	-5429.976336	-59658.638794	-117559.603460	-89250.537962	-111556.014306
-5132.273451	-5759.329290	-5840.130847	-5736.731677	-130827.755431	-113912.737538	-122373.878643	-140062.244542
-5170.561990	-5775.556657	-5833.805303	-5730.741409	-130822.122791	-113906.814326	-122367.888375	-140055.717833
-6046.996241	-5734.071819	-5943.217092	-5769.968721	-59813.536383	-117874.137208	-87639.804201	-112408.532191
-6231.420485	-6378.629074	-5819.656649	-5727.098075	-130820.044079	-113902.835715	-122365.429683	-140053.348548
-1164.928218	-5547.434753	-5138.241367	-5512.655439	-59705.666865	-117633.967714	-88833.297948	-111764.220806
-3552.899188	-5065.151163	-5846.903425	-5741.067915	-130829.923550	-113916.939666	-122376.404390	-140064.099737
-2708.807911	-5601.905954	-5367.123230	-5589.701902	-59725.604621	-117707.549656	-88514.919700	-111952.735418
-6475.054500	-6533.683125	-5822.830596	-5727.656868	-130821.362832	-113903.640378	-122366.815492	-140055.091984
-5519.450369	-5706.221545	-5861.543818	-5729.377953	-59808.082558	-117836.273353	-87836.611311	-112302.271998
-4450.679356	-5501.457215	-5838.856797	-5739.682107	-130829.230646	-113915.307989	-122375.443265	-140063.585647
1192.174994	-5486.839174	-4767.291816	-5429.976336	-59658.638794	-117559.603460	-89250.537962	-111556.014306
-5132.273451	-5759.329290	-5840.130847	-5736.731677	-130827.755431	-113912.737538	-122373.878643	-140062.244542
-6023.035171	-5736.955194	-5942.635947	-5772.762689	-59817.693808	-117878.473446	-87654.690463	-112411.035587
-6260.880084	-6397.113967	-5821.355381	-5728.841511	-130821.452239	-113904.445041	-122367.061361	-140055.829591
-1284.532402	-5552.039212	-5158.626158	-5518.824520	-59709.354902	-117641.276734	-88810.029782	-111781.208131
-3557.458944	-5069.308587	-5849.205655	-5743.146627	-130831.510524	-113918.817212	-122378.326640	-140066.804298
-2585.493336	-5601.570678	-5349.130076	-5588.249038	-59726.833967	-117708.063746	-88543.239360	-111946.901613
-6471.321758	-6532.006744	-5828.642050	-5733.267156	-130826.481381	-113908.960093	-122372.314021	-140061.238713
-5580.381224	-5714.067008	-5875.044271	-5738.475113	-59814.586915	-117846.935135	-87821.836808	-112321.606257
-4505.061150	-5528.256956	-5840.711992	-5741.470246	-130830.728213	-113916.917314	-122377.276108	-140066.044338
1226.909605	-5486.213325	-4757.881732	-5429.261080	-59658.191759	-117560.743399	-89254.024834	-111557.869501
-5084.597180	-5736.977546	-5841.024916	-5737.111656	-130827.666024	-113913.028111	-122374.370381	-140063.138612
-5990.893363	-5737.536339	-5938.120894	-5772.829744	-59818.409064	-117880.641565	-87667.676826	-112411.795546
-6290.742015	-6417.789330	-5826.116303	-5733.513025	-130825.743774	-113909.004797	-122371.844634	-140060.992844
-1400.180328	-5561.561055	-5177.826307	-5529.821578	-59717.267420	-117653.771359	-88791.969573	-111803.738690
-3555.894322	-5072.437831	-5854.346556	-5748.086363	-130836.003224	-113923.667541	-122383.288727	-140072.168716
-3557.458944	-5069.308587	-5849.205655	-5743.146627	-130831.510524	-113918.817212	-122378.326640	-140066.804298
-2585.493336	-5601.570678	-5349.130076	-5588.249038	-59726.833967	-117708.063746	-88543.239360	-111946.901613
-6471.321758	-6532.006744	-5828.642050	-5733.267156	-130826.481381	-113908.960093	-122372.314021	-140061.238713
-5580.381224	-5714.067008	-5875.044271	-5738.475113	-59814.586915	-117846.935135	-87821.836808	-112321.606257
-4505.061150	-5528.256956	-5840.711992	-5741.470246	-130830.728213	-113916.917314	-122377.276108	-140066.044338
1226.909605	-5486.213325	-4757.881732	-5429.261080	-59658.191759	-117560.743399	-89254.024834	-111557.869501
-5084.597180	-5736.977546	-5841.024916	-5737.111656	-130827.666024	-113913.028111	-122374.370381	-140063.138612
-5990.893363	-5737.536339	-5938.120894	-5772.829744	-59818.409064	-117880.641565	-87667.676826	-112411.795546
-6290.742015	-6417.789330	-5826.116303	-5733.513025	-130825.743774	-113909.004797	-122371.844634	-140060.992844
-1400.180328	-5561.561055	-5177.826307	-5529.821578	-59717.267420	-117653.771359	-88791.969573	-111803.738690
-3555.894322	-5072.437831	-5854.346556	-5748.086363	-130836.003224	-113923.667541	-122383.288727	-140072.168716
-2454.355652	-5598.754358	-5324.900785	-5584.024559	-59725.202289	-117706.074441	-88569.994398	-111938.363247
-6458.782430	-6521.791997	-5826.853910	-5731.233148	-130824.134448	-113907.082547	-122370.391771	-140059.830554
-5636.953489	-5716.056313	-5883.180306	-5741.738467	-59815.458633	-117851.763112	-87802.480197	-112334.883193
-4563.399203	-5556.218988	-5842.634242	-5743.258386	-130832.449297	-113918.884268	-122379.421875	-140068.503030
1253.731698	-5487.465023	-4752.718479	-5430.289260	-59659.778733	-117563.671477	-89259.076328	-111561.602242
-5034.551625	-5713.955249	-5842.164855	-5737.893967	-130828.202466	-113913.966884	-122375.219747	-140064.524420
-5952.493066	-5733.982412	-5930.342487	-5768.873485	-59815.905668	-117878.540501	-87680.596135	-112407.392252
-6311.775006	-6429.635755	-5821.847120	-5729.445008	-130821.563997	-113905.026186	-122368.067189	-140057.684786
-1518.264594	-5559.705861	-5190.745615	-5529.486302	-59714.473452	-117654.777188	-88763.091119	-111814.512231
-3542.259758	-5064.570017	-5849.630338	-5742.945462	-130830.772916	-113918.683102	-122378.416047	-140067.787775
-2314.031400	-5589.701902	-5295.620000	-5573.362776	-59718.027379	-117697.647834	-88593.240213	-111922.493508
-6440.431647	-6506.525756	-5822.204747	-5726.360467	-130819.082954	-113902.187515	-122365.787311	-140055.583722
-5682.640455	-5712.032999	-5885.348426	-5738.765685	-59811.256505	-117850.243193	-87780.374322	-112340.873461
-4594.602238	-5564.131506	-5836.643974	-5737.089305	-130826.101402	-113912.692834	-122373.521015	-140063.116260
-4563.399203	-5556.218988	-5842.634242	-5743.258386	-130832.449297	-113918.884268	-122379.421875	-140068.503030
1253.731698	-5487.465023	-4752.718479	-5430.289260	-59659.778733	-117563.671477	-89259.076328	-111561.602242
-5034.551625	-5713.955249	-5842.164855	-5737.893967	-130828.202466	-113913.966884	-122375.219747	-140064.524420
-5952.493066	-5733.982412	-5930.342487	-5768.873485	-59815.905668	-117878.540501	-87680.596135	-112407.392252
-6311.775006	-6429.635755	-5821.847120	-5729.445008	-130821.563997	-113905.026186	-122368.067189	-140057.684786
-1518.264594	-5559.705861	-5190.745615	-5529.486302	-59714.473452	-117654.777188	-88763.091119	-111814.512231
-3542.259758	-5064.570017	-5849.630338	-5742.945462	-130830.772916	-113918.683102	-122378.416047	-140067.787775
-2314.031400	-5589.701902	-5295.620000	-5573.362776	-59718.027379	-117697.647834	-88593.240213	-111922.493508
-6440.431647	-6506.525756	-5822.204747	-5726.360467	-130819.082954	-113902.187515	-122365.787311	-140055.583722
-5682.640455	-5712.032999	-5885.348426	-5738.765685	-59811.256505	-117850.243193	-87780.374322	-112340.873461
-4594.602238	-5564.131506	-5836.643974	-5737.089305	-130826.101402	-113912.692834	-122373.521015	-140063.116260
1303.441978	-5483.128784	-4726.142255	-5425.662449	-59655.062515	-117560.922213	-89257.064671	-111559.031792
-4963.428374	-5675.711414	-5840.734344	-5735.904662	-130825.967291	-113912.111689	-122373.498663	-140063.228019
-5908.035446	-5730.227319	-5922.653487	-5764.201971	-59814.631619	-117875.992403	-87697.695219	-112401.178467
-6335.624318	-6446.086639	-5821.824768	-5730.160264	-130822.189846	-113905.987311	-122369.095369	-140059.249408
-1637.175874	-5564.533837	-5204.357827	-5535.498921	-59719.100263	-117662.466188	-88741.789906	-111831.365446
-3508.218051	-5041.905349	-5851.038498	-5743.683069	-130831.309358	-113919.599523	-122379.377172	-140069.285341
-2165.973445	-5585.946809	-5267.032119	-5567.797192	-59716.641571	-117694.563293	-88622.073963	-111911.451746
-6430.820397	-6500.915468	-5824.551681	-5729.333249	-130821.765163	-113905.361462	-122368.894204	-140059.338815
-5745.784133	-5718.269136	-5901.195812	-5745.761781	-59819.213726	-117859.072132	-87772.439453	-112356.564385
-4652.225036	-5593.099367	-5840.130847	-5741.224377	-130829.945902	-113916.872611	-122377.812550	-140068.078347
1311.578013	-5486.392139	-4733.026592	-5428.590528	-59660.292823	-117565.794893	-89265.290113	-111564.105638
-4914.455702	-5654.186684	-5845.227044	-5740.285604	-130829.923550	-113916.425576	-122377.790198	-140068.145402
-5873.479649	-5730.450836	-5920.440664	-5763.620825	-59817.649104	-117877.624080	-87718.705859	-112399.122107
-6361.753507	-6464.437421	-5823.098817	-5732.127217	-130823.776820	-113907.753099	-122371.129378	-140061.797507
-6335.624318	-6446.086639	-5821.824768	-5730.160264	-130822.189846	-113905.987311	-122369.095369	-140059.249408
-1637.175874	-5564.533837	-5204.357827	-5535.498921	-59719.100263	-117662.466188	-88741.789906	-111831.365446
-3508.218051	-5041.905349	-5851.038498	-5743.683069	-130831.309358	-113919.599523	-122379.377172	-140069.285341
-2165.973445	-5585.946809	-5267.032119	-5567.797192	-59716.641571	-117694.563293	-88622.073963	-111911.451746
-6430.820397	-6500.915468	-5824.551681	-5729.333249	-130821.765163	-113905.361462	-122368.894204	-140059.338815
-5745.784133	-5718.269136	-5901.195812	-5745.761781	-59819.213726	-117859.072132	-87772.439453	-112356.564385
-4652.225036	-5593.099367	-5840.130847	-5741.224377	-130829.945902	-113916.872611	-122377.812550	-140068.078347
1311.578013	-5486.392139	-4733.026592	-5428.590528	-59660.292823	-117565.794893	-89265.290113	-111564.105638
-4914.455702	-5654.186684	-5845.227044	-5740.285604	-130829.923550	-113916.425576	-122377.790198	-140068.145402
-5873.479649	-5730.450836	-5920.440664	-5763.620825	-59817.649104	-117877.624080	-87718.705859	-112399.122107
-6361.753507	-6464.437421	-5823.098817	-5732.127217	-130823.776820	-113907.753099	-122371.129378	-140061.797507
-1769.431146	-5568.557151	-5232.163397	-5541.086857	-59723.660019	-117669.462284	-88720.734563	-111847.793978
-3512.956621	-5047.247415	-5853.407783	-5745.694726	-130833.164553	-113921.767643	-122381.634698	-140072.079309
-2043.575292	-5585.097442	-5252.257616	-5565.785535	-59718.809690	-117694.764459	-88653.880495	-111904.299188
-6422.550252	-6496.556878	-5829.826692	-5734.630613	-130826.839009	-113910.770584	-122374.348029	-140065.306731
-5802.557564	-5724.080589	-5914.852728	-5752.936691	-59825.583974	-117867.655202	-87762.671740	-112372.344717
-4708.305563	-5621.754303	-5841.159027	-5742.140799	-130830.862323	-113917.900791	-122378.952489	-140069.665321
1322.284498	-5485.341607	-4731.953708	-5427.852920	-59660.471637	-117566.957184	-89266.944142	-111566.497274
-4859.828038	-5630.113856	-5846.590501	-5740.620880	-130830.102364	-113916.939666	-122378.416047	-140069.307693
-5828.284422	-5727.992145	-5913.064589	-5760.826857	-59817.090311	-117876.841769	-87736.944883	-112395.054089
-6385.021673	-6481.268284	-5825.110474	-5734.116523	-130825.743774	-113909.943570	-122373.386904	-140064.636179
-1891.851651	-5574.860343	-5250.983566	-5548.977023	-59729.471472	-117678.872368	-88700.081551	-111867.329403
-3501.311362	-5043.492322	-5855.911178	-5747.505217	-130834.617416	-113923.399320	-122383.445189	-140074.336836
-1894.444453	-5579.330692	-5222.216871	-5558.454163	-59714.428748	-117689.668261	-88678.623876	-111892.184543
-6403.797138	-6482.721148	-5828.440884	-5732.373086	-130824.447372	-113908.647169	-122372.202262	-140063.719757
-6422.550252	-6496.556878	-5829.826692	-5734.630613	-130826.839009	-113910.770584	-122374.348029	-140065.306731
-5802.557564	-5724.080589	-5914.852728	-5752.936691	-59825.583974	-117867.655202	-87762.671740	-112372.344717
-4708.305563	-5621.754303	-5841.159027	-5742.140799	-130830.862323	-113917.900791	-122378.952489	-140069.665321
1322.284498	-5485.341607	-4731.953708	-5427.852920	-59660.471637	-117566.957184	-89266.944142	-111566.497274
-4859.828038	-5630.113856	-5846.590501	-5740.620880	-130830.102364	-113916.939666	-122378.416047	-140069.307693
-5828.284422	-5727.992145	-5913.064589	-5760.826857	-59817.090311	-117876.841769	-87736.944883	-112395.054089
-6385.021673	-6481.268284	-5825.110474	-5734.116523	-130825.743774	-113909.943570	-122373.386904	-140064.636179
-1891.851651	-5574.860343	-5250.983566	-5548.977023	-59729.471472	-117678.872368	-88700.081551	-111867.329403
-3501.311362	-5043.492322	-5855.911178	-5747.505217	-130834.617416	-113923.399320	-122383.445189	-140074.336836
-1894.444453	-5579.330692	-5222.216871	-5558.454163	-59714.428748	-117689.668261	-88678.623876	-111892.184543
-6403.797138	-6482.721148	-5828.440884	-5732.373086	-130824.447372	-113908.647169	-122372.202262	-140063.719757
-5847.909254	-5725.667563	-5921.401789	-5755.283625	-59826.612154	-117871.812626	-87748.210162	-112383.587645
-4762.419136	-5646.117705	-5841.807227	-5742.185502	-130830.839971	-113918.057253	-122379.243061	-140070.559391
1341.574054	-5484.648703	-4721.090760	-5426.958850	-59659.555216	-117567.717143	-89266.139479	-111568.888911
-4801.601744	-5600.877774	-5848.378640	-5740.889101	-130830.169419	-113917.364349	-122378.863082	-140070.268818
-5772.449764	-5726.181653	-5903.408635	-5757.876427	-59815.615096	-117876.081810	-87755.653293	-112390.471982
-6405.205298	-6494.969904	-5825.915137	-5734.027116	-130825.632015	-113910.077680	-122373.655125	-140065.373786
-2011.701704	-5578.816602	-5267.456802	-5554.229683	-59731.818406	-117685.510836	-88675.829908	-111884.406136
-3498.383283	-5043.425267	-5858.459277	-5748.354584	-130835.355024	-113924.539259	-122384.629832	-140076.035568
-1738.429277	-5578.078995	-5195.171260	-5555.615491	-59713.557030	-117689.087115	-88705.647135	-111884.964929
-6388.262676	-6472.752270	-5833.648841	-5736.172883	-130828.046003	-113912.603427	-122376.382038	-140068.234809
-5889.841126	-5729.646174	-5929.068438	-5759.843380	-59829.182604	-117878.093467	-87738.308339	-112396.708119
-4814.342238	-5669.743499	-5843.483608	-5743.079572	-130831.868152	-113919.241896	-122380.673573	-140072.414586
1367.971464	-5486.727415	-4707.858528	-5428.970507	-59660.270472	-117571.673402	-89265.714796	-111575.281510
-4740.492075	-5571.306416	-5852.424306	-5742.677241	-130831.957559	-113919.487765	-122381.098256	-140072.928676
-4801.601744	-5600.877774	-5848.378640	-5740.889101	-130830.169419	-113917.364349	-122378.863082	-140070.268818
-5772.449764	-5726.181653	-5903.408635	-5757.876427	-59815.615096	-117876.081810	-87755.653293	-112390.471982
-6405.205298	-6494.969904	-5825.915137	-5734.027116	-130825.632015	-113910.077680	-122373.655125	-140065.373786
-2011.701704	-5578.816602	-5267.456802	-5554.229683	-59731.818406	-117685.510836	-88675.829908	-111884.406136
-3498.383283	-5043.425267	-5858.459277	-5748.354584	-130835.355024	-113924.539259	-122384.629832	-140076.035568
-1738.429277	-5578.078995	-5195.171260	-5555.615491	-59713.557030	-117689.087115	-88705.647135	-111884.964929
-6388.262676	-6472.752270	-5833.648841	-5736.172883	-130828.046003	-113912.603427	-122376.382038	-140068.234809
-5889.841126	-5729.646174	-5929.068438	-5759.843380	-59829.182604	-117878.093467	-87738.308339	-112396.708119
-4814.342238	-5669.743499	-5843.483608	-5743.079572	-130831.868152	-113919.241896	-122380.673573	-140072.414586
1367.971464	-5486.727415	-4707.858528	-5428.970507	-59660.270472	-117571.673402	-89265.714796	-111575.281510
-4740.492075	-5571.306416	-5852.424306	-5742.677241	-130831.957559	-113919.487765	-122381.098256	-140072.928676
-5707.741464	-5723.186520	-5891.137527	-5754.054279	-59811.904706	-117874.316022	-87772.417101	-112385.532246
-6421.834996	-6506.078721	-5825.021067	-5732.194273	-130823.977986	-113908.580113	-122372.403428	-140064.569123
-2125.337973	-5580.738852	-5276.755128	-5557.582445	-59731.170205	-117690.383517	-88650.527734	-111900.007653
-3482.938228	-5031.735305	-5858.638091	-5746.454686	-130833.678643	-113923.041692	-122383.266375	-140075.208554
-1568.891295	-5569.898256	-5153.865237	-5546.048945	-59703.878725	-117681.979261	-88723.439124	-111871.978566
-6362.513466	-6453.015679	-5831.771294	-5731.702534	-130823.799172	-113908.557762	-122372.448131	-140064.792641
-5922.273507	-5728.953270	-5930.320135	-5759.910436	-59825.472215	-117880.082772	-87724.427906	-112406.185258
-4863.873704	-5691.357635	-5842.634242	-5740.777342	-130829.700032	-113917.341997	-122378.907785	-140071.140536
1395.151185	-5485.185145	-4682.779870	-5427.249423	-59655.867178	-117572.142788	-89260.931523	-111578.991899
-4675.962588	-5538.851683	-5855.419440	-5742.654889	-130832.002262	-113919.823041	-122381.545291	-140073.912153
-5631.320850	-5720.794883	-5875.781879	-5750.679165	-59806.540287	-117873.556062	-87789.516185	-112382.000671
-6437.637679	-6516.494634	-5827.904442	-5732.820121	-130824.693242	-113909.541238	-122373.610422	-140066.267856
-2233.363954	-5584.918628	-5286.634599	-5563.259788	-59731.058446	-117697.938406	-88626.700774	-111919.163098
-3493.734121	-5038.127904	-5860.627396	-5746.521741	-130833.879809	-113923.376968	-122383.936928	-140076.281437
-3482.938228	-5031.735305	-5858.638091	-5746.454686	-130833.678643	-113923.041692	-122383.266375	-140075.208554
-1568.891295	-5569.898256	-5153.865237	-5546.048945	-59703.878725	-117681.979261	-88723.439124	-111871.978566
-6362.513466	-6453.015679	-5831.771294	-5731.702534	-130823.799172	-113908.557762	-122372.448131	-140064.792641
-5922.273507	-5728.953270	-5930.320135	-5759.910436	-59825.472215	-117880.082772	-87724.427906	-112406.185258
-4863.873704	-5691.357635	-5842.634242	-5740.777342	-130829.700032	-113917.341997	-122378.907785	-140071.140536
1395.151185	-5485.185145	-4682.779870	-5427.249423	-59655.867178	-117572.142788	-89260.931523	-111578.991899
-4675.962588	-5538.851683	-5855.419440	-5742.654889	-130832.002262	-113919.823041	-122381.545291	-140073.912153
-5631.320850	-5720.794883	-5875.781879	-5750.679165	-59806.540287	-117873.556062	-87789.516185	-112382.000671
-6437.637679	-6516.494634	-5827.904442	-5732.820121	-130824.693242	-113909.541238	-122373.610422	-140066.267856
-2233.363954	-5584.918628	-5286.634599	-5563.259788	-59731.058446	-117697.938406	-88626.700774	-111919.163098
-3493.734121	-5038.127904	-5860.627396	-5746.521741	-130833.879809	-113923.376968	-122383.936928	-140076.281437
-1400.560308	-5565.472611	-5114.995553	-5540.237491	-59697.329664	-117678.805313	-88746.349662	-111863.574310
-6338.842969	-6435.335450	-5835.325221	-5731.814293	-130824.000338	-113909.161259	-122373.208090	-140065.999635
-5942.613595	-5730.428485	-5929.180196	-5762.235017	-59821.940639	-117884.553121	-87709.563996	-112418.769290
-4917.964926	-5714.849319	-5843.349498	-5739.123313	-130828.448335	-113916.179707	-122378.170178	-140070.715853
1426.018945	-5481.675921	-4653.499085	-5423.941365	-59649.698096	-117571.159312	-89255.030662	-111581.763516
-4615.657582	-5506.374598	-5852.625472	-5736.843435	-130826.436678	-113914.659788	-122376.538500	-140069.151231
-5541.243320	-5711.116578	-5851.776105	-5740.263252	-59794.224476	-117865.956469	-87798.345125	-112371.942386
-6443.940871	-6518.528642	-5826.228061	-5727.746275	-130820.111134	-113905.182648	-122369.430646	-140062.512763
-2318.010010	-5585.030387	-5284.980569	-5564.846762	-59726.901022	-117701.715851	-88596.816492	-111934.675209
-3463.223989	-5016.625526	-5860.158010	-5743.370145	-130831.108192	-113920.985332	-122381.634698	-140074.448594
-1212.045695	-5558.230645	-5066.134640	-5531.497959	-59689.104222	-117673.373839	-88767.516764	-111852.711362
-6308.332838	-6412.491967	-5836.487512	-5729.377953	-130822.011032	-113907.440175	-122371.598765	-140064.814993
-5957.857485	-5729.892043	-5927.503816	-5762.436183	-59817.850270	-117887.548254	-87693.381333	-112429.095796
-4953.906531	-5728.908566	-5845.852893	-5738.855092	-130828.649500	-113916.537335	-122378.661916	-140071.833440
-4917.964926	-5714.849319	-5843.349498	-5739.123313	-130828.448335	-113916.179707	-122378.170178	-140070.715853
1426.018945	-5481.675921	-4653.499085	-5423.941365	-59649.698096	-117571.159312	-89255.030662	-111581.763516
-4615.657582	-5506.374598	-5852.625472	-5736.843435	-130826.436678	-113914.659788	-122376.538500	-140069.151231
-5541.243320	-5711.116578	-5851.776105	-5740.263252	-59794.224476	-117865.956469	-87798.345125	-112371.942386
-6443.940871	-6518.528642	-5826.228061	-5727.746275	-130820.111134	-113905.182648	-122369.430646	-140062.512763
-2318.010010	-5585.030387	-5284.980569	-5564.846762	-59726.901022	-117701.715851	-88596.816492	-111934.675209
-3463.223989	-5016.625526	-5860.158010	-5743.370145	-130831.108192	-113920.985332	-122381.634698	-140074.448594
-1212.045695	-5558.230645	-5066.134640	-5531.497959	-59689.104222	-117673.373839	-88767.516764	-111852.711362
-6308.332838	-6412.491967	-5836.487512	-5729.377953	-130822.011032	-113907.440175	-122371.598765	-140064.814993
-5957.857485	-5729.892043	-5927.503816	-5762.436183	-59817.850270	-117887.548254	-87693.381333	-112429.095796
-4953.906531	-5728.908566	-5845.852893	-5738.855092	-130828.649500	-113916.537335	-122378.661916	-140071.833440
1462.474640	-5482.257066	-4629.917995	-5424.455455	-59648.446399	-117574.534425	-89253.086061	-111588.536094
-4537.828808	-5466.141458	-5857.811076	-5738.810389	-130828.805963	-113917.274942	-122379.310117	-140072.347530
-5450.852865	-5709.484900	-5836.308698	-5737.871616	-59791.117584	-117866.649373	-87818.193474	-112368.880197
-6453.194493	-6524.541262	-5831.972460	-5730.182616	-130823.039213	-113908.334244	-122372.850463	-140066.267856
-2416.312983	-5588.249038	-5297.654009	-5569.361814	-59727.079836	-117709.047223	-88571.804890	-111952.623660
-3436.066620	-4997.537136	-5860.247417	-5741.134970	-130829.387108	-113919.510117	-122380.405352	-140073.599228
-1048.565036	-5551.301605	-5028.740171	-5522.847834	-59681.906960	-117668.299993	-88789.220308	-111841.356676
-6275.229904	-6387.793289	-5838.521521	-5728.014496	-130821.273425	-113906.970788	-122371.397599	-140065.150269
-5975.425956	-5728.372124	-5926.028600	-5761.698575	-59813.514032	-117889.917539	-87678.740940	-112437.432997
-4988.015293	-5739.302127	-5844.400030	-5735.234110	-130825.788477	-113913.877477	-122376.337335	-140069.978245
1463.927503	-5478.077290	-4621.401980	-5420.342734	-59643.886643	-117573.886224	-89247.721642	-111590.637158
-4458.435411	-5422.175577	-5857.676966	-5736.418752	-130826.906064	-113915.777375	-122377.812550	-140071.632275
-5362.049384	-5701.930011	-5816.661515	-5729.512063	-59782.243941	-117862.044914	-87832.498590	-112359.805388
-6454.893226	-6522.708419	-5831.659535	-5727.053371	-130820.669928	-113906.188477	-122370.861157	-140064.926751
-5450.852865	-5709.484900	-5836.308698	-5737.871616	-59791.117584	-117866.649373	-87818.193474	-112368.880197
-6453.194493	-6524.541262	-5831.972460	-5730.182616	-130823.039213	-113908.334244	-122372.850463	-140066.267856
-2416.312983	-5588.249038	-5297.654009	-5569.361814	-59727.079836	-117709.047223	-88571.804890	-111952.623660
-3436.066620	-4997.537136	-5860.247417	-5741.134970	-130829.387108	-113919.510117	-122380.405352	-140073.599228
-1048.565036	-5551.301605	-5028.740171	-5522.847834	-59681.906960	-117668.299993	-88789.220308	-111841.356676
-6275.229904	-6387.793289	-5838.521521	-5728.014496	-130821.273425	-113906.970788	-122371.397599	-140065.150269
-5975.425956	-5728.372124	-5926.028600	-5761.698575	-59813.514032	-117889.917539	-87678.740940	-112437.432997
-4988.015293	-5739.302127	-5844.400030	-5735.234110	-130825.788477	-113913.877477	-122376.337335	-140069.978245
1463.927503	-5478.077290	-4621.401980	-5420.342734	-59643.886643	-117573.886224	-89247.721642	-111590.637158
-4458.435411	-5422.175577	-5857.676966	-5736.418752	-130826.906064	-113915.777375	-122377.812550	-140071.632275
-5362.049384	-5701.930011	-5816.661515	-5729.512063	-59782.243941	-117862.044914	-87832.498590	-112359.805388
-6454.893226	-6522.708419	-5831.659535	-5727.053371	-130820.669928	-113906.188477	-122370.861157	-140064.926751
-2525.121275	-5589.366625	-5315.624811	-5572.468707	-59725.984600	-117714.948084	-88546.793288	-111969.007488
-3421.225062	-4985.891877	-5860.292120	-5740.173845	-130829.163591	-113919.554820	-122380.561814	-140074.359187
-895.679104	-5544.797247	-5000.375807	-5515.382351	-59676.587245	-117664.611955	-88815.081276	-111831.276039
-6243.401020	-6364.905103	-5840.890806	-5728.215662	-130822.122791	-113908.200134	-122372.649297	-140066.849001
-5993.664979	-5729.914395	-5927.235595	-5764.425488	-59812.441148	-117895.818400	-87670.537850	-112449.033552
-5023.643973	-5753.137857	-5845.942300	-5735.725848	-130827.062527	-113915.352692	-122377.879605	-140071.989902
1472.264704	-5477.004406	-4602.738273	-5419.135740	-59642.813759	-117576.568434	-89249.800354	-111596.247446
-4377.455041	-5376.667425	-5856.827600	-5734.295337	-130825.520256	-113914.659788	-122376.806721	-140071.006426
-5266.786249	-5695.112728	-5797.103738	-5722.359505	-59776.030156	-117858.289821	-87855.677349	-112351.021153
-6457.955415	-6523.222509	-5829.893748	-5724.281755	-130818.747678	-113904.445041	-122369.341239	-140063.943274
-2610.884918	-5589.500736	-5318.172910	-5574.368605	-59724.934068	-117720.088985	-88527.324918	-111983.692584
-3366.753860	-4946.865731	-5860.672100	-5739.615052	-130829.476515	-113920.046558	-122381.299422	-140075.543830
-716.552224	-5541.399782	-4954.621786	-5510.755540	-59674.732050	-117664.231976	-88848.161858	-111823.698798
-895.679104	-5544.797247	-5000.375807	-5515.382351	-59676.587245	-117664.611955	-88815.081276	-111831.276039
-6243.401020	-6364.905103	-5840.890806	-5728.215662	-130822.122791	-113908.200134	-122372.649297	-140066.849001
-5993.664979	-5729.914395	-5927.235595	-5764.425488	-59812.441148	-117895.818400	-87670.537850	-112449.033552
-5023.643973	-5753.137857	-5845.942300	-5735.725848	-130827.062527	-113915.352692	-122377.879605	-140071.989902
1472.264704	-5477.004406	-4602.738273	-5419.135740	-59642.813759	-117576.568434	-89249.800354	-111596.247446
-4377.455041	-5376.667425	-5856.827600	-5734.295337	-130825.520256	-113914.659788	-122376.806721	-140071.006426
-5266.786249	-5695.112728	-5797.103738	-5722.359505	-59776.030156	-117858.289821	-87855.677349	-112351.021153
-6457.955415	-6523.222509	-5829.893748	-5724.281755	-130818.747678	-113904.445041	-122369.341239	-140063.943274
-2610.884918	-5589.500736	-5318.172910	-5574.368605	-59724.934068	-117720.088985	-88527.324918	-111983.692584
-3366.753860	-4946.865731	-5860.672100	-5739.615052	-130829.476515	-113920.046558	-122381.299422	-140075.543830
-716.552224	-5541.399782	-4954.621786	-5510.755540	-59674.732050	-117664.231976	-88848.161858	-111823.698798
-6209.828700	-6342.016917	-5842.857759	-5729.400304	-130824.179152	-113910.502364	-122375.040933	-140069.754728
-6012.082817	-5730.406133	-5929.515473	-5766.526552	-59813.357569	-117900.847542	-87669.509669	-112458.465988
-5053.170628	-5761.363299	-5844.534140	-5734.272985	-130826.660195	-113915.084471	-122377.879605	-140072.436937
1471.571800	-5473.875162	-4584.432195	-5416.945269	-59641.003268	-117577.618966	-89252.326101	-111599.488449
-4289.344464	-5325.593689	-5856.045289	-5733.200101	-130825.319091	-113914.726843	-122376.940832	-140071.609923
-5180.977903	-5691.916429	-5784.005616	-5718.939688	-59775.940749	-117858.513338	-87886.500405	-112345.053237
-6470.382985	-6532.051448	-5832.017163	-5727.008668	-130822.659233	-113908.423651	-122373.431608	-140068.525382
-2736.099391	-5595.960390	-5346.112591	-5583.197544	-59732.757179	-117731.555430	-88515.903177	-112004.747928
-3365.524514	-4941.747182	-5861.968501	-5741.649060	-130832.583407	-113923.242858	-122384.495721	-140079.254219
-592.611801	-5537.063543	-4933.566443	-5505.614639	-59674.150905	-117662.510891	-88881.577716	-111815.182783
-6181.240819	-6322.682658	-5841.449599	-5728.640345	-130824.246207	-113910.859991	-122375.398561	-140070.715853
-6041.475361	-5730.450836	-5935.304574	-5767.890008	-59815.525689	-117904.982615	-87669.688483	-112466.423209
-5110.346390	-5788.654779	-5842.634242	-5733.669488	-130826.950768	-113915.486803	-122378.438399	-140073.599228
1426.756552	-5475.551543	-4602.000666	-5419.359257	-59644.557195	-117583.050440	-89258.338721	-111607.691539
1471.571800	-5473.875162	-4584.432195	-5416.945269	-59641.003268	-117577.618966	-89252.326101	-111599.488449
-4289.344464	-5325.593689	-5856.045289	-5733.200101	-130825.319091	-113914.726843	-122376.940832	-140071.609923
-5180.977903	-5691.916429	-5784.005616	-5718.939688	-59775.940749	-117858.513338	-87886.500405	-112345.053237
-6470.382985	-6532.051448	-5832.017163	-5727.008668	-130822.659233	-113908.423651	-122373.431608	-140068.525382
-2736.099391	-5595.960390	-5346.112591	-5583.197544	-59732.757179	-117731.555430	-88515.903177	-112004.747928
-3365.524514	-4941.747182	-5861.968501	-5741.649060	-130832.583407	-113923.242858	-122384.495721	-140079.254219
-592.611801	-5537.063543	-4933.566443	-5505.614639	-59674.150905	-117662.510891	-88881.577716	-111815.182783
-6181.240819	-6322.682658	-5841.449599	-5728.640345	-130824.246207	-113910.859991	-122375.398561	-140070.715853
-6041.475361	-5730.450836	-5935.304574	-5767.890008	-59815.525689	-117904.982615	-87669.688483	-112466.423209
-5110.346390	-5788.654779	-5842.634242	-5733.669488	-130826.950768	-113915.486803	-122378.438399	-140073.599228
1426.756552	-5475.551543	-4602.000666	-5419.359257	-59644.557195	-117583.050440	-89258.338721	-111607.691539
-4237.197845	-5301.699674	-5857.207579	-5734.965889	-130827.934245	-113917.677273	-122379.935966	-140075.052091
-5103.886736	-5686.887287	-5771.175715	-5713.239993	-59773.750278	-117856.032295	-87917.032888	-112336.269002
-6476.797936	-6535.515968	-5827.502111	-5723.342982	-130819.842913	-113905.920256	-122370.905861	-140066.469022
-2854.675395	-5595.647466	-5366.609140	-5585.075091	-59732.377199	-117736.003427	-88497.038304	-112018.717768
-3370.441898	-4939.936690	-5859.487457	-5739.615052	-130831.421117	-113922.415843	-122383.735762	-140078.918943
-453.896875	-5531.095628	-4906.766702	-5498.640895	-59670.440515	-117659.202833	-88913.451304	-111805.124498
-6148.719030	-6300.263858	-5839.035611	-5726.472226	-130822.949806	-113909.898866	-122374.370381	-140070.000597
-6060.206122	-5728.059200	-5936.578624	-5766.168924	-59814.117529	-117906.547237	-87671.096643	-112472.100553
-5154.602844	-5807.296134	-5842.231910	-5733.468322	-130827.911893	-113916.649093	-122379.667745	-140075.208554
1407.869328	-5479.328988	-4589.059006	-5423.874310	-59647.865253	-117590.582978	-89263.747843	-111618.979170
-4166.655739	-5265.489848	-5863.130792	-5740.464418	-130834.326844	-113924.248686	-122386.574434	-140082.159946
-5014.859738	-5687.066100	-5759.306939	-5712.480034	-59775.873694	-117858.960373	-87954.606170	-112333.631496
-6488.018511	-6544.188445	-5830.609003	-5726.606336	-130824.112096	-113910.234143	-122375.443265	-140071.565219
-2966.568228	-5601.593030	-5383.529411	-5592.674684	-59737.093417	-117746.486395	-88484.767197	-112039.817815
-2854.675395	-5595.647466	-5366.609140	-5585.075091	-59732.377199	-117736.003427	-88497.038304	-112018.717768
-3370.441898	-4939.936690	-5859.487457	-5739.615052	-130831.421117	-113922.415843	-122383.735762	-140078.918943
-453.896875	-5531.095628	-4906.766702	-5498.640895	-59670.440515	-117659.202833	-88913.451304	-111805.124498
-6148.719030	-6300.263858	-5839.035611	-5726.472226	-130822.949806	-113909.898866	-122374.370381	-140070.000597
-6060.206122	-5728.059200	-5936.578624	-5766.168924	-59814.117529	-117906.547237	-87671.096643	-112472.100553
-5154.602844	-5807.296134	-5842.231910	-5733.468322	-130827.911893	-113916.649093	-122379.667745	-140075.208554
1407.869328	-5479.328988	-4589.059006	-5423.874310	-59647.865253	-117590.582978	-89263.747843	-111618.979170
-4166.655739	-5265.489848	-5863.130792	-5740.464418	-130834.326844	-113924.248686	-122386.574434	-140082.159946
-5014.859738	-5687.066100	-5759.306939	-5712.480034	-59775.873694	-117858.960373	-87954.606170	-112333.631496
-6488.018511	-6544.188445	-5830.609003	-5726.606336	-130824.112096	-113910.234143	-122375.443265	-140071.565219
-2966.568228	-5601.593030	-5383.529411	-5592.674684	-59737.093417	-117746.486395	-88484.767197	-112039.817815
-3363.937541	-4933.633498	-5862.951978	-5742.721944	-130835.489134	-113926.640323	-122388.094352	-140083.836327
-317.037143	-5530.559186	-4873.931989	-5497.053921	-59670.485219	-117661.035676	-88948.297673	-111801.637626
-6120.667591	-6283.880029	-5845.338803	-5731.948403	-130829.431812	-113916.514983	-122381.165311	-140077.376673
-6082.356701	-5734.049467	-5943.418258	-5772.740337	-59818.587878	-117916.337301	-87679.389141	-112487.031518
-5206.078912	-5833.738248	-5845.718783	-5736.575214	-130832.114021	-113920.895925	-122384.160445	-140080.237696
1371.346578	-5479.641912	-4587.360273	-5424.813083	-59647.217053	-117594.449829	-89266.474756	-111627.495185
-4106.238974	-5234.197406	-5861.163838	-5737.536339	-130832.404594	-113922.594657	-122384.942756	-140081.020007
-4920.714190	-5678.281865	-5738.050430	-5702.622915	-59766.620072	-117852.634830	-87981.092987	-112323.103824
-6490.499555	-6544.501370	-5827.725628	-5722.515967	-130821.094611	-113907.529581	-122372.805759	-140069.352397
-3073.454270	-5600.743663	-5399.577963	-5593.367588	-59733.293621	-117750.062674	-88465.857621	-112054.726428
-3381.058977	-4940.383725	-5858.928664	-5737.759857	-130831.711689	-113922.996989	-122384.629832	-140080.930600
-183.731339	-5520.992639	-4843.600672	-5486.369787	-59660.583396	-117653.972525	-88973.689255	-111790.171181
-6084.167192	-6257.952006	-5841.561358	-5726.494578	-130825.073221	-113912.402262	-122377.276108	-140073.912153
-6086.916457	-5727.992145	-5936.355106	-5767.308863	-59809.446014	-117914.146830	-87675.812861	-112490.853666
-6120.667591	-6283.880029	-5845.338803	-5731.948403	-130829.431812	-113916.514983	-122381.165311	-140077.376673
-6082.356701	-5734.049467	-5943.418258	-5772.740337	-59818.587878	-117916.337301	-87679.389141	-112487.031518
-5206.078912	-5833.738248	-5845.718783	-5736.575214	-130832.114021	-113920.895925	-122384.160445	-140080.237696
1371.346578	-5479.641912	-4587.360273	-5424.813083	-59647.217053	-117594.449829	-89266.474756	-111627.495185
-4106.238974	-5234.197406	-5861.163838	-5737.536339	-130832.404594	-113922.594657	-122384.942756	-140081.020007
-4920.714190	-5678.281865	-5738.050430	-5702.622915	-59766.620072	-117852.634830	-87981.092987	-112323.103824
-6490.499555	-6544.501370	-5827.725628	-5722.515967	-130821.094611	-113907.529581	-122372.805759	-140069.352397
-3073.454270	-5600.743663	-5399.577963	-5593.367588	-59733.293621	-117750.062674	-88465.857621	-112054.726428
-3381.058977	-4940.383725	-5858.928664	-5737.759857	-130831.711689	-113922.996989	-122384.629832	-140080.930600
-183.731339	-5520.992639	-4843.600672	-5486.369787	-59660.583396	-117653.972525	-88973.689255	-111790.171181
-6084.167192	-6257.952006	-5841.561358	-5726.494578	-130825.073221	-113912.402262	-122377.276108	-140073.912153
-6086.916457	-5727.992145	-5936.355106	-5767.308863	-59809.446014	-117914.146830	-87675.812861	-112490.853666
-5257.979662	-5855.553550	-5840.376716	-5730.093209	-130826.950768	-113915.755023	-122379.198358	-140075.767347
1338.869493	-5475.328025	-4573.144564	-5421.169748	-59640.846806	-117593.823981	-89262.674959	-111632.949010
-4063.323625	-5214.907851	-5861.119135	-5735.994069	-130832.046966	-113922.415843	-122384.942756	-140081.578801
-4814.543404	-5675.331435	-5717.442121	-5698.599601	-59762.283833	-117852.500719	-88012.899520	-112319.125214
-6497.406244	-6549.664623	-5831.145445	-5723.790017	-130823.821524	-113910.256494	-122375.823245	-140072.794565
-3164.314111	-5605.593992	-5407.602240	-5599.737835	-59734.187691	-117759.517462	-88449.317330	-112076.809952
-3408.953954	-4957.751031	-5861.812039	-5739.525645	-130834.751527	-113926.126233	-122388.027297	-140084.663342
-19.401314	-5519.003334	-4794.873869	-5483.195839	-59657.677669	-117654.441912	-89004.244090	-111787.064289
-6051.444239	-6237.388401	-5845.115286	-5727.902738	-130827.777782	-113915.240933	-122380.226538	-140077.331969
-6088.279913	-5730.048505	-5933.583490	-5769.678148	-59808.194316	-117920.159450	-87677.846870	-112503.124774
-5318.307020	-5885.817812	-5843.818884	-5732.082514	-130830.236474	-113919.152489	-122382.841692	-140079.947124
1320.742228	-5477.406737	-4552.402145	-5423.851958	-59640.846806	-117599.769545	-89261.177392	-111645.868319
-4020.475330	-5196.557068	-5861.767335	-5735.323517	-130832.650463	-113923.175803	-122385.859178	-140082.897554
1338.869493	-5475.328025	-4573.144564	-5421.169748	-59640.846806	-117593.823981	-89262.674959	-111632.949010
-4063.323625	-5214.907851	-5861.119135	-5735.994069	-130832.046966	-113922.415843	-122384.942756	-140081.578801
-4814.543404	-5675.331435	-5717.442121	-5698.599601	-59762.283833	-117852.500719	-88012.899520	-112319.125214
-6497.406244	-6549.664623	-5831.145445	-5723.790017	-130823.821524	-113910.256494	-122375.823245	-140072.794565
-3164.314111	-5605.593992	-5407.602240	-5599.737835	-59734.187691	-117759.517462	-88449.317330	-112076.809952
-3408.953954	-4957.751031	-5861.812039	-5739.525645	-130834.751527	-113926.126233	-122388.027297	-140084.663342
-19.401314	-5519.003334	-4794.873869	-5483.195839	-59657.677669	-117654.441912	-89004.244090	-111787.064289
-6051.444239	-6237.388401	-5845.115286	-5727.902738	-130827.777782	-113915.240933	-122380.226538	-140077.331969
-6088.279913	-5730.048505	-5933.583490	-5769.678148	-59808.194316	-117920.159450	-87677.846870	-112503.124774
-5318.307020	-5885.817812	-5843.818884	-5732.082514	-130830.236474	-113919.152489	-122382.841692	-140079.947124
1320.742228	-5477.406737	-4552.402145	-5423.851958	-59640.846806	-117599.769545	-89261.177392	-111645.868319
-4020.475330	-5196.557068	-5861.767335	-5735.323517	-130832.650463	-113923.175803	-122385.859178	-140082.897554
-4690.692388	-5669.721147	-5691.558801	-5691.692912	-59755.779476	-117849.639696	-88041.219180	-112312.710263
-6499.954343	-6550.826913	-5831.503073	-5722.225395	-130823.530951	-113910.189439	-122376.024410	-140073.331007
-3253.139943	-5605.459881	-5414.866557	-5601.213050	-59730.991391	-117764.211329	-88427.367917	-112093.998443
-3433.943204	-4968.546923	-5856.469972	-5733.311860	-130830.035309	-113921.477070	-122383.579300	-140080.640028
129.170731	-5507.626296	-4747.108191	-5470.544752	-59646.658259	-117645.948249	-89024.204197	-111775.128457
-6011.524023	-6209.515775	-5841.069620	-5722.001877	-130823.307434	-113911.128212	-122376.113817	-140073.621580
-6085.262428	-5725.086418	-5925.983897	-5764.894875	-59801.242924	-117919.265380	-87674.985847	-112507.103384
-5361.423536	-5903.587449	-5839.393239	-5726.382819	-130826.235512	-113915.218582	-122379.086599	-140076.661417
1277.066919	-5473.361072	-4546.702450	-5420.119216	-59636.465864	-117599.858952	-89254.404814	-111651.657421
-3973.134336	-5175.032339	-5860.426230	-5733.289508	-130831.935207	-113922.862878	-122385.523902	-140082.986961
-4594.244611	-5664.334376	-5672.805688	-5684.853278	-59751.309127	-117847.136300	-88068.510660	-112305.222428
-6506.101073	-6555.721945	-5832.799474	-5722.627726	-130825.386146	-113912.178744	-122378.147826	-140076.057920
-3376.365110	-5610.131396	-5442.828589	-5606.979800	-59734.902946	-117773.844930	-88409.642984	-112114.316179
-3253.139943	-5605.459881	-5414.866557	-5601.213050	-59730.991391	-117764.211329	-88427.367917	-112093.998443
-3433.943204	-4968.546923	-5856.469972	-5733.311860	-130830.035309	-113921.477070	-122383.579300	-140080.640028
129.170731	-5507.626296	-4747.108191	-5470.544752	-59646.658259	-117645.948249	-89024.204197	-111775.128457
-6011.524023	-6209.515775	-5841.069620	-5722.001877	-130823.307434	-113911.128212	-122376.113817	-140073.621580
-6085.262428	-5725.086418	-5925.983897	-5764.894875	-59801.242924	-117919.265380	-87674.985847	-112507.103384
-5361.423536	-5903.587449	-5839.393239	-5726.382819	-130826.235512	-113915.218582	-122379.086599	-140076.661417
1277.066919	-5473.361072	-4546.702450	-5420.119216	-59636.465864	-117599.858952	-89254.404814	-111651.657421
-3973.134336	-5175.032339	-5860.426230	-5733.289508	-130831.935207	-113922.862878	-122385.523902	-140082.986961
-4594.244611	-5664.334376	-5672.805688	-5684.853278	-59751.309127	-117847.136300	-88068.510660	-112305.222428
-6506.101073	-6555.721945	-5832.799474	-5722.627726	-130825.386146	-113912.178744	-122378.147826	-140076.057920
-3376.365110	-5610.131396	-5442.828589	-5606.979800	-59734.902946	-117773.844930	-88409.642984	-112114.316179
-3471.069452	-4991.166889	-5859.778030	-5736.910491	-130834.975044	-113926.662675	-122388.831960	-140086.384426
213.816787	-5508.430959	-4742.503732	-5469.963607	-59650.189835	-117649.636286	-89053.797907	-111774.212035
-5985.998331	-6196.462357	-5845.428210	-5726.293412	-130828.805963	-113916.939666	-122382.014678	-140079.991827
-6114.923193	-5728.640345	-5935.706906	-5768.605264	-59805.936790	-117926.976732	-87676.394007	-112519.218030
-5433.038525	-5944.312327	-5842.410724	-5730.227319	-130831.376413	-113920.448890	-122384.585128	-140082.562278
1156.076927	-5476.758537	-4600.771320	-5423.963717	-59642.009096	-117607.615007	-89249.755651	-111665.269633
-3960.818524	-5179.636798	-5860.180361	-5733.848302	-130833.768050	-113924.762776	-122387.714373	-140085.535060
-4544.422572	-5659.215827	-5665.496667	-5678.438327	-59750.012726	-117844.990533	-88092.248212	-112298.114574
-6517.701628	-6565.713175	-5831.145445	-5721.912470	-130825.900236	-113912.871648	-122378.930137	-140077.264914
-3547.981804	-5614.221765	-5491.935371	-5612.634791	-59740.669696	-117782.942090	-88385.950135	-112135.282115
-3579.117784	-5058.579750	-5858.414573	-5737.379877	-130836.718480	-113928.607277	-122390.933024	-140088.887821
225.774971	-5505.726398	-4783.228610	-5465.783830	-59652.290899	-117649.882156	-89074.741492	-111771.619233
-5971.156773	-6189.175688	-5842.366021	-5725.131121	-130828.649500	-113917.006721	-122382.238195	-140080.505917
-6152.563531	-5726.025191	-5944.222920	-5766.437145	-59806.741453	-117928.362540	-87669.308504	-112526.102367
-5985.998331	-6196.462357	-5845.428210	-5726.293412	-130828.805963	-113916.939666	-122382.014678	-140079.991827
-6114.923193	-5728.640345	-5935.706906	-5768.605264	-59805.936790	-117926.976732	-87676.394007	-112519.218030
-5433.038525	-5944.312327	-5842.410724	-5730.227319	-130831.376413	-113920.448890	-122384.585128	-140082.562278
1156.076927	-5476.758537	-4600.771320	-5423.963717	-59642.009096	-117607.615007	-89249.755651	-111665.269633
-3960.818524	-5179.636798	-5860.180361	-5733.848302	-130833.768050	-113924.762776	-122387.714373	-140085.535060
-4544.422572	-5659.215827	-5665.496667	-5678.438327	-59750.012726	-117844.990533	-88092.248212	-112298.114574
-6517.701628	-6565.713175	-5831.145445	-5721.912470	-130825.900236	-113912.871648	-122378.930137	-140077.264914
-3547.981804	-5614.221765	-5491.935371	-5612.634791	-59740.669696	-117782.942090	-88385.950135	-112135.282115
-3579.117784	-5058.579750	-5858.414573	-5737.379877	-130836.718480	-113928.607277	-122390.933024	-140088.887821
225.774971	-5505.726398	-4783.228610	-5465.783830	-59652.290899	-117649.882156	-89074.741492	-111771.619233
-5971.156773	-6189.175688	-5842.366021	-5725.131121	-130828.649500	-113917.006721	-122382.238195	-140080.505917
-6152.563531	-5726.025191	-5944.222920	-5766.437145	-59806.741453	-117928.362540	-87669.308504	-112526.102367
-5526.290003	-5993.217944	-5835.928719	-5726.405171	-130828.604797	-113917.900791	-122382.260547	-140080.550621
970.445689	-5476.825592	-4700.728321	-5425.796560	-59646.345335	-117612.152411	-89236.791639	-111678.300700
-4016.988458	-5228.877691	-5855.888826	-5732.529549	-130833.164553	-113924.561611	-122387.580262	-140085.780929
-4532.039706	-5654.611368	-5668.000062	-5672.716281	-59751.487941	-117843.068283	-88114.175274	-112292.750155
-6533.906643	-6580.197105	-5825.065771	-5718.917336	-130823.799172	-113910.927047	-122377.164349	-140075.990865
-3746.331185	-5615.875794	-5545.892483	-5616.568698	-59746.145874	-117789.424096	-88355.976445	-112155.443389
-3738.999812	-5158.760269	-5850.725573	-5733.468322	-130833.611588	-113925.634494	-122388.049649	-140086.585592
188.715778	-5499.847889	-4847.221654	-5460.464115	-59653.207320	-117646.954077	-89088.152538	-111767.238291
-5968.340453	-6190.740310	-5838.007431	-5724.102941	-130828.425983	-113917.073776	-122382.327602	-140081.087062
-6199.703360	-5728.819159	-5959.779735	-5769.678148	-59814.877488	-117934.710435	-87664.994617	-112538.351123
-5626.828149	-6046.660965	-5831.368963	-5725.555804	-130828.805963	-113918.280771	-122382.707582	-140081.467042
757.120640	-5477.585551	-4805.312133	-5428.188196	-59652.447361	-117616.935684	-89220.050182	-111692.002319
-4090.771567	-5287.796889	-5849.719745	-5729.892043	-130831.376413	-113923.108747	-122386.105047	-140084.730397
970.445689	-5476.825592	-4700.728321	-5425.796560	-59646.345335	-117612.152411	-89236.791639	-111678.300700
-4016.988458	-5228.877691	-5855.888826	-5732.529549	-130833.164553	-113924.561611	-122387.580262	-140085.780929
-4532.039706	-5654.611368	-5668.000062	-5672.716281	-59751.487941	-117843.068283	-88114.175274	-112292.750155
-6533.906643	-6580.197105	-5825.065771	-5718.917336	-130823.799172	-113910.927047	-122377.164349	-140075.990865
-3746.331185	-5615.875794	-5545.892483	-5616.568698	-59746.145874	-117789.424096	-88355.976445	-112155.443389
-3738.999812	-5158.760269	-5850.725573	-5733.468322	-130833.611588	-113925.634494	-122388.049649	-140086.585592
188.715778	-5499.847889	-4847.221654	-5460.464115	-59653.207320	-117646.954077	-89088.152538	-111767.238291
-5968.340453	-6190.740310	-5838.007431	-5724.102941	-130828.425983	-113917.073776	-122382.327602	-140081.087062
-6199.703360	-5728.819159	-5959.779735	-5769.678148	-59814.877488	-117934.710435	-87664.994617	-112538.351123
-5626.828149	-6046.660965	-5831.368963	-5725.555804	-130828.805963	-113918.280771	-122382.707582	-140081.467042
757.120640	-5477.585551	-4805.312133	-5428.188196	-59652.447361	-117616.935684	-89220.050182	-111692.002319
-4090.771567	-5287.796889	-5849.719745	-5729.892043	-130831.376413	-113923.108747	-122386.105047	-140084.730397
-4534.230177	-5651.839751	-5674.146792	-5668.916484	-59755.310089	-117842.397731	-88134.358899	-112288.659786
-6555.543131	-6600.179565	-5823.165872	-5720.459607	-130826.324919	-113913.698663	-122380.070076	-140079.276571
-3943.786495	-5623.698905	-5596.452128	-5626.112893	-59757.768781	-117801.359928	-88329.713145	-112180.522046
-3877.111241	-5238.913624	-5848.937434	-5735.077648	-130836.204390	-113928.294352	-122391.000079	-140089.893650
169.470926	-5498.752653	-4896.529603	-5458.720679	-59657.834131	-117648.049313	-89103.485835	-111766.388925
-5958.550389	-6187.409900	-5832.106570	-5721.264270	-130826.347271	-113915.173878	-122380.494759	-140079.656551
-6232.627479	-5726.807502	-5967.759307	-5768.091174	-59816.755035	-117935.515098	-87655.249257	-112544.319039
-5708.412016	-6088.749300	-5825.579861	-5723.231223	-130827.286044	-113916.827907	-122381.478236	-140080.796490
584.006379	-5482.100604	-4870.445117	-5434.066705	-59660.292823	-117624.781147	-89205.633307	-111708.073224
-4139.543073	-5328.052381	-5849.429172	-5732.395438	-130834.528009	-113926.372102	-122389.413105	-140088.552545
-4502.445996	-5650.878626	-5672.895095	-5666.860123	-59759.065182	-117842.911821	-88157.157678	-112285.195265
-6571.524629	-6614.775254	-5818.382599	-5718.827929	-130825.229684	-113912.670483	-122379.108951	-140078.740129
-4109.547032	-5627.118722	-5629.935042	-5631.298498	-59763.490827	-117808.356024	-88300.789988	-112200.191581
-3943.786495	-5623.698905	-5596.452128	-5626.112893	-59757.768781	-117801.359928	-88329.713145	-112180.522046
-3877.111241	-5238.913624	-5848.937434	-5735.077648	-130836.204390	-113928.294352	-122391.000079	-140089.893650
169.470926	-5498.752653	-4896.529603	-5458.720679	-59657.834131	-117648.049313	-89103.485835	-111766.388925
-5958.550389	-6187.409900	-5832.106570	-5721.264270	-130826.347271	-113915.173878	-122380.494759	-140079.656551
-6232.627479	-5726.807502	-5967.759307	-5768.091174	-59816.755035	-117935.515098	-87655.249257	-112544.319039
-5708.412016	-6088.749300	-5825.579861	-5723.231223	-130827.286044	-113916.827907	-122381.478236	-140080.796490
584.006379	-5482.100604	-4870.445117	-5434.066705	-59660.292823	-117624.781147	-89205.633307	-111708.073224
-4139.543073	-5328.052381	-5849.429172	-5732.395438	-130834.528009	-113926.372102	-122389.413105	-140088.552545
-4502.445996	-5650.878626	-5672.895095	-5666.860123	-59759.065182	-117842.911821	-88157.157678	-112285.195265
-6571.524629	-6614.775254	-5818.382599	-5718.827929	-130825.229684	-113912.670483	-122379.108951	-140078.740129
-4109.547032	-5627.118722	-5629.935042	-5631.298498	-59763.490827	-117808.356024	-88300.789988	-112200.191581
-4011.601688	-5309.723951	-5843.975347	-5733.378915	-130835.019748	-113927.288524	-122389.882492	-140089.200746
172.957799	-5497.702121	-4926.145664	-5457.334871	-59661.723335	-117648.876327	-89119.154408	-111765.293689
-5955.421144	-6190.405034	-5832.821826	-5724.728790	-130830.169419	-113919.241896	-122384.585128	-140084.283362
-6260.567160	-5731.501368	-5978.041110	-5773.187372	-59824.824014	-117942.846470	-87655.182201	-112555.986650
-5787.268971	-6129.340068	-5822.025934	-5722.828892	-130827.330748	-113916.962018	-122381.724105	-140081.355283
429.555825	-5484.425185	-4917.517891	-5437.642984	-59666.037222	-117629.989103	-89188.690685	-111721.797195
-4188.716911	-5364.262207	-5845.383506	-5731.166092	-130833.589236	-113925.813308	-122388.675498	-140088.329028
-4450.433487	-5645.357745	-5662.836809	-5660.333414	-59758.551092	-117838.597934	-88176.961324	-112275.919291
-6581.068823	-6623.201862	-5812.682904	-5715.542223	-130822.301605	-113910.077680	-122376.560852	-140076.616714
-4249.871284	-5629.197434	-5651.191551	-5634.964184	-59768.005880	-117813.698091	-88270.570430	-112217.089500
-4094.839584	-5352.035803	-5838.879149	-5730.741409	-130832.806925	-113925.321570	-122388.094352	-140087.792586
215.783741	-5493.969380	-4925.922147	-5452.551598	-59662.729163	-117646.417635	-89131.961957	-111759.929271
-5930.588356	-6177.373967	-5829.066733	-5722.650078	-130828.336576	-113917.721977	-122383.154617	-140083.232830
-6271.340701	-5731.210796	-5979.337511	-5772.695633	-59827.886203	-117944.433444	-87652.030605	-112559.674687
-6260.567160	-5731.501368	-5978.041110	-5773.187372	-59824.824014	-117942.846470	-87655.182201	-112555.986650
-5787.268971	-6129.340068	-5822.025934	-5722.828892	-130827.330748	-113916.962018	-122381.724105	-140081.355283
429.555825	-5484.425185	-4917.517891	-5437.642984	-59666.037222	-117629.989103	-89188.690685	-111721.797195
-4188.716911	-5364.262207	-5845.383506	-5731.166092	-130833.589236	-113925.813308	-122388.675498	-140088.329028
-4450.433487	-5645.357745	-5662.836809	-5660.333414	-59758.551092	-117838.597934	-88176.961324	-112275.919291
-6581.068823	-6623.201862	-5812.682904	-5715.542223	-130822.301605	-113910.077680	-122376.560852	-140076.616714
-4249.871284	-5629.197434	-5651.191551	-5634.964184	-59768.005880	-117813.698091	-88270.570430	-112217.089500
-4094.839584	-5352.035803	-5838.879149	-5730.741409	-130832.806925	-113925.321570	-122388.094352	-140087.792586
215.783741	-5493.969380	-4925.922147	-5452.551598	-59662.729163	-117646.417635	-89131.961957	-111759.929271
-5930.588356	-6177.373967	-5829.066733	-5722.650078	-130828.336576	-113917.721977	-122383.154617	-140083.232830
-6271.340701	-5731.210796	-5979.337511	-5772.695633	-59827.886203	-117944.433444	-87652.030605	-112559.674687
-5833.850006	-6154.329318	-5820.170739	-5722.761836	-130827.777782	-113917.587866	-122382.506416	-140082.517574
322.803893	-5485.140441	-4925.810388	-5438.760571	-59669.658204	-117633.095996	-89170.809289	-111730.916706
-4156.396288	-5349.487704	-5842.120152	-5728.752104	-130831.555227	-113924.069872	-122387.088524	-140087.032627
-4353.583378	-5641.088562	-5644.307213	-5654.097277	-59758.774609	-117835.021655	-88201.101208	-112264.005812
-6578.833649	-6621.458426	-5815.275707	-5718.515005	-130825.810829	-113913.832773	-122380.427704	-140080.841193
-4328.750590	-5636.126475	-5659.461696	-5642.720239	-59776.231322	-117823.398748	-88249.805659	-112233.853308
-4030.310098	-5316.004791	-5842.298966	-5734.295337	-130836.718480	-113929.523698	-122392.363535	-140092.441749
390.663790	-5491.644799	-4867.137059	-5448.394173	-59663.243254	-117645.031827	-89150.133926	-111750.541538
-5859.107478	-6131.955222	-5831.748942	-5724.304107	-130830.258826	-113920.068910	-122385.278032	-140085.803281
-6240.674107	-5729.042677	-5969.055709	-5769.879314	-59826.410988	-117943.897002	-87655.003387	-112554.824359
-5799.785948	-6137.163179	-5823.367038	-5724.617031	-130829.789439	-113919.912448	-122384.987460	-140085.512708
412.657906	-5486.280380	-4819.505491	-5439.297013	-59669.479390	-117636.292295	-89162.114461	-111733.129529
-3886.767195	-5186.789356	-5846.456390	-5730.607299	-130833.499829	-113926.372102	-122389.524864	-140089.916002
-4086.167107	-5631.052629	-5586.013864	-5641.915577	-59748.157531	-117825.969198	-88230.851380	-112238.569527
-4353.583378	-5641.088562	-5644.307213	-5654.097277	-59758.774609	-117835.021655	-88201.101208	-112264.005812
-6578.833649	-6621.458426	-5815.275707	-5718.515005	-130825.810829	-113913.832773	-122380.427704	-140080.841193
-4328.750590	-5636.126475	-5659.461696	-5642.720239	-59776.231322	-117823.398748	-88249.805659	-112233.853308
-4030.310098	-5316.004791	-5842.298966	-5734.295337	-130836.718480	-113929.523698	-122392.363535	-140092.441749
390.663790	-5491.644799	-4867.137059	-5448.394173	-59663.243254	-117645.031827	-89150.133926	-111750.541538
-5859.107478	-6131.955222	-5831.748942	-5724.304107	-130830.258826	-113920.068910	-122385.278032	-140085.803281
-6240.674107	-5729.042677	-5969.055709	-5769.879314	-59826.410988	-117943.897002	-87655.003387	-112554.824359
-5799.785948	-6137.163179	-5823.367038	-5724.617031	-130829.789439	-113919.912448	-122384.987460	-140085.512708
412.657906	-5486.280380	-4819.505491	-5439.297013	-59669.479390	-117636.292295	-89162.114461	-111733.129529
-3886.767195	-5186.789356	-5846.456390	-5730.607299	-130833.499829	-113926.372102	-122389.524864	-140089.916002
-4086.167107	-5631.052629	-5586.013864	-5641.915577	-59748.157531	-117825.969198	-88230.851380	-112238.569527
-6537.102942	-6581.739376	-5819.008448	-5718.894985	-130826.347271	-113914.726843	-122381.388829	-140082.361112
-4249.446601	-5632.147864	-5613.104178	-5639.054553	-59767.603548	-117822.348216	-88231.700746	-112231.439320
-3681.220553	-5089.939247	-5842.947166	-5731.031982	-130833.700995	-113926.707378	-122389.904844	-140090.407740
838.011603	-5478.524325	-4641.943233	-5431.742124	-59646.233576	-117632.716016	-89172.977409	-111721.573677
-5690.061234	-6020.218852	-5834.028820	-5721.688953	-130828.068355	-113918.191364	-122383.735762	-140084.484528
-6140.672402	-5717.755046	-5934.879891	-5757.876427	-59810.071863	-117935.068063	-87665.665169	-112534.171347
-5716.659810	-6079.763899	-5823.299983	-5720.370200	-130826.391974	-113916.537335	-122381.880567	-140082.830499
595.182251	-5477.898476	-4624.821797	-5429.618708	-59655.196626	-117630.234972	-89156.593580	-111721.484270
-3508.598031	-4935.846321	-5847.261053	-5728.036848	-130831.599931	-113924.785128	-122388.094352	-140088.776063
-3755.629510	-5618.960335	-5504.117072	-5627.141074	-59733.405379	-117815.106251	-88269.855174	-112209.489907
-6500.960171	-6547.898835	-5818.919041	-5716.771569	-130825.140277	-113913.765718	-122380.517111	-140081.802318
-4254.319281	-5629.309193	-5594.976913	-5636.908786	-59760.741563	-117822.907009	-88219.027307	-112233.070997
-3569.528886	-5005.650819	-5842.164855	-5730.204967	-130833.902160	-113927.243820	-122390.396582	-140091.346513
1035.869245	-5473.673996	-4532.620851	-5425.126007	-59641.003268	-117629.229144	-89200.984144	-111707.693244
838.011603	-5478.524325	-4641.943233	-5431.742124	-59646.233576	-117632.716016	-89172.977409	-111721.573677
-5690.061234	-6020.218852	-5834.028820	-5721.688953	-130828.068355	-113918.191364	-122383.735762	-140084.484528
-6140.672402	-5717.755046	-5934.879891	-5757.876427	-59810.071863	-117935.068063	-87665.665169	-112534.171347
-5716.659810	-6079.763899	-5823.299983	-5720.370200	-130826.391974	-113916.537335	-122381.880567	-140082.830499
595.182251	-5477.898476	-4624.821797	-5429.618708	-59655.196626	-117630.234972	-89156.593580	-111721.484270
-3508.598031	-4935.846321	-5847.261053	-5728.036848	-130831.599931	-113924.785128	-122388.094352	-140088.776063
-3755.629510	-5618.960335	-5504.117072	-5627.141074	-59733.405379	-117815.106251	-88269.855174	-112209.489907
-6500.960171	-6547.898835	-5818.919041	-5716.771569	-130825.140277	-113913.765718	-122380.517111	-140081.802318
-4254.319281	-5629.309193	-5594.976913	-5636.908786	-59760.741563	-117822.907009	-88219.027307	-112233.070997
-3569.528886	-5005.650819	-5842.164855	-5730.204967	-130833.902160	-113927.243820	-122390.396582	-140091.346513
1035.869245	-5473.673996	-4532.620851	-5425.126007	-59641.003268	-117629.229144	-89200.984144	-111707.693244
-5606.242193	-5970.597979	-5836.107533	-5724.617031	-130831.801096	-113922.460547	-122387.848483	-140089.044284
-6122.701600	-5718.470301	-5931.996516	-5758.167000	-59810.854174	-117938.085549	-87680.462024	-112532.807891
-5752.847284	-6099.344027	-5823.523500	-5722.985354	-130829.834143	-113920.404186	-122385.792123	-140087.077330
512.346686	-5480.938313	-4617.512777	-5432.859711	-59658.549387	-117635.778205	-89150.871533	-111729.374436
-3447.175437	-4904.687989	-5848.624509	-5731.791941	-130836.293797	-113929.702512	-122393.145847	-140094.207536
-3637.679355	-5616.054608	-5477.697310	-5622.290745	-59733.427731	-117813.005187	-88304.455674	-112195.475363
-6497.652113	-6545.261329	-5816.572108	-5716.816272	-130826.011995	-113914.972712	-122381.768809	-140083.456347
-4360.780640	-5629.577414	-5611.316039	-5637.869911	-59762.350889	-117825.924495	-88198.575461	-112240.849404
-3595.523965	-5017.251374	-5836.219291	-5727.500406	-130831.935207	-113925.589791	-122388.764905	-140090.251278
1118.414237	-5465.605016	-4506.759883	-5415.380647	-59637.181120	-117622.009530	-89217.591490	-111691.890561
-5544.081991	-5934.164635	-5829.737285	-5720.258441	-130828.068355	-113919.174840	-122384.473370	-140086.183260
-6103.456748	-5710.356618	-5922.474673	-5749.181598	-59803.969837	-117931.402377	-87679.523251	-112521.028521
-5777.635369	-6109.558774	-5816.616811	-5718.380894	-130826.213160	-113916.939666	-122382.327602	-140084.126900
421.129217	-5477.809069	-4620.463207	-5429.931632	-59657.834131	-117634.727673	-89136.141734	-111729.441491
512.346686	-5480.938313	-4617.512777	-5432.859711	-59658.549387	-117635.778205	-89150.871533	-111729.374436
-3447.175437	-4904.687989	-5848.624509	-5731.791941	-130836.293797	-113929.702512	-122393.145847	-140094.207536
-3637.679355	-5616.054608	-5477.697310	-5622.290745	-59733.427731	-117813.005187	-88304.455674	-112195.475363
-6497.652113	-6545.261329	-5816.572108	-5716.816272	-130826.011995	-113914.972712	-122381.768809	-140083.456347
-4360.780640	-5629.577414	-5611.316039	-5637.869911	-59762.350889	-117825.924495	-88198.575461	-112240.849404
-3595.523965	-5017.251374	-5836.219291	-5727.500406	-130831.935207	-113925.589791	-122388.764905	-140090.251278
1118.414237	-5465.605016	-4506.759883	-5415.380647	-59637.181120	-117622.009530	-89217.591490	-111691.890561
-5544.081991	-5934.164635	-5829.737285	-5720.258441	-130828.068355	-113919.174840	-122384.473370	-140086.183260
-6103.456748	-5710.356618	-5922.474673	-5749.181598	-59803.969837	-117931.402377	-87679.523251	-112521.028521
-5777.635369	-6109.558774	-5816.616811	-5718.380894	-130826.213160	-113916.939666	-122382.327602	-140084.126900
421.129217	-5477.809069	-4620.463207	-5429.931632	-59657.834131	-117634.727673	-89136.141734	-111729.441491
-3361.836477	-4854.798896	-5841.874283	-5727.455703	-130832.650463	-113926.550916	-122389.815437	-140091.435920
-3506.631077	-5603.805852	-5444.549673	-5607.806815	-59724.464682	-117801.069355	-88326.718012	-112170.530816
-6482.274113	-6531.313840	-5810.470082	-5712.390627	-130822.301605	-113911.575247	-122378.483102	-140080.528269
-4442.386859	-5627.588108	-5622.156635	-5636.595862	-59760.272176	-117826.304475	-88173.563859	-112244.403332
-3582.805822	-5000.867546	-5832.330088	-5726.002839	-130831.331710	-113925.165108	-122388.541387	-140090.340685
1206.323648	-5459.860618	-4476.026234	-5407.982219	-59634.185986	-117616.846277	-89231.762496	-111677.674851
-5473.964569	-5893.417405	-5825.825730	-5718.447950	-130827.017823	-113918.481936	-122383.869873	-140085.959743
-6093.286704	-5706.310952	-5919.881871	-5744.375973	-59801.645255	-117928.496650	-87681.624315	-112512.512507
-5811.788835	-6127.194301	-5812.727608	-5717.218604	-130825.810829	-113916.872611	-122382.372306	-140084.618638
296.138262	-5476.825592	-4643.396097	-5429.149321	-59658.325870	-117635.465280	-89117.276861	-111731.900183
-3304.951287	-4825.585166	-5837.605099	-5725.891081	-130831.756393	-113925.947419	-122389.211939	-140091.301810
-3415.167739	-5597.167384	-5421.795597	-5598.933172	-59720.597830	-117794.363832	-88349.785012	-112151.375371
-6478.317854	-6528.363410	-5808.279611	-5712.435330	-130823.218027	-113912.670483	-122379.578338	-140082.159946
-4561.476953	-5630.270318	-5643.077867	-5639.970975	-59762.820275	-117830.998341	-88147.546428	-112253.880471
-6482.274113	-6531.313840	-5810.470082	-5712.390627	-130822.301605	-113911.575247	-122378.483102	-140080.528269
-4442.386859	-5627.588108	-5622.156635	-5636.595862	-59760.272176	-117826.304475	-88173.563859	-112244.403332
-3582.805822	-5000.867546	-5832.330088	-5726.002839	-130831.331710	-113925.165108	-122388.541387	-140090.340685
1206.323648	-5459.860618	-4476.026234	-5407.982219	-59634.185986	-117616.846277	-89231.762496	-111677.674851
-5473.964569	-5893.417405	-5825.825730	-5718.447950	-130827.017823	-113918.481936	-122383.869873	-140085.959743
-6093.286704	-5706.310952	-5919.881871	-5744.375973	-59801.645255	-117928.496650	-87681.624315	-112512.512507
-5811.788835	-6127.194301	-5812.727608	-5717.218604	-130825.810829	-113916.872611	-122382.372306	-140084.618638
296.138262	-5476.825592	-4643.396097	-5429.149321	-59658.325870	-117635.465280	-89117.276861	-111731.900183
-3304.951287	-4825.585166	-5837.605099	-5725.891081	-130831.756393	-113925.947419	-122389.211939	-140091.301810
-3415.167739	-5597.167384	-5421.795597	-5598.933172	-59720.597830	-117794.363832	-88349.785012	-112151.375371
-6478.317854	-6528.363410	-5808.279611	-5712.435330	-130823.218027	-113912.670483	-122379.578338	-140082.159946
-4561.476953	-5630.270318	-5643.077867	-5639.970975	-59762.820275	-117830.998341	-88147.546428	-112253.880471
-3636.964099	-5031.958822	-5830.005506	-5726.718095	-130832.784573	-113926.707378	-122390.195416	-140092.464100
1239.292471	-5458.385403	-4469.141897	-5405.143548	-59634.878890	-117615.706338	-89243.251293	-111669.829389
-5429.819874	-5871.535047	-5825.110474	-5719.878461	-130829.163591	-113920.739462	-122386.172102	-140088.776063
-6090.604495	-5704.701627	-5918.473711	-5742.006688	-59800.371206	-117927.736691	-87680.327914	-112508.533896
-5862.192018	-6156.117458	-5808.503128	-5715.475168	-130824.983814	-113916.000893	-122381.791160	-140084.417472
161.111374	-5478.949008	-4667.312463	-5431.764475	-59660.359879	-117639.242725	-89095.170986	-111740.416198
-3307.968772	-4840.136151	-5835.101704	-5725.891081	-130832.382242	-113926.886192	-122390.240120	-140092.642914
-3314.473130	-5591.802966	-5396.985161	-5591.601800	-59716.999199	-117788.619433	-88370.862707	-112135.885612
-6477.088508	-6527.670506	-5803.362227	-5709.551955	-130820.848742	-113910.681177	-122377.812550	-140080.662379
-4667.960664	-5630.739704	-5660.512228	-5641.289728	-59762.373240	-117833.121757	-88115.918710	-112263.469370
-3714.099969	-5076.707015	-5823.165872	-5722.135988	-130829.007128	-113923.131099	-122386.708544	-140089.424263
1296.222364	-5451.031679	-4459.485943	-5396.538126	-59629.134492	-117608.397318	-89246.358186	-111657.759447
-5381.607161	-5844.869416	-5816.594460	-5713.016476	-130822.860399	-113914.860954	-122380.315945	-140083.232830
-5429.819874	-5871.535047	-5825.110474	-5719.878461	-130829.163591	-113920.739462	-122386.172102	-140088.776063
-6090.604495	-5704.701627	-5918.473711	-5742.006688	-59800.371206	-117927.736691	-87680.327914	-112508.533896
-5862.192018	-6156.117458	-5808.503128	-5715.475168	-130824.983814	-113916.000893	-122381.791160	-140084.417472
161.111374	-5478.949008	-4667.312463	-5431.764475	-59660.359879	-117639.242725	-89095.170986	-111740.416198
-3307.968772	-4840.136151	-5835.101704	-5725.891081	-130832.382242	-113926.886192	-122390.240120	-140092.642914
-3314.473130	-5591.802966	-5396.985161	-5591.601800	-59716.999199	-117788.619433	-88370.862707	-112135.885612
-6477.088508	-6527.670506	-5803.362227	-5709.551955	-130820.848742	-113910.681177	-122377.812550	-140080.662379
-4667.960664	-5630.739704	-5660.512228	-5641.289728	-59762.373240	-117833.121757	-88115.918710	-112263.469370
-3714.099969	-5076.707015	-5823.165872	-5722.135988	-130829.007128	-113923.131099	-122386.708544	-140089.424263
1296.222364	-5451.031679	-4459.485943	-5396.538126	-59629.134492	-117608.397318	-89246.358186	-111657.759447
-5381.607161	-5844.869416	-5816.594460	-5713.016476	-130822.860399	-113914.860954	-122380.315945	-140083.232830
-6075.070032	-5698.666656	-5912.908126	-5735.703496	-59795.319712	-117922.439328	-87675.656399	-112501.046062
-5905.777920	-6180.078528	-5803.630448	-5712.524737	-130822.592178	-113913.899829	-122379.891262	-140082.964609
36.120419	-5477.853772	-4688.658379	-5431.652717	-59659.421105	-117639.578001	-89068.281837	-111746.227651
-3281.459603	-4827.440360	-5829.312602	-5721.443083	-130828.537742	-113923.376968	-122386.797951	-140089.714836
-3203.608478	-5584.493945	-5371.750041	-5582.392881	-59712.506498	-117780.997489	-88390.353428	-112118.138327
-6473.221656	-6524.898890	-5799.964762	-5707.652057	-130819.462933	-113909.742404	-122376.829073	-140080.170641
-4773.527953	-5632.103161	-5679.913542	-5643.860178	-59763.915511	-117836.183946	-88085.721503	-112273.147675
-3763.966711	-5102.880907	-5818.270840	-5718.917336	-130826.280216	-113920.873573	-122384.518073	-140087.680827
1327.850083	-5446.427220	-4458.256597	-5390.994893	-59627.122835	-117604.016376	-89250.314444	-111648.215252
-5330.376962	-5819.366076	-5815.454521	-5713.038828	-130823.352137	-113915.777375	-122381.277070	-140084.596286
-6071.627864	-5697.996104	-5914.428045	-5734.272985	-59796.593761	-117922.193458	-87676.215193	-112497.849762
-5950.839037	-6206.855918	-5801.641143	-5712.278868	-130822.927454	-113914.480974	-122380.695925	-140084.171603
-121.660545	-5482.458232	-4745.029479	-5437.017135	-59665.299614	-117645.702379	-89045.639520	-111757.917614
-3294.021284	-4846.998137	-5829.759637	-5723.655906	-130831.108192	-113926.305047	-122389.837788	-140093.268763
-3281.459603	-4827.440360	-5829.312602	-5721.443083	-130828.537742	-113923.376968	-122386.797951	-140089.714836
-3203.608478	-5584.493945	-5371.750041	-5582.392881	-59712.506498	-117780.997489	-88390.353428	-112118.138327
-6473.221656	-6524.898890	-5799.964762	-5707.652057	-130819.462933	-113909.742404	-122376.829073	-140080.170641
-4773.527953	-5632.103161	-5679.913542	-5643.860178	-59763.915511	-117836.183946	-88085.721503	-112273.147675
-3763.966711	-5102.880907	-5818.270840	-5718.917336	-130826.280216	-113920.873573	-122384.518073	-140087.680827
1327.850083	-5446.427220	-4458.256597	-5390.994893	-59627.122835	-117604.016376	-89250.314444	-111648.215252
-5330.376962	-5819.366076	-5815.454521	-5713.038828	-130823.352137	-113915.777375	-122381.277070	-140084.596286
-6071.627864	-5697.996104	-5914.428045	-5734.272985	-59796.593761	-117922.193458	-87676.215193	-112497.849762
-5950.839037	-6206.855918	-5801.641143	-5712.278868	-130822.927454	-113914.480974	-122380.695925	-140084.171603
-121.660545	-5482.458232	-4745.029479	-5437.017135	-59665.299614	-117645.702379	-89045.639520	-111757.917614
-3294.021284	-4846.998137	-5829.759637	-5723.655906	-130831.108192	-113926.305047	-122389.837788	-140093.268763
-3143.594044	-5583.085785	-5366.385623	-5579.151878	-59715.009894	-117778.874073	-88414.448609	-112106.895400
-6476.485011	-6528.966907	-5800.210631	-5709.663714	-130821.966329	-113912.491669	-122379.712448	-140083.635161
-4896.954286	-5638.473408	-5708.993162	-5651.280958	-59771.246883	-117844.141167	-88060.866363	-112288.726841
-3861.040337	-5161.911865	-5819.947221	-5722.583022	-130830.392937	-113925.098053	-122388.899015	-140092.508804
1318.395295	-5450.092906	-4491.158365	-5394.146489	-59632.420198	-117607.793821	-89258.003444	-111649.399894
-5304.247773	-5810.425378	-5816.639163	-5716.011610	-130826.481381	-113919.331303	-122384.853349	-140088.619600
-6074.958274	-5698.957229	-5919.256022	-5734.854130	-59799.834764	-117923.333397	-87680.193803	-112497.916817
-6007.277192	-6239.668279	-5798.422491	-5711.295391	-130822.368660	-113914.257457	-122380.360649	-140084.462176
-293.612515	-5485.788642	-4803.255773	-5441.643946	-59668.339451	-117650.373894	-89017.565729	-111771.239253
-3350.772363	-4893.065082	-5827.323297	-5723.097113	-130830.795268	-113926.439157	-122389.949547	-140093.782853
-3074.325988	-5579.889486	-5356.752021	-5574.368605	-59713.847603	-117774.895462	-88434.229903	-112095.965397
-6478.876648	-6531.716172	-5797.260201	-5708.479072	-130821.116963	-113911.865820	-122379.220710	-140083.433996
-5012.311639	-5642.966109	-5733.244805	-5656.913597	-59775.225493	-117849.840862	-88033.574883	-112303.590751
-3979.057548	-5234.487979	-5815.387465	-5720.034924	-130828.291873	-113923.198154	-122387.177931	-140091.190051
-3861.040337	-5161.911865	-5819.947221	-5722.583022	-130830.392937	-113925.098053	-122388.899015	-140092.508804
1318.395295	-5450.092906	-4491.158365	-5394.146489	-59632.420198	-117607.793821	-89258.003444	-111649.399894
-5304.247773	-5810.425378	-5816.639163	-5716.011610	-130826.481381	-113919.331303	-122384.853349	-140088.619600
-6074.958274	-5698.957229	-5919.256022	-5734.854130	-59799.834764	-117923.333397	-87680.193803	-112497.916817
-6007.277192	-6239.668279	-5798.422491	-5711.295391	-130822.368660	-113914.257457	-122380.360649	-140084.462176
-293.612515	-5485.788642	-4803.255773	-5441.643946	-59668.339451	-117650.373894	-89017.565729	-111771.239253
-3350.772363	-4893.065082	-5827.323297	-5723.097113	-130830.795268	-113926.439157	-122389.949547	-140093.782853
-3074.325988	-5579.889486	-5356.752021	-5574.368605	-59713.847603	-117774.895462	-88434.229903	-112095.965397
-6478.876648	-6531.716172	-5797.260201	-5708.479072	-130821.116963	-113911.865820	-122379.220710	-140083.433996
-5012.311639	-5642.966109	-5733.244805	-5656.913597	-59775.225493	-117849.840862	-88033.574883	-112303.590751
-3979.057548	-5234.487979	-5815.387465	-5720.034924	-130828.291873	-113923.198154	-122387.177931	-140091.190051
1307.957030	-5447.790676	-4523.613098	-5391.084300	-59632.442550	-117605.245722	-89261.244447	-111645.398932
-5281.918380	-5804.345704	-5813.845195	-5714.603450	-130825.296739	-113918.526640	-122384.003983	-140088.261972
-6070.890256	-5699.292505	-5920.507720	-5734.675316	-59801.622904	-117923.758080	-87682.585440	-112497.335672
-6057.300396	-6271.206590	-5798.601305	-5713.105883	-130824.536779	-113916.649093	-122382.841692	-140087.300847
-450.275892	-5493.432938	-4853.256625	-5450.405830	-59676.967225	-117659.247537	-88997.270345	-111787.936007
-3377.281532	-4919.462492	-5826.518634	-5723.678258	-130831.599931	-113927.377931	-122391.022431	-140095.123958
-2984.628437	-5576.022634	-5343.273919	-5568.914779	-59713.132347	-117770.179244	-88456.425185	-112083.001385
-6476.976750	-6530.643288	-5795.784986	-5707.875575	-130820.647576	-113911.754061	-122379.176006	-140083.813975
-5112.849785	-5646.475333	-5753.853113	-5661.875684	-59779.740546	-117854.713542	-88007.557453	-112316.599466
-4054.628796	-5274.341139	-5813.509919	-5719.409075	-130827.956596	-113923.153451	-122387.244986	-140091.681789
1324.430266	-5447.410696	-4542.008584	-5390.100824	-59634.677724	-117604.798687	-89268.017026	-111642.180281
-5239.003031	-5784.072671	-5814.247526	-5715.631630	-130826.391974	-113920.001855	-122385.613309	-140090.295981
-6056.585140	-5698.689008	-5920.284202	-5733.736543	-59803.165174	-117923.154583	-87688.374542	-112494.362890
-6092.683207	-6291.121994	-5794.823861	-5710.490729	-130821.921625	-113914.257457	-122380.718277	-140085.713874
-6070.890256	-5699.292505	-5920.507720	-5734.675316	-59801.622904	-117923.758080	-87682.585440	-112497.335672
-6057.300396	-6271.206590	-5798.601305	-5713.105883	-130824.536779	-113916.649093	-122382.841692	-140087.300847
-450.275892	-5493.432938	-4853.256625	-5450.405830	-59676.967225	-117659.247537	-88997.270345	-111787.936007
-3377.281532	-4919.462492	-5826.518634	-5723.678258	-130831.599931	-113927.377931	-122391.022431	-140095.123958
-2984.628437	-5576.022634	-5343.273919	-5568.914779	-59713.132347	-117770.179244	-88456.425185	-112083.001385
-6476.976750	-6530.643288	-5795.784986	-5707.875575	-130820.647576	-113911.754061	-122379.176006	-140083.813975
-5112.849785	-5646.475333	-5753.853113	-5661.875684	-59779.740546	-117854.713542	-88007.557453	-112316.599466
-4054.628796	-5274.341139	-5813.509919	-5719.409075	-130827.956596	-113923.153451	-122387.244986	-140091.681789
1324.430266	-5447.410696	-4542.008584	-5390.100824	-59634.677724	-117604.798687	-89268.017026	-111642.180281
-5239.003031	-5784.072671	-5814.247526	-5715.631630	-130826.391974	-113920.001855	-122385.613309	-140090.295981
-6056.585140	-5698.689008	-5920.284202	-5733.736543	-59803.165174	-117923.154583	-87688.374542	-112494.362890
-6092.683207	-6291.121994	-5794.823861	-5710.490729	-130821.921625	-113914.257457	-122380.718277	-140085.713874
-593.215298	-5493.656456	-4892.796861	-5451.813990	-59678.129515	-117660.454531	-88970.068272	-111796.429669
-3366.552695	-4918.054333	-5822.987059	-5720.884290	-130828.627149	-113924.852183	-122388.563739	-140093.291115
-2875.417814	-5568.758317	-5324.207881	-5559.817619	-59708.974923	-117761.886747	-88478.218136	-112065.432914
-6466.963168	-6522.306087	-5791.739320	-5704.522813	-130817.361869	-113908.781279	-122376.225576	-140081.511746
-5205.654228	-5650.006908	-5772.785040	-5666.211923	-59783.473287	-117859.228594	-87983.819900	-112327.887097
-4112.519814	-5305.231250	-5812.258221	-5719.185557	-130827.643672	-113923.108747	-122387.490855	-140092.329990
1340.814095	-5445.443743	-4558.146543	-5386.949228	-59635.035352	-117602.384699	-89273.604962	-111636.435883
-5185.336493	-5757.719965	-5813.174643	-5715.229298	-130825.743774	-113919.800689	-122385.456846	-140090.608906
-6039.374297	-5697.794938	-5919.256022	-5732.417790	-59804.282761	-117922.148755	-87696.376466	-112489.758431
-6127.171949	-6311.730303	-5793.750977	-5710.423673	-130821.988681	-113914.525678	-122381.321774	-140086.563240
-741.854398	-5498.439729	-4931.778304	-5457.558388	-59683.516286	-117666.310688	-88948.185915	-111809.125460
-3358.908398	-4918.791940	-5824.752846	-5723.275927	-130831.108192	-113927.735558	-122391.514169	-140096.509766
-2771.236333	-5568.803021	-5310.528613	-5557.828314	-59711.858298	-117760.791512	-88508.840026	-112054.637021
-2875.417814	-5568.758317	-5324.207881	-5559.817619	-59708.974923	-117761.886747	-88478.218136	-112065.432914
-6466.963168	-6522.306087	-5791.739320	-5704.522813	-130817.361869	-113908.781279	-122376.225576	-140081.511746
-5205.654228	-5650.006908	-5772.785040	-5666.211923	-59783.473287	-117859.228594	-87983.819900	-112327.887097
-4112.519814	-5305.231250	-5812.258221	-5719.185557	-130827.643672	-113923.108747	-122387.490855	-140092.329990
1340.814095	-5445.443743	-4558.146543	-5386.949228	-59635.035352	-117602.384699	-89273.604962	-111636.435883
-5185.336493	-5757.719965	-5813.174643	-5715.229298	-130825.743774	-113919.800689	-122385.456846	-140090.608906
-6039.374297	-5697.794938	-5919.256022	-5732.417790	-59804.282761	-117922.148755	-87696.376466	-112489.758431
-6127.171949	-6311.730303	-5793.750977	-5710.423673	-130821.988681	-113914.525678	-122381.321774	-140086.563240
-741.854398	-5498.439729	-4931.778304	-5457.558388	-59683.516286	-117666.310688	-88948.185915	-111809.125460
-3358.908398	-4918.791940	-5824.752846	-5723.275927	-130831.108192	-113927.735558	-122391.514169	-140096.509766
-2771.236333	-5568.803021	-5310.528613	-5557.828314	-59711.858298	-117760.791512	-88508.840026	-112054.637021
-6462.045784	-6519.176843	-5793.460404	-5707.003857	-130819.731154	-113911.552895	-122379.198358	-140084.640990
-5293.563639	-5655.661900	-5790.644084	-5672.962150	-59789.150630	-117865.822359	-87963.591571	-112341.633420
-4175.752899	-5337.417762	-5812.638201	-5720.839586	-130829.297701	-113924.963942	-122389.547216	-140094.721627
1367.926761	-5445.734316	-4558.638282	-5386.479841	-59636.935250	-117602.295292	-89281.785701	-111633.664266
-5130.418257	-5730.070857	-5811.475910	-5714.089360	-130824.536779	-113918.861916	-122384.562777	-140090.139519
-6013.781549	-5696.163260	-5914.539804	-5729.892043	-59803.701616	-117920.092394	-87705.183054	-112484.282253
-6159.961958	-6331.712762	-5792.521631	-5710.244859	-130821.720460	-113914.615084	-122381.411181	-140087.054978
-872.299179	-5502.507747	-4956.029946	-5462.498124	-59687.159620	-117671.049258	-88925.700060	-111821.173051
-3347.106677	-4915.215661	-5822.316506	-5721.577194	-130829.431812	-113926.327399	-122390.173064	-140095.749807
-2643.697279	-5563.997396	-5284.734700	-5551.033384	-59708.974923	-117754.533023	-88534.477476	-112039.013152
-6452.278072	-6511.756064	-5792.745148	-5706.936801	-130819.507637	-113911.709358	-122379.310117	-140085.356246
-5363.479896	-5657.628853	-5801.976419	-5675.845525	-59790.581142	-117868.616327	-87941.418641	-112350.819987
-4222.780969	-5359.478934	-5808.458425	-5717.509176	-130825.900236	-113921.857050	-122386.552082	-140092.262935
1406.617630	-5442.940348	-4550.591654	-5382.769451	-59635.281221	-117598.808420	-89285.630201	-111627.249316
1367.926761	-5445.734316	-4558.638282	-5386.479841	-59636.935250	-117602.295292	-89281.785701	-111633.664266
-5130.418257	-5730.070857	-5811.475910	-5714.089360	-130824.536779	-113918.861916	-122384.562777	-140090.139519
-6013.781549	-5696.163260	-5914.539804	-5729.892043	-59803.701616	-117920.092394	-87705.183054	-112484.282253
-6159.961958	-6331.712762	-5792.521631	-5710.244859	-130821.720460	-113914.615084	-122381.411181	-140087.054978
-872.299179	-5502.507747	-4956.029946	-5462.498124	-59687.159620	-117671.049258	-88925.700060	-111821.173051
-3347.106677	-4915.215661	-5822.316506	-5721.577194	-130829.431812	-113926.327399	-122390.173064	-140095.749807
-2643.697279	-5563.997396	-5284.734700	-5551.033384	-59708.974923	-117754.533023	-88534.477476	-112039.013152
-6452.278072	-6511.756064	-5792.745148	-5706.936801	-130819.507637	-113911.709358	-122379.310117	-140085.356246
-5363.479896	-5657.628853	-5801.976419	-5675.845525	-59790.581142	-117868.616327	-87941.418641	-112350.819987
-4222.780969	-5359.478934	-5808.458425	-5717.509176	-130825.900236	-113921.857050	-122386.552082	-140092.262935
1406.617630	-5442.940348	-4550.591654	-5382.769451	-59635.281221	-117598.808420	-89285.630201	-111627.249316
-5068.034538	-5697.951400	-5808.994866	-5711.720075	-130822.078088	-113916.894962	-122382.618175	-140088.597249
-5977.728185	-5690.620028	-5905.263830	-5723.342982	-59799.119508	-117913.990368	-87710.480417	-112473.866340
-6181.576095	-6343.134504	-5787.581895	-5705.863918	-130817.406573	-113910.502364	-122377.566681	-140083.657513
-992.238640	-5503.468872	-4973.397252	-5464.353319	-59687.629007	-117672.680935	-88899.325001	-111829.398493
-3310.092188	-4895.300257	-5821.020105	-5720.683124	-130828.336576	-113925.545088	-122389.614271	-140095.481586
-2515.018286	-5559.303529	-5258.046717	-5544.260805	-59706.180955	-117748.498052	-88558.595009	-112022.986951
-6439.358764	-6501.876593	-5793.460404	-5707.473243	-130820.088782	-113912.491669	-122380.293593	-140086.674999
-5430.155150	-5661.540408	-5813.979306	-5680.181763	-59793.509220	-117873.041972	-87920.542111	-112360.565348
-4255.906255	-5370.610102	-5807.832576	-5716.972735	-130825.564960	-113921.700587	-122386.552082	-140092.687618
1443.162733	-5441.241615	-4535.995965	-5379.975483	-59634.409503	-117596.372079	-89288.558279	-111621.393159
-4998.744130	-5661.428650	-5811.431207	-5713.731732	-130823.977986	-113919.130137	-122384.987460	-140091.346513
-5943.641775	-5691.737615	-5900.927591	-5723.231223	-59800.371206	-117914.303293	-87722.192731	-112468.926605
-6205.447758	-6358.646614	-5790.107642	-5708.032037	-130819.552340	-113912.894000	-122380.137131	-140086.742054
-1104.913784	-5508.118034	-4984.841345	-5469.717737	-59690.914713	-117677.821836	-88874.782786	-111840.753179
-992.238640	-5503.468872	-4973.397252	-5464.353319	-59687.629007	-117672.680935	-88899.325001	-111829.398493
-3310.092188	-4895.300257	-5821.020105	-5720.683124	-130828.336576	-113925.545088	-122389.614271	-140095.481586
-2515.018286	-5559.303529	-5258.046717	-5544.260805	-59706.180955	-117748.498052	-88558.595009	-112022.986951
-6439.358764	-6501.876593	-5793.460404	-5707.473243	-130820.088782	-113912.491669	-122380.293593	-140086.674999
-5430.155150	-5661.540408	-5813.979306	-5680.181763	-59793.509220	-117873.041972	-87920.542111	-112360.565348
-4255.906255	-5370.610102	-5807.832576	-5716.972735	-130825.564960	-113921.700587	-122386.552082	-140092.687618
1443.162733	-5441.241615	-4535.995965	-5379.975483	-59634.409503	-117596.372079	-89288.558279	-111621.393159
-4998.744130	-5661.428650	-5811.431207	-5713.731732	-130823.977986	-113919.130137	-122384.987460	-140091.346513
-5943.641775	-5691.737615	-5900.927591	-5723.231223	-59800.371206	-117914.303293	-87722.192731	-112468.926605
-6205.447758	-6358.646614	-5790.107642	-5708.032037	-130819.552340	-113912.894000	-122380.137131	-140086.742054
-1104.913784	-5508.118034	-4984.841345	-5469.717737	-59690.914713	-117677.821836	-88874.782786	-111840.753179
-3259.621949	-4866.511210	-5822.092989	-5721.398380	-130828.962425	-113926.506213	-122390.575396	-140096.934449
-2363.048776	-5553.939111	-5221.501615	-5536.795323	-59701.598847	-117741.569011	-88581.103215	-112005.485535
-6420.695057	-6487.012683	-5792.566334	-5705.550993	-130818.166532	-113910.949398	-122378.796027	-140085.646818
-5483.508764	-5661.540408	-5818.919041	-5680.897019	-59791.274046	-117873.578414	-87893.496501	-112366.600319
-4282.728348	-5377.181515	-5806.066788	-5714.894022	-130823.419192	-113919.890096	-122384.920405	-140091.570031
1504.004181	-5439.900510	-4501.842499	-5378.276751	-59632.464902	-117594.695699	-89288.871204	-111616.475775
-4919.149568	-5618.714466	-5813.509919	-5714.871671	-130824.983814	-113920.538297	-122386.529730	-140093.291115
-5895.630228	-5690.307103	-5891.629266	-5720.973697	-59797.778403	-117912.492801	-87729.188827	-112462.310488
-6225.944308	-6370.247170	-5789.437090	-5706.780339	-130818.524160	-113911.999930	-122379.444227	-140086.496185
-1212.000991	-5509.570898	-4986.428319	-5472.578761	-59689.618312	-117680.392287	-88843.557399	-111850.230318
-3206.558908	-4833.207111	-5821.243622	-5719.856110	-130827.554265	-113925.343922	-122389.726030	-140096.487414
-2195.567154	-5548.865265	-5178.429804	-5530.156854	-59696.145021	-117735.466985	-88602.560890	-111989.168762
-6403.193641	-6473.936912	-5793.885087	-5705.908621	-130818.524160	-113911.731709	-122379.734800	-140086.965571
-5535.051886	-5665.653129	-5826.362172	-5686.194382	-59791.899895	-117878.786371	-87869.535431	-112377.731487
-5483.508764	-5661.540408	-5818.919041	-5680.897019	-59791.274046	-117873.578414	-87893.496501	-112366.600319
-4282.728348	-5377.181515	-5806.066788	-5714.894022	-130823.419192	-113919.890096	-122384.920405	-140091.570031
1504.004181	-5439.900510	-4501.842499	-5378.276751	-59632.464902	-117594.695699	-89288.871204	-111616.475775
-4919.149568	-5618.714466	-5813.509919	-5714.871671	-130824.983814	-113920.538297	-122386.529730	-140093.291115
-5895.630228	-5690.307103	-5891.629266	-5720.973697	-59797.778403	-117912.492801	-87729.188827	-112462.310488
-6225.944308	-6370.247170	-5789.437090	-5706.780339	-130818.524160	-113911.999930	-122379.444227	-140086.496185
-1212.000991	-5509.570898	-4986.428319	-5472.578761	-59689.618312	-117680.392287	-88843.557399	-111850.230318
-3206.558908	-4833.207111	-5821.243622	-5719.856110	-130827.554265	-113925.343922	-122389.726030	-140096.487414
-2195.567154	-5548.865265	-5178.429804	-5530.156854	-59696.145021	-117735.466985	-88602.560890	-111989.168762
-6403.193641	-6473.936912	-5793.885087	-5705.908621	-130818.524160	-113911.731709	-122379.734800	-140086.965571
-5535.051886	-5665.653129	-5826.362172	-5686.194382	-59791.899895	-117878.786371	-87869.535431	-112377.731487
-4310.511566	-5385.764585	-5807.184375	-5715.922203	-130824.492076	-113921.231201	-122386.417971	-140093.536984
1565.203257	-5438.090019	-4458.591873	-5376.287446	-59629.179195	-117592.594635	-89287.686561	-111612.005426
-4831.083695	-5569.384166	-5810.939468	-5711.474205	-130821.474590	-113917.476108	-122383.445189	-140090.675961
-5837.627451	-5683.512173	-5875.804231	-5713.798787	-59789.172982	-117905.563760	-87731.625167	-112450.329953
-6244.183331	-6380.998359	-5788.028930	-5704.902793	-130816.624262	-113910.524715	-122378.103122	-140085.624467
-1314.126112	-5511.493148	-4982.472060	-5475.976226	-59688.344263	-117683.454476	-88813.159026	-111860.087438
-3142.632919	-4792.459880	-5818.181433	-5716.570403	-130824.134448	-113922.460547	-122386.775599	-140094.006371
-2025.492731	-5540.550416	-5126.752570	-5520.210328	-59687.360786	-117726.191011	-88620.196416	-111969.409820
-6380.953655	-6456.904883	-5790.867602	-5702.354694	-130814.791419	-113908.401300	-122376.493797	-140084.216307
-5575.977931	-5665.563722	-5828.709105	-5687.133156	-59789.083575	-117879.747496	-87842.981558	-112383.475886
-4327.878872	-5386.032806	-5806.513823	-5715.072836	-130823.754468	-113920.717111	-122386.149750	-140093.671095
1632.124380	-5437.464170	-4406.042922	-5374.991044	-59627.614573	-117591.789972	-89287.105416	-111607.557429
-4740.425019	-5519.182148	-5813.711085	-5713.619973	-130823.575654	-113919.979503	-122385.970937	-140093.738150
-5782.619808	-5683.489821	-5867.444678	-5712.971772	-59788.904761	-117905.295540	-87741.839915	-112443.691485
-4831.083695	-5569.384166	-5810.939468	-5711.474205	-130821.474590	-113917.476108	-122383.445189	-140090.675961
-5837.627451	-5683.512173	-5875.804231	-5713.798787	-59789.172982	-117905.563760	-87731.625167	-112450.329953
-6244.183331	-6380.998359	-5788.028930	-5704.902793	-130816.624262	-113910.524715	-122378.103122	-140085.624467
-1314.126112	-5511.493148	-4982.472060	-5475.976226	-59688.344263	-117683.454476	-88813.159026	-111860.087438
-3142.632919	-4792.459880	-5818.181433	-5716.570403	-130824.134448	-113922.460547	-122386.775599	-140094.006371
-2025.492731	-5540.550416	-5126.752570	-5520.210328	-59687.360786	-117726.191011	-88620.196416	-111969.409820
-6380.953655	-6456.904883	-5790.867602	-5702.354694	-130814.791419	-113908.401300	-122376.493797	-140084.216307
-5575.977931	-5665.563722	-5828.709105	-5687.133156	-59789.083575	-117879.747496	-87842.981558	-112383.475886
-4327.878872	-5386.032806	-5806.513823	-5715.072836	-130823.754468	-113920.717111	-122386.149750	-140093.671095
1632.124380	-5437.464170	-4406.042922	-5374.991044	-59627.614573	-117591.789972	-89287.105416	-111607.557429
-4740.425019	-5519.182148	-5813.711085	-5713.619973	-130823.575654	-113919.979503	-122385.970937	-140093.738150
-5782.619808	-5683.489821	-5867.444678	-5712.971772	-59788.904761	-117905.295540	-87741.839915	-112443.691485
-6262.131782	-6392.196583	-5788.006578	-5704.902793	-130816.758372	-113910.837640	-122378.639564	-140086.563240
-1409.970392	-5514.242412	-4980.147479	-5479.932485	-59689.595960	-117687.298976	-88784.012352	-111869.385763
-3063.150115	-4737.340479	-5819.388428	-5717.397418	-130824.894407	-113923.555782	-122387.960242	-140095.638048
-1854.144258	-5536.214177	-5078.606913	-5514.153005	-59684.388004	-117720.781889	-88642.212885	-111952.422494
-6360.032423	-6441.951566	-5792.521631	-5703.539336	-130815.998413	-113910.077680	-122378.036067	-140086.205612
-5623.564794	-5668.357690	-5837.180416	-5690.843545	-59791.139935	-117883.547292	-87821.479180	-112390.248464
-4348.330718	-5388.983236	-5805.753864	-5714.312877	-130823.061564	-113920.381835	-122385.747419	-140093.805205
1674.235067	-5433.194987	-4376.672730	-5370.252475	-59624.015942	-117587.386678	-89282.009218	-111599.153173
-4637.964623	-5459.592397	-5809.218384	-5708.568479	-130818.390050	-113915.352692	-122381.254718	-140089.424263
-5717.531528	-5673.990330	-5850.435001	-5702.555859	-59780.299339	-117895.393717	-87745.997339	-112425.653628
-6270.759555	-6394.968199	-5783.379767	-5699.896002	-130811.796285	-113906.255532	-122374.057457	-140082.405815
-1528.099361	-5513.728322	-4999.615848	-5480.491278	-59688.344263	-117687.790714	-88752.049357	-111874.884292
-3000.945211	-4698.694312	-5817.197957	-5714.983429	-130822.636881	-113921.566477	-122386.149750	-140094.162833
-1854.144258	-5536.214177	-5078.606913	-5514.153005	-59684.388004	-117720.781889	-88642.212885	-111952.422494
-6360.032423	-6441.951566	-5792.521631	-5703.539336	-130815.998413	-113910.077680	-122378.036067	-140086.205612
-5623.564794	-5668.357690	-5837.180416	-5690.843545	-59791.139935	-117883.547292	-87821.479180	-112390.248464
-4348.330718	-5388.983236	-5805.753864	-5714.312877	-130823.061564	-113920.381835	-122385.747419	-140093.805205
1674.235067	-5433.194987	-4376.672730	-5370.252475	-59624.015942	-117587.386678	-89282.009218	-111599.153173
-4637.964623	-5459.592397	-5809.218384	-5708.568479	-130818.390050	-113915.352692	-122381.254718	-140089.424263
-5717.531528	-5673.990330	-5850.435001	-5702.555859	-59780.299339	-117895.393717	-87745.997339	-112425.653628
-6270.759555	-6394.968199	-5783.379767	-5699.896002	-130811.796285	-113906.255532	-122374.057457	-140082.405815
-1528.099361	-5513.728322	-4999.615848	-5480.491278	-59688.344263	-117687.790714	-88752.049357	-111874.884292
-3000.945211	-4698.694312	-5817.197957	-5714.983429	-130822.636881	-113921.566477	-122386.149750	-140094.162833
-1708.097960	-5530.000392	-5045.436924	-5506.039322	-59679.984710	-117713.651683	-88663.692911	-111933.244697
-6332.830350	-6421.767941	-5793.259238	-5703.271115	-130815.864303	-113910.345901	-122378.371343	-140086.943220
-5672.872743	-5669.877609	-5845.495265	-5692.922258	-59791.586970	-117885.827170	-87800.759113	-112395.277607
-4380.249009	-5398.058045	-5805.575050	-5713.843490	-130822.905102	-113920.493593	-122386.172102	-140094.386350
1683.466337	-5434.200815	-4373.722300	-5370.967730	-59625.513509	-117588.325451	-89281.718645	-111597.096812
-4551.530427	-5413.100769	-5814.672210	-5713.083531	-130823.106268	-113920.404186	-122386.574434	-140094.967496
-5668.402394	-5677.432499	-5846.478742	-5705.014551	-59783.830915	-117898.344147	-87763.632865	-112421.630314
-6295.793509	-6412.626077	-5792.633390	-5708.210851	-130820.312300	-113915.062119	-122383.132265	-140091.882955
-1658.164162	-5525.507692	-5028.829578	-5493.768214	-59698.201382	-117700.933540	-88731.463400	-111895.202028
-2977.542934	-4686.020873	-5824.618736	-5721.957174	-130829.543570	-113929.009608	-122393.659937	-140102.097702
-1563.057490	-5532.280270	-5016.066732	-5506.754578	-59682.510457	-117714.925732	-88692.861938	-111924.885145
-6314.993657	-6410.569717	-5798.534250	-5707.607354	-130820.222893	-113915.062119	-122383.176968	-140092.262935
-5718.425598	-5674.459717	-5854.033632	-5698.554897	-59793.263351	-117891.258644	-87782.743607	-112406.028796
-4443.146818	-5431.764475	-5807.609058	-5715.653982	-130824.849704	-113922.572306	-122388.407277	-140097.113263
1702.867651	-5437.531225	-4361.853523	-5374.342844	-59627.525166	-117591.700565	-89283.193860	-111600.091946
1683.466337	-5434.200815	-4373.722300	-5370.967730	-59625.513509	-117588.325451	-89281.718645	-111597.096812
-4551.530427	-5413.100769	-5814.672210	-5713.083531	-130823.106268	-113920.404186	-122386.574434	-140094.967496
-5668.402394	-5677.432499	-5846.478742	-5705.014551	-59783.830915	-117898.344147	-87763.632865	-112421.630314
-6295.793509	-6412.626077	-5792.633390	-5708.210851	-130820.312300	-113915.062119	-122383.132265	-140091.882955
-1658.164162	-5525.507692	-5028.829578	-5493.768214	-59698.201382	-117700.933540	-88731.463400	-111895.202028
-2977.542934	-4686.020873	-5824.618736	-5721.957174	-130829.543570	-113929.009608	-122393.659937	-140102.097702
-1563.057490	-5532.280270	-5016.066732	-5506.754578	-59682.510457	-117714.925732	-88692.861938	-111924.885145
-6314.993657	-6410.569717	-5798.534250	-5707.607354	-130820.222893	-113915.062119	-122383.176968	-140092.262935
-5718.425598	-5674.459717	-5854.033632	-5698.554897	-59793.263351	-117891.258644	-87782.743607	-112406.028796
-4443.146818	-5431.764475	-5807.609058	-5715.653982	-130824.849704	-113922.572306	-122388.407277	-140097.113263
1702.867651	-5437.531225	-4361.853523	-5374.342844	-59627.525166	-117591.700565	-89283.193860	-111600.091946
-4490.800737	-5385.786937	-5820.461311	-5718.000915	-130828.023652	-113925.679198	-122391.894149	-140100.823653
-5606.845690	-5679.712377	-5838.208596	-5706.869746	-59784.859095	-117900.445211	-87781.447206	-112418.612828
-6318.569937	-6427.422932	-5794.645047	-5709.551955	-130821.854570	-113916.872611	-122385.032163	-140094.296943
-1775.935504	-5530.201558	-5049.348479	-5500.138462	-59700.101280	-117706.946159	-88704.797769	-111909.864773
-2978.794632	-4688.434862	-5825.691620	-5722.605374	-130830.392937	-113929.926029	-122394.866931	-140103.751731
-1409.657468	-5529.374543	-4979.767499	-5502.328933	-59679.515324	-117710.947121	-88718.342926	-111912.234057
-6296.821689	-6398.432720	-5801.037645	-5709.037865	-130821.742811	-113916.850259	-122385.278032	-140094.833385
-5763.240846	-5678.840659	-5862.862571	-5704.031075	-59795.342063	-117896.690118	-87766.918572	-112416.891744
-4504.390598	-5460.955854	-5807.139672	-5714.692857	-130824.045041	-113922.058215	-122388.139056	-140097.403836
1711.003686	-5434.580795	-4351.124686	-5371.347710	-59624.060646	-117588.928949	-89279.706988	-111596.828591
-4419.275155	-5345.911425	-5816.259183	-5712.904717	-130823.106268	-113921.141794	-122387.379096	-140096.800339
-5540.103381	-5672.783336	-5822.338858	-5698.957229	-59777.661833	-117892.800914	-87791.773712	-112405.425299
-6336.093704	-6438.062362	-5792.991017	-5707.361484	-130820.066431	-113915.151526	-122383.579300	-140093.335818
-1903.496910	-5534.403686	-5075.723538	-5505.659342	-59702.358806	-117712.154116	-88678.512118	-111923.029950
-6318.569937	-6427.422932	-5794.645047	-5709.551955	-130821.854570	-113916.872611	-122385.032163	-140094.296943
-1775.935504	-5530.201558	-5049.348479	-5500.138462	-59700.101280	-117706.946159	-88704.797769	-111909.864773
-2978.794632	-4688.434862	-5825.691620	-5722.605374	-130830.392937	-113929.926029	-122394.866931	-140103.751731
-1409.657468	-5529.374543	-4979.767499	-5502.328933	-59679.515324	-117710.947121	-88718.342926	-111912.234057
-6296.821689	-6398.432720	-5801.037645	-5709.037865	-130821.742811	-113916.850259	-122385.278032	-140094.833385
-5763.240846	-5678.840659	-5862.862571	-5704.031075	-59795.342063	-117896.690118	-87766.918572	-112416.891744
-4504.390598	-5460.955854	-5807.139672	-5714.692857	-130824.045041	-113922.058215	-122388.139056	-140097.403836
1711.003686	-5434.580795	-4351.124686	-5371.347710	-59624.060646	-117588.928949	-89279.706988	-111596.828591
-4419.275155	-5345.911425	-5816.259183	-5712.904717	-130823.106268	-113921.141794	-122387.379096	-140096.800339
-5540.103381	-5672.783336	-5822.338858	-5698.957229	-59777.661833	-117892.800914	-87791.773712	-112405.425299
-6336.093704	-6438.062362	-5792.991017	-5707.361484	-130820.066431	-113915.151526	-122383.579300	-140093.335818
-1903.496910	-5534.403686	-5075.723538	-5505.659342	-59702.358806	-117712.154116	-88678.512118	-111923.029950
-2970.233914	-4682.243428	-5825.423399	-5722.046581	-130830.080012	-113929.970733	-122394.889283	-140104.310525
-1271.166059	-5523.853662	-4949.659699	-5495.131671	-59674.866161	-117704.331005	-88741.968720	-111896.140801
-6273.039433	-6382.205353	-5801.574087	-5708.881403	-130821.854570	-113917.230239	-122385.635660	-140095.660400
-5812.235869	-5682.372234	-5872.764393	-5708.054389	-59797.219610	-117900.780487	-87752.300531	-112425.161889
-4572.272846	-5497.657418	-5808.816053	-5716.458644	-130826.190809	-113924.338093	-122390.508341	-140100.398970
1682.929895	-5439.073496	-4374.884590	-5375.616893	-59628.508643	-117593.198132	-89282.120977	-111600.896609
-4358.366651	-5318.798759	-5820.662477	-5717.039790	-130827.286044	-113925.634494	-122391.894149	-140101.896537
-5487.777947	-5672.850391	-5816.102721	-5697.951400	-59778.064165	-117892.398583	-87812.203206	-112398.160982
-6353.572768	-6449.506456	-5793.773329	-5708.009685	-130820.848742	-113916.224410	-122384.808646	-140094.967496
-2052.158362	-5538.225834	-5120.024695	-5510.956706	-59704.795147	-117717.205610	-88653.008777	-111936.105721
-2970.904466	-4686.512612	-5824.216404	-5720.839586	-130829.096535	-113929.277829	-122394.352841	-140104.154063
-1156.702776	-5517.773988	-4934.751086	-5487.286209	-59670.127591	-117697.223150	-88766.689750	-111879.779325
-6247.871369	-6364.905103	-5799.875355	-5706.914450	-130820.133486	-113915.889134	-122384.406314	-140094.676923
-6273.039433	-6382.205353	-5801.574087	-5708.881403	-130821.854570	-113917.230239	-122385.635660	-140095.660400
-5812.235869	-5682.372234	-5872.764393	-5708.054389	-59797.219610	-117900.780487	-87752.300531	-112425.161889
-4572.272846	-5497.657418	-5808.816053	-5716.458644	-130826.190809	-113924.338093	-122390.508341	-140100.398970
1682.929895	-5439.073496	-4374.884590	-5375.616893	-59628.508643	-117593.198132	-89282.120977	-111600.896609
-4358.366651	-5318.798759	-5820.662477	-5717.039790	-130827.286044	-113925.634494	-122391.894149	-140101.896537
-5487.777947	-5672.850391	-5816.102721	-5697.951400	-59778.064165	-117892.398583	-87812.203206	-112398.160982
-6353.572768	-6449.506456	-5793.773329	-5708.009685	-130820.848742	-113916.224410	-122384.808646	-140094.967496
-2052.158362	-5538.225834	-5120.024695	-5510.956706	-59704.795147	-117717.205610	-88653.008777	-111936.105721
-2970.904466	-4686.512612	-5824.216404	-5720.839586	-130829.096535	-113929.277829	-122394.352841	-140104.154063
-1156.702776	-5517.773988	-4934.751086	-5487.286209	-59670.127591	-117697.223150	-88766.689750	-111879.779325
-6247.871369	-6364.905103	-5799.875355	-5706.914450	-130820.133486	-113915.889134	-122384.406314	-140094.676923
-5864.136620	-5685.769699	-5884.655521	-5712.323572	-59799.655950	-117905.228484	-87740.945845	-112434.236697
-4630.655602	-5526.714686	-5809.576012	-5717.285659	-130827.509561	-113925.790957	-122392.318832	-140102.500034
1654.051441	-5440.459304	-4388.653265	-5377.159164	-59629.827396	-117595.098030	-89284.400855	-111602.684748
-4288.293932	-5283.795927	-5823.121169	-5719.185557	-130829.498867	-113928.272000	-122394.710469	-140104.981077
-5433.731429	-5673.163315	-5810.380675	-5697.526717	-59779.338214	-117892.532693	-87836.074869	-112392.438935
-6376.483306	-6465.756174	-5793.885087	-5708.747293	-130821.720460	-113917.498460	-122386.082695	-140096.755635
-2192.594372	-5542.807942	-5151.272434	-5517.639878	-59708.371426	-117723.598209	-88630.992309	-111951.461369
-2982.840298	-4692.815804	-5824.819902	-5721.420732	-130830.012957	-113930.462471	-122395.626890	-140105.964554
-1024.827483	-5516.857566	-4911.706437	-5485.341607	-59670.284053	-117695.926749	-88797.892785	-111869.922205
-6228.782979	-6353.438658	-5802.468157	-5709.373141	-130822.815695	-113918.884268	-122387.535559	-140098.253202
-5908.281315	-5689.614199	-5894.020902	-5717.330362	-59802.293456	-117910.145868	-87731.446353	-112444.250279
-4712.932374	-5572.088727	-5808.771349	-5717.375066	-130827.822486	-113926.349750	-122392.967033	-140103.617621
1617.640450	-5442.605071	-4408.747483	-5379.707262	-59633.470730	-117597.735536	-89288.670038	-111606.193972
-4244.372755	-5267.322691	-5823.322335	-5719.766703	-130830.348233	-113929.478995	-122396.029222	-140106.702162
-4288.293932	-5283.795927	-5823.121169	-5719.185557	-130829.498867	-113928.272000	-122394.710469	-140104.981077
-5433.731429	-5673.163315	-5810.380675	-5697.526717	-59779.338214	-117892.532693	-87836.074869	-112392.438935
-6376.483306	-6465.756174	-5793.885087	-5708.747293	-130821.720460	-113917.498460	-122386.082695	-140096.755635
-2192.594372	-5542.807942	-5151.272434	-5517.639878	-59708.371426	-117723.598209	-88630.992309	-111951.461369
-2982.840298	-4692.815804	-5824.819902	-5721.420732	-130830.012957	-113930.462471	-122395.626890	-140105.964554
-1024.827483	-5516.857566	-4911.706437	-5485.341607	-59670.284053	-117695.926749	-88797.892785	-111869.922205
-6228.782979	-6353.438658	-5802.468157	-5709.373141	-130822.815695	-113918.884268	-122387.535559	-140098.253202
-5908.281315	-5689.614199	-5894.020902	-5717.330362	-59802.293456	-117910.145868	-87731.446353	-112444.250279
-4712.932374	-5572.088727	-5808.771349	-5717.375066	-130827.822486	-113926.349750	-122392.967033	-140103.617621
1617.640450	-5442.605071	-4408.747483	-5379.707262	-59633.470730	-117597.735536	-89288.670038	-111606.193972
-4244.372755	-5267.322691	-5823.322335	-5719.766703	-130830.348233	-113929.478995	-122396.029222	-140106.702162
-5372.197076	-5670.682272	-5800.277686	-5694.553935	-59778.466496	-117890.074002	-87858.516021	-112383.900569
-6397.561001	-6480.485973	-5793.706273	-5709.082569	-130822.547474	-113918.571343	-122387.446152	-140098.432016
-2347.156685	-5548.999375	-5194.388949	-5525.507692	-59715.054597	-117731.600133	-88611.389829	-111968.113419
-3024.302784	-4724.756446	-5825.266936	-5723.186520	-130831.935207	-113932.719997	-122397.996175	-140108.758522
-916.063895	-5515.471758	-4900.307047	-5482.592342	-59672.876855	-117694.004499	-88831.666271	-111859.126313
-6208.644057	-6341.212254	-5802.468157	-5710.490729	-130823.977986	-113920.448890	-122389.077829	-140100.376618
-5955.443496	-5692.072891	-5904.503871	-5720.996049	-59806.495584	-117913.990368	-87724.673775	-112451.894576
-4788.503622	-5612.545384	-5804.837442	-5715.274002	-130825.922588	-113924.628666	-122391.402410	-140102.388275
1561.738737	-5439.878159	-4437.424771	-5377.405033	-59633.157806	-117595.634472	-89285.920773	-111604.808164
-4193.142556	-5244.479209	-5818.673172	-5716.145720	-130826.749602	-113926.237992	-122392.765867	-140103.952897
-5311.757959	-5664.066155	-5788.140689	-5686.887287	-59774.689051	-117883.055554	-87878.744349	-112369.573101
-6412.089635	-6489.784299	-5789.526497	-5706.445063	-130820.021727	-113916.157355	-122385.233329	-140096.643877
-2500.579059	-5551.703936	-5235.650269	-5529.978040	-59718.407359	-117735.779910	-88586.557041	-111980.652747
-3044.464057	-4738.882749	-5820.506015	-5719.789054	-130828.649500	-113929.613105	-122395.135152	-140106.255127
-3024.302784	-4724.756446	-5825.266936	-5723.186520	-130831.935207	-113932.719997	-122397.996175	-140108.758522
-916.063895	-5515.471758	-4900.307047	-5482.592342	-59672.876855	-117694.004499	-88831.666271	-111859.126313
-6208.644057	-6341.212254	-5802.468157	-5710.490729	-130823.977986	-113920.448890	-122389.077829	-140100.376618
-5955.443496	-5692.072891	-5904.503871	-5720.996049	-59806.495584	-117913.990368	-87724.673775	-112451.894576
-4788.503622	-5612.545384	-5804.837442	-5715.274002	-130825.922588	-113924.628666	-122391.402410	-140102.388275
1561.738737	-5439.878159	-4437.424771	-5377.405033	-59633.157806	-117595.634472	-89285.920773	-111604.808164
-4193.142556	-5244.479209	-5818.673172	-5716.145720	-130826.749602	-113926.237992	-122392.765867	-140103.952897
-5311.757959	-5664.066155	-5788.140689	-5686.887287	-59774.689051	-117883.055554	-87878.744349	-112369.573101
-6412.089635	-6489.784299	-5789.526497	-5706.445063	-130820.021727	-113916.157355	-122385.233329	-140096.643877
-2500.579059	-5551.703936	-5235.650269	-5529.978040	-59718.407359	-117735.779910	-88586.557041	-111980.652747
-3044.464057	-4738.882749	-5820.506015	-5719.789054	-130828.649500	-113929.613105	-122395.135152	-140106.255127
-809.311963	-5507.000447	-4886.851297	-5472.757575	-59667.244216	-117684.661470	-88854.934437	-111840.261440
-6178.245685	-6320.134559	-5797.371959	-5706.087435	-130819.686451	-113916.425576	-122385.300384	-140096.979153
-5994.648456	-5690.329455	-5909.600068	-5719.967868	-59804.796851	-117913.029243	-87711.150969	-112454.420323
-4858.442230	-5647.235292	-5801.059997	-5712.435330	-130823.374489	-113922.371140	-122389.301346	-140100.868356
1500.159681	-5439.498179	-4459.374185	-5377.293274	-59633.537785	-117595.589768	-89282.120977	-111605.478717
-4137.620823	-5219.802883	-5817.779102	-5715.609278	-130826.481381	-113926.282695	-122392.855274	-140104.511691
-5248.703688	-5660.623987	-5775.958988	-5682.528696	-59772.409174	-117879.121647	-87899.687934	-112358.665449
-6423.690191	-6496.914506	-5785.883163	-5703.204060	-130817.116000	-113913.475146	-122382.729934	-140094.743978
-2639.495151	-5552.598006	-5260.795982	-5532.503788	-59717.960324	-117738.082139	-88556.583352	-111991.985082
-3070.906171	-4754.998357	-5816.639163	-5716.525700	-130825.721422	-113926.863840	-122392.430591	-140104.154063
-684.298656	-5502.016008	-4859.604521	-5466.163810	-59663.802047	-117678.626499	-88878.739045	-111826.381007
-6150.507170	-6301.672018	-5796.768462	-5705.282772	-130819.328823	-113916.336169	-122385.076867	-140097.314429
-6023.571613	-5692.721092	-5914.226879	-5723.186520	-59806.652046	-117916.270246	-87700.332725	-112461.528177
-4927.509120	-5682.573400	-5800.210631	-5711.809482	-130823.262730	-113922.438195	-122389.480160	-140101.538909
-5994.648456	-5690.329455	-5909.600068	-5719.967868	-59804.796851	-117913.029243	-87711.150969	-112454.420323
-4858.442230	-5647.235292	-5801.059997	-5712.435330	-130823.374489	-113922.371140	-122389.301346	-140100.868356
1500.159681	-5439.498179	-4459.374185	-5377.293274	-59633.537785	-117595.589768	-89282.120977	-111605.478717
-4137.620823	-5219.802883	-5817.779102	-5715.609278	-130826.481381	-113926.282695	-122392.855274	-140104.511691
-5248.703688	-5660.623987	-5775.958988	-5682.528696	-59772.409174	-117879.121647	-87899.687934	-112358.665449
-6423.690191	-6496.914506	-5785.883163	-5703.204060	-130817.116000	-113913.475146	-122382.729934	-140094.743978
-2639.495151	-5552.598006	-5260.795982	-5532.503788	-59717.960324	-117738.082139	-88556.583352	-111991.985082
-3070.906171	-4754.998357	-5816.639163	-5716.525700	-130825.721422	-113926.863840	-122392.430591	-140104.154063
-684.298656	-5502.016008	-4859.604521	-5466.163810	-59663.802047	-117678.626499	-88878.739045	-111826.381007
-6150.507170	-6301.672018	-5796.768462	-5705.282772	-130819.328823	-113916.336169	-122385.076867	-140097.314429
-6023.571613	-5692.721092	-5914.226879	-5723.186520	-59806.652046	-117916.270246	-87700.332725	-112461.528177
-4927.509120	-5682.573400	-5800.210631	-5711.809482	-130823.262730	-113922.438195	-122389.480160	-140101.538909
1471.236524	-5440.526359	-4457.228417	-5378.679082	-59634.968297	-117597.064983	-89276.913020	-111608.809126
-4079.528639	-5191.997313	-5816.393294	-5714.089360	-130825.319091	-113925.433329	-122391.938852	-140103.997601
-5162.135382	-5656.466562	-5758.770497	-5677.298388	-59769.861075	-117874.450132	-87919.826856	-112346.483749
-6437.682383	-6507.084549	-5788.453613	-5705.349827	-130819.820561	-113916.336169	-122385.590957	-140098.141444
-2758.026452	-5561.337538	-5285.047625	-5542.807942	-59726.029304	-117748.363942	-88534.477476	-112010.626437
-3079.735110	-4760.251017	-5819.857814	-5719.587889	-130829.051832	-113930.462471	-122396.208035	-140108.378542
-535.771315	-5499.534965	-4824.579337	-5462.006386	-59663.332661	-117675.519607	-88904.711772	-111813.953437
-6116.823091	-6279.633198	-5797.260201	-5705.014551	-130819.150009	-113916.537335	-122385.412143	-140097.962630
-6043.174093	-5693.503403	-5916.193833	-5724.147645	-59807.277895	-117917.767813	-87690.475606	-112464.746829
-4974.738356	-5705.193365	-5800.635314	-5712.100054	-130823.709765	-113922.929933	-122390.329527	-140102.745903
1447.767192	-5441.621595	-4447.013670	-5379.707262	-59636.488216	-117598.674309	-89271.414491	-111610.731376
-3997.542441	-5149.640757	-5817.466178	-5714.715208	-130825.721422	-113926.170936	-122392.922329	-140105.361057
-5070.627340	-5652.331490	-5741.157322	-5671.509286	-59767.380031	-117869.845673	-87941.865676	-112332.312743
-5162.135382	-5656.466562	-5758.770497	-5677.298388	-59769.861075	-117874.450132	-87919.826856	-112346.483749
-6437.682383	-6507.084549	-5788.453613	-5705.349827	-130819.820561	-113916.336169	-122385.590957	-140098.141444
-2758.026452	-5561.337538	-5285.047625	-5542.807942	-59726.029304	-117748.363942	-88534.477476	-112010.626437
-3079.735110	-4760.251017	-5819.857814	-5719.587889	-130829.051832	-113930.462471	-122396.208035	-140108.378542
-535.771315	-5499.534965	-4824.579337	-5462.006386	-59663.332661	-117675.519607	-88904.711772	-111813.953437
-6116.823091	-6279.633198	-5797.260201	-5705.014551	-130819.150009	-113916.537335	-122385.412143	-140097.962630
-6043.174093	-5693.503403	-5916.193833	-5724.147645	-59807.277895	-117917.767813	-87690.475606	-112464.746829
-4974.738356	-5705.193365	-5800.635314	-5712.100054	-130823.709765	-113922.929933	-122390.329527	-140102.745903
1447.767192	-5441.621595	-4447.013670	-5379.707262	-59636.488216	-117598.674309	-89271.414491	-111610.731376
-3997.542441	-5149.640757	-5817.466178	-5714.715208	-130825.721422	-113926.170936	-122392.922329	-140105.361057
-5070.627340	-5652.331490	-5741.157322	-5671.509286	-59767.380031	-117869.845673	-87941.865676	-112332.312743
-6442.532711	-6509.811462	-5788.543020	-5704.858089	-130819.462933	-113916.291465	-122385.747419	-140098.633182
-2881.452785	-5563.840933	-5306.393541	-5546.719497	-59727.795092	-117752.364904	-88505.979002	-112021.511736
-3056.355185	-4744.448333	-5819.477835	-5718.984392	-130828.738907	-113930.373064	-122396.208035	-140108.803226
-398.196327	-5494.148194	-4791.722273	-5455.054993	-59659.778733	-117669.439932	-88926.862350	-111797.636664
-6073.930094	-6251.715869	-5796.433186	-5703.293467	-130817.697146	-113915.375044	-122384.428666	-140097.292077
-6065.592893	-5692.318760	-5917.914917	-5723.387685	-59805.467404	-117917.343130	-87678.249202	-112465.082105
-5018.100741	-5723.208871	-5799.853003	-5710.803653	-130822.905102	-113922.438195	-122389.904844	-140102.768255
1395.799386	-5442.850941	-4454.277987	-5381.249533	-59636.957602	-117600.328338	-89261.803241	-111612.966551
-3909.342457	-5103.551460	-5820.729532	-5717.106845	-130828.582445	-113929.344884	-122396.096277	-140109.049095
-4991.368054	-5650.677461	-5729.176787	-5668.603560	-59766.687127	-117867.409333	-87965.133842	-112320.801594
-6449.707621	-6514.728846	-5788.163041	-5704.075778	-130818.971195	-113916.112651	-122385.590957	-140098.923755
-3014.445664	-5566.836067	-5334.087352	-5551.346308	-59728.130368	-117756.723494	-88474.217173	-112034.073416
-3054.321176	-4740.782647	-5819.500186	-5718.515005	-130828.560093	-113930.596582	-122396.453905	-140109.518481
-280.536745	-5491.018950	-4768.252941	-5450.517589	-59656.381268	-117665.438970	-88947.582417	-111785.007928
-398.196327	-5494.148194	-4791.722273	-5455.054993	-59659.778733	-117669.439932	-88926.862350	-111797.636664
-6073.930094	-6251.715869	-5796.433186	-5703.293467	-130817.697146	-113915.375044	-122384.428666	-140097.292077
-6065.592893	-5692.318760	-5917.914917	-5723.387685	-59805.467404	-117917.343130	-87678.249202	-112465.082105
-5018.100741	-5723.208871	-5799.853003	-5710.803653	-130822.905102	-113922.438195	-122389.904844	-140102.768255
1395.799386	-5442.850941	-4454.277987	-5381.249533	-59636.957602	-117600.328338	-89261.803241	-111612.966551
-3909.342457	-5103.551460	-5820.729532	-5717.106845	-130828.582445	-113929.344884	-122396.096277	-140109.049095
-4991.368054	-5650.677461	-5729.176787	-5668.603560	-59766.687127	-117867.409333	-87965.133842	-112320.801594
-6449.707621	-6514.728846	-5788.163041	-5704.075778	-130818.971195	-113916.112651	-122385.590957	-140098.923755
-3014.445664	-5566.836067	-5334.087352	-5551.346308	-59728.130368	-117756.723494	-88474.217173	-112034.073416
-3054.321176	-4740.782647	-5819.500186	-5718.515005	-130828.560093	-113930.596582	-122396.453905	-140109.518481
-280.536745	-5491.018950	-4768.252941	-5450.517589	-59656.381268	-117665.438970	-88947.582417	-111785.007928
-6041.028326	-6232.761590	-5799.808300	-5706.176842	-130820.759335	-113918.772509	-122387.692021	-140101.293039
-6095.186602	-5697.526717	-5926.006249	-5729.042677	-59808.440186	-117923.176935	-87670.962533	-112473.799285
-5085.915933	-5759.910436	-5801.305866	-5712.077703	-130824.626186	-113924.315742	-122391.760038	-140105.316353
1342.579882	-5444.214397	-4459.463592	-5383.104728	-59635.862367	-117602.407050	-89251.186162	-111617.928638
-3854.468924	-5079.143355	-5819.477835	-5715.385761	-130827.084878	-113928.249649	-122394.911634	-140108.378542
-4897.893059	-5645.380097	-5708.434368	-5662.210961	-59759.847493	-117861.664934	-87983.104644	-112308.195210
-6459.944720	-6522.171977	-5788.453613	-5703.762854	-130819.038250	-113916.313817	-122386.015640	-140099.907231
-3134.049849	-5572.424003	-5351.789934	-5558.856494	-59729.784397	-117764.032515	-88445.785754	-112051.351315
-3086.731206	-4759.714575	-5819.455483	-5718.380894	-130828.738907	-113930.998913	-122397.012698	-140110.524310
-140.011327	-5488.381444	-4727.393952	-5446.918958	-59652.939099	-117662.399133	-88969.397720	-111775.061402
-6008.238317	-6212.488557	-5800.568259	-5706.065083	-130821.005204	-113919.465413	-122388.362573	-140102.298868
-6108.374132	-5697.459662	-5924.687496	-5729.892043	-59805.467404	-117924.205115	-87659.563143	-112478.001413
-5148.545521	-5790.129994	-5797.662532	-5708.210851	-130821.251073	-113921.119442	-122388.854312	-140102.678848
1300.066864	-5442.359202	-4441.872769	-5381.875382	-59632.241384	-117601.401222	-89237.685709	-111620.007350
-5085.915933	-5759.910436	-5801.305866	-5712.077703	-130824.626186	-113924.315742	-122391.760038	-140105.316353
1342.579882	-5444.214397	-4459.463592	-5383.104728	-59635.862367	-117602.407050	-89251.186162	-111617.928638
-3854.468924	-5079.143355	-5819.477835	-5715.385761	-130827.084878	-113928.249649	-122394.911634	-140108.378542
-4897.893059	-5645.380097	-5708.434368	-5662.210961	-59759.847493	-117861.664934	-87983.104644	-112308.195210
-6459.944720	-6522.171977	-5788.453613	-5703.762854	-130819.038250	-113916.313817	-122386.015640	-140099.907231
-3134.049849	-5572.424003	-5351.789934	-5558.856494	-59729.784397	-117764.032515	-88445.785754	-112051.351315
-3086.731206	-4759.714575	-5819.455483	-5718.380894	-130828.738907	-113930.998913	-122397.012698	-140110.524310
-140.011327	-5488.381444	-4727.393952	-5446.918958	-59652.939099	-117662.399133	-88969.397720	-111775.061402
-6008.238317	-6212.488557	-5800.568259	-5706.065083	-130821.005204	-113919.465413	-122388.362573	-140102.298868
-6108.374132	-5697.459662	-5924.687496	-5729.892043	-59805.467404	-117924.205115	-87659.563143	-112478.001413
-5148.545521	-5790.129994	-5797.662532	-5708.210851	-130821.251073	-113921.119442	-122388.854312	-140102.678848
1300.066864	-5442.359202	-4441.872769	-5381.875382	-59632.241384	-117601.401222	-89237.685709	-111620.007350
-3798.187232	-5051.784820	-5817.153253	-5712.390627	-130824.335614	-113925.880364	-122392.676460	-140106.478644
-4791.431700	-5638.518112	-5683.378063	-5654.343147	-59752.717287	-117854.534728	-88001.723647	-112293.197190
-6463.632758	-6523.490730	-5784.340892	-5698.800766	-130814.523198	-113912.201096	-122381.902919	-140096.263897
-3249.474257	-5571.261712	-5366.363271	-5559.415288	-59726.006952	-117764.636012	-88412.258138	-112060.671992
-3106.065465	-4767.001243	-5813.956954	-5712.591793	-130823.396841	-113925.992122	-122392.005908	-140106.031609
-2.078712	-5480.334816	-4687.205516	-5437.575929	-59645.540672	-117653.994877	-88986.697970	-111758.364649
-5964.853581	-6183.543048	-5796.455538	-5701.147699	-130816.423096	-113915.240933	-122384.227500	-140098.610830
-6119.617059	-5695.179784	-5922.698191	-5728.103903	-59801.958180	-117922.864011	-87650.041300	-112478.426096
-5206.794167	-5819.008448	-5798.824823	-5709.328438	-130822.726288	-113922.773471	-122390.709506	-140105.092836
1240.588873	-5446.941310	-4449.181789	-5387.217449	-59636.488216	-117606.922103	-89231.606034	-111628.009275
-3736.451714	-5021.855834	-5821.780064	-5716.503348	-130828.716556	-113930.507175	-122397.415030	-140111.753656
-4700.035417	-5641.222673	-5671.308121	-5655.773658	-59756.360621	-117856.859309	-88033.105497	-112286.737536
-6477.736709	-6535.627727	-5793.147480	-5707.272077	-130823.396841	-113921.164146	-122391.044783	-140105.785740
-6463.632758	-6523.490730	-5784.340892	-5698.800766	-130814.523198	-113912.201096	-122381.902919	-140096.263897
-3249.474257	-5571.261712	-5366.363271	-5559.415288	-59726.006952	-117764.636012	-88412.258138	-112060.671992
-3106.065465	-4767.001243	-5813.956954	-5712.591793	-130823.396841	-113925.992122	-122392.005908	-140106.031609
-2.078712	-5480.334816	-4687.205516	-5437.575929	-59645.540672	-117653.994877	-88986.697970	-111758.364649
-5964.853581	-6183.543048	-5796.455538	-5701.147699	-130816.423096	-113915.240933	-122384.227500	-140098.610830
-6119.617059	-5695.179784	-5922.698191	-5728.103903	-59801.958180	-117922.864011	-87650.041300	-112478.426096
-5206.794167	-5819.008448	-5798.824823	-5709.328438	-130822.726288	-113922.773471	-122390.709506	-140105.092836
1240.588873	-5446.941310	-4449.181789	-5387.217449	-59636.488216	-117606.922103	-89231.606034	-111628.009275
-3736.451714	-5021.855834	-5821.780064	-5716.503348	-130828.716556	-113930.507175	-122397.415030	-140111.753656
-4700.035417	-5641.222673	-5671.308121	-5655.773658	-59756.360621	-117856.859309	-88033.105497	-112286.737536
-6477.736709	-6535.627727	-5793.147480	-5707.272077	-130823.396841	-113921.164146	-122391.044783	-140105.785740
-3383.405910	-5583.935152	-5402.886021	-5573.586294	-59737.361638	-117778.918776	-88394.667315	-112083.336661
-3124.125674	-4775.919590	-5822.271803	-5720.839586	-130832.091669	-113934.664599	-122400.946605	-140115.329935
107.601298	-5485.363959	-4674.688539	-5441.152208	-59651.910919	-117658.264060	-89017.141046	-111754.833073
-5932.085923	-6167.025109	-5806.402064	-5710.513080	-130825.944939	-113924.896887	-122394.017565	-140108.914984
-6145.276862	-5703.002894	-5933.404676	-5736.262290	-59809.177793	-117931.469432	-87651.315349	-112488.640843
-5270.407232	-5853.385431	-5800.590611	-5711.183633	-130824.916759	-113925.008646	-122393.190550	-140108.020915
1151.427764	-5448.260063	-4478.350816	-5388.916181	-59637.605803	-117608.978463	-89220.474865	-111633.083121
-3679.834745	-4996.352493	-5820.282497	-5714.871671	-130827.241341	-113929.322532	-122396.208035	-140110.971345
-4609.555556	-5635.768847	-5653.426725	-5648.934024	-59751.867920	-117850.980801	-88054.764337	-112272.454771
-6482.408223	-6538.913433	-5792.543983	-5706.400359	-130822.860399	-113920.806518	-122390.776562	-140105.919851
-3512.598993	-5588.181983	-5432.636193	-5579.665968	-59740.222662	-117784.864340	-88367.174669	-112098.334682
-3156.625111	-4795.387959	-5820.193090	-5719.029095	-130830.482343	-113933.278791	-122399.605501	-140114.368810
217.169549	-5478.926656	-4658.058841	-5433.463208	-59646.814721	-117651.469129	-89034.418945	-111740.907936
-5888.790594	-6139.688926	-5803.697503	-5707.495595	-130823.016861	-113922.393492	-122391.514169	-140106.724513
-5932.085923	-6167.025109	-5806.402064	-5710.513080	-130825.944939	-113924.896887	-122394.017565	-140108.914984
-6145.276862	-5703.002894	-5933.404676	-5736.262290	-59809.177793	-117931.469432	-87651.315349	-112488.640843
-5270.407232	-5853.385431	-5800.590611	-5711.183633	-130824.916759	-113925.008646	-122393.190550	-140108.020915
1151.427764	-5448.260063	-4478.350816	-5388.916181	-59637.605803	-117608.978463	-89220.474865	-111633.083121
-3679.834745	-4996.352493	-5820.282497	-5714.871671	-130827.241341	-113929.322532	-122396.208035	-140110.971345
-4609.555556	-5635.768847	-5653.426725	-5648.934024	-59751.867920	-117850.980801	-88054.764337	-112272.454771
-6482.408223	-6538.913433	-5792.543983	-5706.400359	-130822.860399	-113920.806518	-122390.776562	-140105.919851
-3512.598993	-5588.181983	-5432.636193	-5579.665968	-59740.222662	-117784.864340	-88367.174669	-112098.334682
-3156.625111	-4795.387959	-5820.193090	-5719.029095	-130830.482343	-113933.278791	-122399.605501	-140114.368810
217.169549	-5478.926656	-4658.058841	-5433.463208	-59646.814721	-117651.469129	-89034.418945	-111740.907936
-5888.790594	-6139.688926	-5803.697503	-5707.495595	-130823.016861	-113922.393492	-122391.514169	-140106.724513
-6155.916292	-5702.399397	-5934.231691	-5736.105828	-59808.373130	-117931.715301	-87644.989806	-112490.272521
-5330.354611	-5883.582638	-5800.545907	-5711.429502	-130825.475553	-113925.858012	-122394.151675	-140109.294964
1077.354083	-5451.478714	-4497.886240	-5393.051254	-59641.070323	-117613.225295	-89211.489464	-111640.883880
-3626.347020	-4971.452650	-5821.936527	-5716.480996	-130828.940073	-113931.423596	-122398.465562	-140113.541795
-4510.224403	-5632.594899	-5636.439399	-5644.687193	-59750.906795	-117847.516280	-88081.564079	-112260.228367
-6486.543296	-6541.640346	-5791.359340	-5705.774511	-130822.413364	-113920.515945	-122390.687155	-140106.322182
-3642.440276	-5592.473518	-5462.296958	-5585.589181	-59744.357734	-117791.100477	-88341.581922	-112113.153888
-3187.358759	-4810.363628	-5820.215442	-5719.833758	-130831.510524	-113934.552841	-122401.080716	-140116.313412
318.110027	-5476.222095	-4645.832437	-5429.618708	-59646.546501	-117648.518699	-89056.457765	-111730.268506
-5846.299928	-6114.476158	-5803.071654	-5707.361484	-130823.106268	-113922.728768	-122391.983556	-140107.573880
-6173.261246	-5703.695798	-5939.797275	-5737.692802	-59811.122395	-117933.861069	-87644.408660	-112492.619454
-5391.620742	-5916.864385	-5800.702369	-5713.016476	-130827.375451	-113927.824965	-122396.297442	-140111.843063
973.083195	-5455.703194	-4536.778276	-5397.923934	-59646.881777	-117618.455603	-89203.711057	-111649.086970
-3574.043938	-4949.793810	-5822.584727	-5718.246784	-130830.862323	-113933.479957	-122400.656033	-140116.134598
-3626.347020	-4971.452650	-5821.936527	-5716.480996	-130828.940073	-113931.423596	-122398.465562	-140113.541795
-4510.224403	-5632.594899	-5636.439399	-5644.687193	-59750.906795	-117847.516280	-88081.564079	-112260.228367
-6486.543296	-6541.640346	-5791.359340	-5705.774511	-130822.413364	-113920.515945	-122390.687155	-140106.322182
-3642.440276	-5592.473518	-5462.296958	-5585.589181	-59744.357734	-117791.100477	-88341.581922	-112113.153888
-3187.358759	-4810.363628	-5820.215442	-5719.833758	-130831.510524	-113934.552841	-122401.080716	-140116.313412
318.110027	-5476.222095	-4645.832437	-5429.618708	-59646.546501	-117648.518699	-89056.457765	-111730.268506
-5846.299928	-6114.476158	-5803.071654	-5707.361484	-130823.106268	-113922.728768	-122391.983556	-140107.573880
-6173.261246	-5703.695798	-5939.797275	-5737.692802	-59811.122395	-117933.861069	-87644.408660	-112492.619454
-5391.620742	-5916.864385	-5800.702369	-5713.016476	-130827.375451	-113927.824965	-122396.297442	-140111.843063
973.083195	-5455.703194	-4536.778276	-5397.923934	-59646.881777	-117618.455603	-89203.711057	-111649.086970
-3574.043938	-4949.793810	-5822.584727	-5718.246784	-130830.862323	-113933.479957	-122400.656033	-140116.134598
-4428.506425	-5629.175082	-5624.078885	-5639.859216	-59751.175016	-117843.470614	-88109.883739	-112246.414989
-6492.421805	-6546.647137	-5788.520669	-5704.723979	-130821.496942	-113919.845393	-122390.173064	-140106.076313
-3791.481708	-5595.111024	-5500.339627	-5590.059530	-59748.470455	-117795.324957	-88315.720953	-112125.179127
-3238.074867	-4838.817398	-5816.706218	-5718.157377	-130830.012957	-113933.211736	-122399.918425	-140115.441694
385.589944	-5472.310540	-4657.410640	-5424.634269	-59646.770018	-117644.115406	-89078.630695	-111717.997398
-5807.452596	-6091.297399	-5800.009465	-5706.132139	-130821.966329	-113921.857050	-122391.134190	-140107.193900
-6194.696569	-5701.482976	-5945.139342	-5736.217587	-59812.329389	-117932.251743	-87641.882913	-112490.965425
-5460.106487	-5950.324947	-5791.538154	-5706.601525	-130821.072259	-113921.633532	-122390.262471	-140106.500996
834.636490	-5453.356260	-4593.618762	-5396.962809	-59647.507626	-117617.047443	-89189.070665	-111651.165682
-3552.921540	-4944.764667	-5817.689695	-5715.229298	-130827.956596	-113930.775396	-122397.951472	-140114.011182
-4359.864218	-5623.788312	-5614.422931	-5633.578376	-59750.906795	-117837.502699	-88138.426916	-112230.254678
-6500.781357	-6552.950329	-5782.999788	-5702.041769	-130819.105306	-113917.498460	-122388.004945	-140104.444635
-3950.335556	-5597.860288	-5539.701049	-5595.021617	-59754.103095	-117799.661195	-88290.575241	-112137.561993
-3314.853110	-4883.498536	-5810.738303	-5714.737560	-130826.794306	-113930.082492	-122396.833884	-140113.050057
-3238.074867	-4838.817398	-5816.706218	-5718.157377	-130830.012957	-113933.211736	-122399.918425	-140115.441694
385.589944	-5472.310540	-4657.410640	-5424.634269	-59646.770018	-117644.115406	-89078.630695	-111717.997398
-5807.452596	-6091.297399	-5800.009465	-5706.132139	-130821.966329	-113921.857050	-122391.134190	-140107.193900
-6194.696569	-5701.482976	-5945.139342	-5736.217587	-59812.329389	-117932.251743	-87641.882913	-112490.965425
-5460.106487	-5950.324947	-5791.538154	-5706.601525	-130821.072259	-113921.633532	-122390.262471	-140106.500996
834.636490	-5453.356260	-4593.618762	-5396.962809	-59647.507626	-117617.047443	-89189.070665	-111651.165682
-3552.921540	-4944.764667	-5817.689695	-5715.229298	-130827.956596	-113930.775396	-122397.951472	-140114.011182
-4359.864218	-5623.788312	-5614.422931	-5633.578376	-59750.906795	-117837.502699	-88138.426916	-112230.254678
-6500.781357	-6552.950329	-5782.999788	-5702.041769	-130819.105306	-113917.498460	-122388.004945	-140104.444635
-3950.335556	-5597.860288	-5539.701049	-5595.021617	-59754.103095	-117799.661195	-88290.575241	-112137.561993
-3314.853110	-4883.498536	-5810.738303	-5714.737560	-130826.794306	-113930.082492	-122396.833884	-140113.050057
439.077668	-5467.236694	-4674.107394	-5418.934574	-59646.501797	-117638.616876	-89099.462521	-111704.631055
-5772.472116	-6071.739623	-5795.561468	-5704.209888	-130820.088782	-113920.113614	-122389.480160	-140106.121016
-6217.964735	-5704.187537	-5954.683537	-5739.637403	-59819.370189	-117935.515098	-87647.023815	-112492.910027
-5535.320107	-5994.536697	-5792.856907	-5711.004819	-130825.877884	-113926.416806	-122395.246910	-140111.932470
701.777721	-5462.028737	-4643.172579	-5406.797577	-59659.354050	-117626.636341	-89185.203813	-111663.906177
-3533.475522	-4945.971661	-5819.723704	-5719.252613	-130832.046966	-113935.268096	-122402.310062	-140118.950918
-4283.041273	-5623.475388	-5605.035198	-5632.036106	-59755.399496	-117836.161594	-88172.379216	-112218.184736
-6512.158395	-6563.723870	-5784.586762	-5706.266249	-130823.240378	-113922.013512	-122392.363535	-140109.339667
-4092.358541	-5609.997286	-5575.106213	-5608.834995	-59768.341156	-117813.116945	-88275.532517	-112158.080895
-3366.440936	-4914.276888	-5816.505053	-5722.381857	-130834.505657	-113938.106768	-122404.858161	-140121.610775
523.790780	-5472.265836	-4668.742975	-5422.913185	-59654.973108	-117642.819004	-89128.765658	-111700.831258
-5733.580081	-6052.383012	-5800.680018	-5710.468377	-130826.347271	-113926.796785	-122396.073925	-140113.117112
-6229.319421	-5707.517947	-5960.115011	-5743.124276	-59824.689904	-117938.912563	-87651.762384	-112495.078146
-5593.322884	-6024.733904	-5791.068767	-5710.557784	-130825.564960	-113926.327399	-122395.179855	-140112.223043
-6217.964735	-5704.187537	-5954.683537	-5739.637403	-59819.370189	-117935.515098	-87647.023815	-112492.910027
-5535.320107	-5994.536697	-5792.856907	-5711.004819	-130825.877884	-113926.416806	-122395.246910	-140111.932470
701.777721	-5462.028737	-4643.172579	-5406.797577	-59659.354050	-117626.636341	-89185.203813	-111663.906177
-3533.475522	-4945.971661	-5819.723704	-5719.252613	-130832.046966	-113935.268096	-122402.310062	-140118.950918
-4283.041273	-5623.475388	-5605.035198	-5632.036106	-59755.399496	-117836.161594	-88172.379216	-112218.184736
-6512.158395	-6563.723870	-5784.586762	-5706.266249	-130823.240378	-113922.013512	-122392.363535	-140109.339667
-4092.358541	-5609.997286	-5575.106213	-5608.834995	-59768.341156	-117813.116945	-88275.532517	-112158.080895
-3366.440936	-4914.276888	-5816.505053	-5722.381857	-130834.505657	-113938.106768	-122404.858161	-140121.610775
523.790780	-5472.265836	-4668.742975	-5422.913185	-59654.973108	-117642.819004	-89128.765658	-111700.831258
-5733.580081	-6052.383012	-5800.680018	-5710.468377	-130826.347271	-113926.796785	-122396.073925	-140113.117112
-6229.319421	-5707.517947	-5960.115011	-5743.124276	-59824.689904	-117938.912563	-87651.762384	-112495.078146
-5593.322884	-6024.733904	-5791.068767	-5710.557784	-130825.564960	-113926.327399	-122395.179855	-140112.223043
597.283315	-5463.928636	-4659.623463	-5409.368027	-59661.946852	-117628.916219	-89171.077510	-111669.963499
-3483.787594	-4921.787074	-5818.337896	-5718.067970	-130830.884675	-113934.306971	-122401.505399	-140118.392124
-4170.768460	-5618.535652	-5581.677625	-5625.397638	-59752.471417	-117830.081919	-88200.229490	-112201.845610
-6512.627782	-6563.634463	-5783.335064	-5705.193365	-130822.279253	-113921.275904	-122391.827094	-140109.294964
-4207.782949	-5613.014771	-5594.574582	-5613.394751	-59770.017537	-117817.296722	-88248.084575	-112170.575520
-3400.013256	-4929.744295	-5813.979306	-5720.079627	-130832.315187	-113936.005704	-122402.913559	-140120.113208
627.502874	-5469.091889	-4644.558387	-5418.308725	-59652.179140	-117638.572173	-89146.267074	-111690.013014
-5682.819269	-6023.705724	-5802.445805	-5711.451854	-130827.196637	-113928.115538	-122397.303271	-140114.726438
-6228.559462	-5710.267211	-5960.942025	-5745.895892	-59825.807491	-117941.885345	-87654.310483	-112497.760355
-5651.325661	-6056.138105	-5792.029892	-5711.585964	-130826.704899	-113927.757910	-122396.677422	-140114.189996
490.799605	-5466.968473	-4680.231771	-5413.190176	-59664.293786	-117632.559554	-89157.331187	-111678.501866
-3443.308585	-4907.906641	-5818.203785	-5717.576232	-130830.325881	-113934.172861	-122401.348937	-140118.705048
-4050.471371	-5614.892318	-5557.649500	-5620.167329	-59748.135179	-117825.253943	-88227.208045	-112187.898122
-4170.768460	-5618.535652	-5581.677625	-5625.397638	-59752.471417	-117830.081919	-88200.229490	-112201.845610
-6512.627782	-6563.634463	-5783.335064	-5705.193365	-130822.279253	-113921.275904	-122391.827094	-140109.294964
-4207.782949	-5613.014771	-5594.574582	-5613.394751	-59770.017537	-117817.296722	-88248.084575	-112170.575520
-3400.013256	-4929.744295	-5813.979306	-5720.079627	-130832.315187	-113936.005704	-122402.913559	-140120.113208
627.502874	-5469.091889	-4644.558387	-5418.308725	-59652.179140	-117638.572173	-89146.267074	-111690.013014
-5682.819269	-6023.705724	-5802.445805	-5711.451854	-130827.196637	-113928.115538	-122397.303271	-140114.726438
-6228.559462	-5710.267211	-5960.942025	-5745.895892	-59825.807491	-117941.885345	-87654.310483	-112497.760355
-5651.325661	-6056.138105	-5792.029892	-5711.585964	-130826.704899	-113927.757910	-122396.677422	-140114.189996
490.799605	-5466.968473	-4680.231771	-5413.190176	-59664.293786	-117632.559554	-89157.331187	-111678.501866
-3443.308585	-4907.906641	-5818.203785	-5717.576232	-130830.325881	-113934.172861	-122401.348937	-140118.705048
-4050.471371	-5614.892318	-5557.649500	-5620.167329	-59748.135179	-117825.253943	-88227.208045	-112187.898122
-6510.794939	-6562.069841	-5785.078500	-5705.506290	-130822.703936	-113922.035864	-122392.631756	-140110.434903
-4319.765189	-5618.423893	-5615.339353	-5620.346143	-59772.163304	-117823.756376	-88222.313013	-112186.177037
-3452.875132	-4957.929845	-5813.129939	-5719.051447	-130831.510524	-113935.446910	-122402.533579	-140120.001450
729.270366	-5463.660415	-4625.514701	-5411.759664	-59647.373515	-117632.425443	-89162.047405	-111677.987776
-5629.197434	-5991.027473	-5800.344741	-5708.009685	-130823.866227	-113925.075701	-122394.419896	-140112.267746
-6217.070665	-5708.926107	-5955.488200	-5744.599491	-59821.962991	-117940.655999	-87653.505820	-112496.642768
-5700.097168	-6080.300341	-5790.800547	-5709.887232	-130825.095573	-113926.282695	-122395.626890	-140113.519444
401.102054	-5468.309578	-4684.188030	-5415.470054	-59663.936158	-117634.593562	-89140.545027	-111686.347328
-3400.437939	-4885.398434	-5817.689695	-5716.413941	-130829.208294	-113933.412902	-122400.633681	-140118.481531
-3916.740884	-5608.790291	-5528.368715	-5612.545384	-59742.301374	-117818.302550	-88253.828973	-112171.916625
-6503.061235	-6554.202027	-5779.691730	-5699.471319	-130816.847779	-113916.380872	-122387.155579	-140105.338705
-4411.921431	-5613.975896	-5623.162463	-5617.529823	-59765.904816	-117820.828297	-88190.059446	-112191.899084
-3490.023731	-4971.340891	-5805.887974	-5711.943592	-130824.357966	-113928.584925	-122395.828056	-140113.787665
843.823057	-5458.631272	-4594.691645	-5405.791748	-59643.126684	-117626.949266	-89177.179536	-111666.968366
-3452.875132	-4957.929845	-5813.129939	-5719.051447	-130831.510524	-113935.446910	-122402.533579	-140120.001450
729.270366	-5463.660415	-4625.514701	-5411.759664	-59647.373515	-117632.425443	-89162.047405	-111677.987776
-5629.197434	-5991.027473	-5800.344741	-5708.009685	-130823.866227	-113925.075701	-122394.419896	-140112.267746
-6217.070665	-5708.926107	-5955.488200	-5744.599491	-59821.962991	-117940.655999	-87653.505820	-112496.642768
-5700.097168	-6080.300341	-5790.800547	-5709.887232	-130825.095573	-113926.282695	-122395.626890	-140113.519444
401.102054	-5468.309578	-4684.188030	-5415.470054	-59663.936158	-117634.593562	-89140.545027	-111686.347328
-3400.437939	-4885.398434	-5817.689695	-5716.413941	-130829.208294	-113933.412902	-122400.633681	-140118.481531
-3916.740884	-5608.790291	-5528.368715	-5612.545384	-59742.301374	-117818.302550	-88253.828973	-112171.916625
-6503.061235	-6554.202027	-5779.691730	-5699.471319	-130816.847779	-113916.380872	-122387.155579	-140105.338705
-4411.921431	-5613.975896	-5623.162463	-5617.529823	-59765.904816	-117820.828297	-88190.059446	-112191.899084
-3490.023731	-4971.340891	-5805.887974	-5711.943592	-130824.357966	-113928.584925	-122395.828056	-140113.787665
843.823057	-5458.631272	-4594.691645	-5405.791748	-59643.126684	-117626.949266	-89177.179536	-111666.968366
-5571.909913	-5957.410450	-5798.377788	-5705.305124	-130821.184018	-113922.795823	-122392.184721	-140110.412551
-6197.982275	-5704.276944	-5947.352165	-5739.905624	-59817.023255	-117936.453871	-87654.377538	-112491.390108
-5740.129142	-6098.338198	-5786.486660	-5705.394531	-130820.826390	-113922.237029	-122391.603576	-140109.876109
321.865120	-5468.354281	-4682.645760	-5416.475882	-59663.556178	-117635.778205	-89123.535350	-111692.404651
-3342.479866	-4854.038936	-5816.058018	-5714.111711	-130827.107230	-113931.513003	-122398.823190	-140117.051019
-3769.845220	-5601.525974	-5495.913982	-5603.761149	-59736.579327	-117810.434736	-88281.455729	-112153.990525
-6497.227430	-6548.792904	-5780.384634	-5699.292505	-130816.736021	-113916.626741	-122387.423800	-140106.053961
-4502.066016	-5620.614364	-5639.278071	-5625.464693	-59771.202179	-117829.009036	-88169.294676	-112207.880581
-3510.140301	-4975.677130	-5808.637239	-5714.178767	-130826.928416	-113931.222431	-122398.666727	-140116.983964
966.355320	-5456.686670	-4555.352575	-5402.640152	-59642.053800	-117624.647036	-89194.613897	-111658.295889
-5506.151081	-5919.881871	-5801.372922	-5706.556822	-130822.525122	-113924.427500	-122393.771695	-140112.558319
-6179.273865	-5704.366351	-5943.261795	-5739.771514	-59816.442110	-117936.900906	-87658.020873	-112489.892541
-5776.830706	-6116.532518	-5787.380730	-5704.835737	-130820.625224	-113922.237029	-122391.715335	-140110.457255
-6197.982275	-5704.276944	-5947.352165	-5739.905624	-59817.023255	-117936.453871	-87654.377538	-112491.390108
-5740.129142	-6098.338198	-5786.486660	-5705.394531	-130820.826390	-113922.237029	-122391.603576	-140109.876109
321.865120	-5468.354281	-4682.645760	-5416.475882	-59663.556178	-117635.778205	-89123.535350	-111692.404651
-3342.479866	-4854.038936	-5816.058018	-5714.111711	-130827.107230	-113931.513003	-122398.823190	-140117.051019
-3769.845220	-5601.525974	-5495.913982	-5603.761149	-59736.579327	-117810.434736	-88281.455729	-112153.990525
-6497.227430	-6548.792904	-5780.384634	-5699.292505	-130816.736021	-113916.626741	-122387.423800	-140106.053961
-4502.066016	-5620.614364	-5639.278071	-5625.464693	-59771.202179	-117829.009036	-88169.294676	-112207.880581
-3510.140301	-4975.677130	-5808.637239	-5714.178767	-130826.928416	-113931.222431	-122398.666727	-140116.983964
966.355320	-5456.686670	-4555.352575	-5402.640152	-59642.053800	-117624.647036	-89194.613897	-111658.295889
-5506.151081	-5919.881871	-5801.372922	-5706.556822	-130822.525122	-113924.427500	-122393.771695	-140112.558319
-6179.273865	-5704.366351	-5943.261795	-5739.771514	-59816.442110	-117936.900906	-87658.020873	-112489.892541
-5776.830706	-6116.532518	-5787.380730	-5704.835737	-130820.625224	-113922.237029	-122391.715335	-140110.457255
238.359003	-5470.209476	-4682.198725	-5419.046333	-59664.003213	-117638.594525	-89104.469312	-111700.272465
-3266.953321	-4811.078884	-5817.890861	-5714.223470	-130827.420155	-113932.161204	-122399.538445	-140118.213310
-3624.201253	-5599.022579	-5465.247389	-5599.357855	-59734.053580	-117807.037271	-88309.306003	-112140.355961
-6490.566610	-6543.406134	-5785.681997	-5701.930011	-130819.708803	-113919.711282	-122390.754210	-140109.831406
-4583.828698	-5625.174120	-5652.331490	-5631.432609	-59772.878560	-117835.222821	-88143.299597	-112221.515145
-3517.337563	-4971.743223	-5810.157157	-5713.798787	-130826.794306	-113931.267134	-122398.890245	-140117.788627
1084.350179	-5453.937406	-4517.801645	-5398.885059	-59638.768093	-117621.674254	-89207.801426	-111649.556357
-5436.301879	-5879.760489	-5805.128015	-5707.473243	-130823.530951	-113925.835660	-122395.269262	-140114.458217
-6154.351670	-5704.008723	-5937.226824	-5739.190369	-59813.536383	-117937.102072	-87659.719605	-112488.193809
-5812.526442	-6134.816245	-5791.560506	-5706.534470	-130822.569826	-113924.360445	-122394.062268	-140113.273575
159.144421	-5475.842115	-4681.371710	-5425.550690	-59666.774829	-117645.523565	-89087.549041	-111712.700035
-3188.588105	-4765.391918	-5821.198919	-5715.519871	-130828.716556	-113933.725826	-122401.371288	-140120.314374
-3463.872190	-5592.741739	-5428.121141	-5591.333579	-59726.789263	-117800.152934	-88334.250550	-112123.592153
-3624.201253	-5599.022579	-5465.247389	-5599.357855	-59734.053580	-117807.037271	-88309.306003	-112140.355961
-6490.566610	-6543.406134	-5785.681997	-5701.930011	-130819.708803	-113919.711282	-122390.754210	-140109.831406
-4583.828698	-5625.174120	-5652.331490	-5631.432609	-59772.878560	-117835.222821	-88143.299597	-112221.515145
-3517.337563	-4971.743223	-5810.157157	-5713.798787	-130826.794306	-113931.267134	-122398.890245	-140117.788627
1084.350179	-5453.937406	-4517.801645	-5398.885059	-59638.768093	-117621.674254	-89207.801426	-111649.556357
-5436.301879	-5879.760489	-5805.128015	-5707.473243	-130823.530951	-113925.835660	-122395.269262	-140114.458217
-6154.351670	-5704.008723	-5937.226824	-5739.190369	-59813.536383	-117937.102072	-87659.719605	-112488.193809
-5812.526442	-6134.816245	-5791.560506	-5706.534470	-130822.569826	-113924.360445	-122394.062268	-140113.273575
159.144421	-5475.842115	-4681.371710	-5425.550690	-59666.774829	-117645.523565	-89087.549041	-111712.700035
-3188.588105	-4765.391918	-5821.198919	-5715.519871	-130828.716556	-113933.725826	-122401.371288	-140120.314374
-3463.872190	-5592.741739	-5428.121141	-5591.333579	-59726.789263	-117800.152934	-88334.250550	-112123.592153
-6479.211924	-6533.057276	-5787.201916	-5700.588906	-130818.479457	-113918.861916	-122389.971899	-140109.518481
-4665.010234	-5628.638640	-5664.781411	-5636.282937	-59772.498581	-117840.408425	-88115.538730	-112235.149710
-3543.556159	-4977.822897	-5812.973477	-5715.072836	-130828.425983	-113933.211736	-122400.901902	-140120.224967
1195.572459	-5453.311557	-4483.983455	-5397.499251	-59637.382285	-117621.271923	-89222.687688	-111644.147234
-5364.798649	-5838.789742	-5807.385541	-5707.652057	-130823.955634	-113926.595620	-122396.073925	-140115.709915
-6128.468350	-5701.997066	-5930.521301	-5737.290470	-59809.803642	-117935.984485	-87661.463041	-112485.824524
-5852.200789	-6155.446906	-5792.722797	-5706.243897	-130822.681585	-113924.718073	-122394.554006	-140114.257051
57.578094	-5478.770194	-4688.010179	-5430.177501	-59667.557140	-117650.351542	-89066.672512	-111724.412349
-3133.915738	-4735.820560	-5822.808245	-5715.944554	-130829.454163	-113934.888117	-122402.377117	-140121.923700
-3324.419656	-5587.980817	-5396.918106	-5585.320960	-59723.615315	-117795.347309	-88363.240762	-112109.354092
-6474.652168	-6529.726866	-5787.470137	-5700.275981	-130818.546512	-113919.353654	-122390.508341	-140110.412551
-4765.838953	-5634.226577	-5685.456775	-5643.703716	-59776.812467	-117848.186832	-88092.583489	-112251.622945
-3600.553107	-5007.997752	-5814.292230	-5716.168072	-130829.856495	-113935.022227	-122402.690041	-140122.393086
1259.207876	-5451.612824	-4472.539362	-5395.062911	-59636.331753	-117619.752004	-89236.277549	-111638.514595
1195.572459	-5453.311557	-4483.983455	-5397.499251	-59637.382285	-117621.271923	-89222.687688	-111644.147234
-5364.798649	-5838.789742	-5807.385541	-5707.652057	-130823.955634	-113926.595620	-122396.073925	-140115.709915
-6128.468350	-5701.997066	-5930.521301	-5737.290470	-59809.803642	-117935.984485	-87661.463041	-112485.824524
-5852.200789	-6155.446906	-5792.722797	-5706.243897	-130822.681585	-113924.718073	-122394.554006	-140114.257051
57.578094	-5478.770194	-4688.010179	-5430.177501	-59667.557140	-117650.351542	-89066.672512	-111724.412349
-3133.915738	-4735.820560	-5822.808245	-5715.944554	-130829.454163	-113934.888117	-122402.377117	-140121.923700
-3324.419656	-5587.980817	-5396.918106	-5585.320960	-59723.615315	-117795.347309	-88363.240762	-112109.354092
-6474.652168	-6529.726866	-5787.470137	-5700.275981	-130818.546512	-113919.353654	-122390.508341	-140110.412551
-4765.838953	-5634.226577	-5685.456775	-5643.703716	-59776.812467	-117848.186832	-88092.583489	-112251.622945
-3600.553107	-5007.997752	-5814.292230	-5716.168072	-130829.856495	-113935.022227	-122402.690041	-140122.393086
1259.207876	-5451.612824	-4472.539362	-5395.062911	-59636.331753	-117619.752004	-89236.277549	-111638.514595
-5307.533480	-5808.659590	-5807.318486	-5707.652057	-130824.313262	-113927.266172	-122396.878588	-140116.849854
-6118.745341	-5702.265287	-5931.527130	-5737.379877	-59811.658837	-117936.789147	-87671.163699	-112484.617529
-5904.414464	-6185.442947	-5791.649913	-5706.087435	-130823.106268	-113925.276867	-122395.336317	-140115.396990
-89.630495	-5482.368825	-4738.189845	-5434.916071	-59671.021661	-117655.335981	-89048.567599	-111736.191718
-3141.403573	-4750.617415	-5822.495320	-5716.704514	-130830.638806	-113936.340980	-122403.941739	-140123.868301
-3237.247853	-5586.907934	-5386.278675	-5582.437585	-59725.202289	-117793.514466	-88396.544861	-112097.887647
-6477.043805	-6532.722000	-5788.408910	-5702.533508	-130821.429887	-113922.326436	-122393.548178	-140113.966479
-4889.689969	-5639.099257	-5713.530566	-5649.939853	-59782.020424	-117854.490024	-88071.192869	-112265.682193
-3693.759882	-5062.513657	-5810.783006	-5714.715208	-130828.962425	-113934.195213	-122402.198303	-140122.303679
1267.858001	-5450.182313	-4502.490700	-5392.961847	-59637.963431	-117618.209734	-89251.186162	-111632.524327
-5267.568561	-5790.085291	-5805.485643	-5707.652057	-130824.469724	-113927.780262	-122397.459733	-140117.766275
-6118.119492	-5701.170051	-5934.566967	-5736.150531	-59813.648142	-117935.939781	-87678.495071	-112480.728326
-5958.393926	-6217.204775	-5787.559544	-5704.411054	-130821.586349	-113924.047521	-122394.241082	-140114.614679
-258.542628	-5483.911095	-4793.041026	-5437.710039	-59674.664995	-117658.040542	-89028.652195	-111744.841843
-89.630495	-5482.368825	-4738.189845	-5434.916071	-59671.021661	-117655.335981	-89048.567599	-111736.191718
-3141.403573	-4750.617415	-5822.495320	-5716.704514	-130830.638806	-113936.340980	-122403.941739	-140123.868301
-3237.247853	-5586.907934	-5386.278675	-5582.437585	-59725.202289	-117793.514466	-88396.544861	-112097.887647
-6477.043805	-6532.722000	-5788.408910	-5702.533508	-130821.429887	-113922.326436	-122393.548178	-140113.966479
-4889.689969	-5639.099257	-5713.530566	-5649.939853	-59782.020424	-117854.490024	-88071.192869	-112265.682193
-3693.759882	-5062.513657	-5810.783006	-5714.715208	-130828.962425	-113934.195213	-122402.198303	-140122.303679
1267.858001	-5450.182313	-4502.490700	-5392.961847	-59637.963431	-117618.209734	-89251.186162	-111632.524327
-5267.568561	-5790.085291	-5805.485643	-5707.652057	-130824.469724	-113927.780262	-122397.459733	-140117.766275
-6118.119492	-5701.170051	-5934.566967	-5736.150531	-59813.648142	-117935.939781	-87678.495071	-112480.728326
-5958.393926	-6217.204775	-5787.559544	-5704.411054	-130821.586349	-113924.047521	-122394.241082	-140114.614679
-258.542628	-5483.911095	-4793.041026	-5437.710039	-59674.664995	-117658.040542	-89028.652195	-111744.841843
-3150.657195	-4765.548380	-5818.293192	-5714.223470	-130828.224817	-113934.284620	-122401.974786	-140122.169569
-3146.030384	-5581.252942	-5372.085318	-5575.083861	-59723.995295	-117786.786590	-88426.675013	-112079.916844
-6475.546238	-6532.163207	-5785.883163	-5701.885307	-130820.692279	-113921.901753	-122393.324660	-140113.988830
-5005.181432	-5644.173103	-5738.855092	-5656.354804	-59788.927113	-117860.614402	-88050.316340	-112278.266225
-3774.069700	-5108.982934	-5810.224212	-5716.145720	-130830.236474	-113935.737483	-122403.986443	-140124.315336
1288.868641	-5450.115258	-4515.879395	-5391.933667	-59641.606765	-117617.494478	-89267.994674	-111626.310542
-5218.260612	-5766.235979	-5806.849099	-5710.110749	-130826.682547	-113930.417768	-122400.030184	-140120.828464
-6107.144786	-5703.159356	-5936.265699	-5737.849264	-59818.029084	-117937.683217	-87689.760350	-112478.202579
-6006.159604	-6245.569139	-5788.230096	-5706.690932	-130823.754468	-113926.394454	-122396.833884	-140117.788627
-410.243918	-5489.968418	-4840.516131	-5444.884949	-59683.158658	-117664.924880	-89017.096343	-111756.934137
-3170.013806	-4787.698959	-5819.343724	-5717.777397	-130831.354062	-113937.726788	-122405.506361	-140126.282290
-3051.616615	-5579.442451	-5358.227236	-5571.529933	-59726.141063	-117783.702050	-88462.437804	-112065.812894
-6466.806706	-6524.451855	-5787.917171	-5703.584040	-130822.011032	-113923.511079	-122395.045745	-140116.313412
-5078.226933	-5647.548216	-5752.936691	-5661.406298	-59790.849363	-117865.352972	-88023.695412	-112289.240931
-5005.181432	-5644.173103	-5738.855092	-5656.354804	-59788.927113	-117860.614402	-88050.316340	-112278.266225
-3774.069700	-5108.982934	-5810.224212	-5716.145720	-130830.236474	-113935.737483	-122403.986443	-140124.315336
1288.868641	-5450.115258	-4515.879395	-5391.933667	-59641.606765	-117617.494478	-89267.994674	-111626.310542
-5218.260612	-5766.235979	-5806.849099	-5710.110749	-130826.682547	-113930.417768	-122400.030184	-140120.828464
-6107.144786	-5703.159356	-5936.265699	-5737.849264	-59818.029084	-117937.683217	-87689.760350	-112478.202579
-6006.159604	-6245.569139	-5788.230096	-5706.690932	-130823.754468	-113926.394454	-122396.833884	-140117.788627
-410.243918	-5489.968418	-4840.516131	-5444.884949	-59683.158658	-117664.924880	-89017.096343	-111756.934137
-3170.013806	-4787.698959	-5819.343724	-5717.777397	-130831.354062	-113937.726788	-122405.506361	-140126.282290
-3051.616615	-5579.442451	-5358.227236	-5571.529933	-59726.141063	-117783.702050	-88462.437804	-112065.812894
-6466.806706	-6524.451855	-5787.917171	-5703.584040	-130822.011032	-113923.511079	-122395.045745	-140116.313412
-5078.226933	-5647.548216	-5752.936691	-5661.406298	-59790.849363	-117865.352972	-88023.695412	-112289.240931
-3853.217227	-5153.552312	-5807.676114	-5714.134063	-130828.224817	-113933.971695	-122402.220655	-140123.242453
1301.027990	-5445.309632	-4534.766619	-5386.412786	-59640.802102	-117612.197114	-89286.345456	-111616.386368
-5179.569743	-5746.611148	-5802.512861	-5707.294429	-130823.776820	-113927.847317	-122397.504437	-140118.705048
-6083.317826	-5700.588906	-5929.537824	-5735.010592	-59815.704503	-117934.956304	-87697.561109	-112471.854683
-6035.507445	-6259.851904	-5789.928828	-5706.579173	-130823.799172	-113926.662675	-122397.236216	-140118.660345
-513.061942	-5494.125842	-4870.199248	-5450.338775	-59686.243199	-117670.244595	-88997.270345	-111768.825265
-3170.751413	-4794.873869	-5818.986096	-5718.135025	-130831.845800	-113938.531451	-122406.378079	-140127.601043
-2952.374870	-5575.530896	-5340.234082	-5565.673776	-59725.202289	-117778.516445	-88499.340534	-112050.278431
-6456.211979	-6515.466453	-5787.671302	-5702.645266	-130821.295777	-113923.153451	-122394.576358	-140116.268708
-5155.698080	-5649.448115	-5765.207799	-5664.647301	-59790.938770	-117868.571623	-88000.159025	-112299.522734
-3923.558166	-5190.544449	-5805.820919	-5712.412979	-130826.615492	-113932.585887	-122400.946605	-140122.326031
1337.595443	-5443.722659	-4540.443962	-5384.021149	-59640.980916	-117610.252513	-89301.298773	-111610.932542
-5127.065495	-5720.169034	-5803.339875	-5707.897926	-130824.223855	-113928.763739	-122398.420858	-140119.934394
-6052.897102	-5698.174917	-5922.295859	-5732.350735	-59813.022293	-117932.810537	-87706.077123	-112466.289099
-6083.317826	-5700.588906	-5929.537824	-5735.010592	-59815.704503	-117934.956304	-87697.561109	-112471.854683
-6035.507445	-6259.851904	-5789.928828	-5706.579173	-130823.799172	-113926.662675	-122397.236216	-140118.660345
-513.061942	-5494.125842	-4870.199248	-5450.338775	-59686.243199	-117670.244595	-88997.270345	-111768.825265
-3170.751413	-4794.873869	-5818.986096	-5718.135025	-130831.845800	-113938.531451	-122406.378079	-140127.601043
-2952.374870	-5575.530896	-5340.234082	-5565.673776	-59725.202289	-117778.516445	-88499.340534	-112050.278431
-6456.211979	-6515.466453	-5787.671302	-5702.645266	-130821.295777	-113923.153451	-122394.576358	-140116.268708
-5155.698080	-5649.448115	-5765.207799	-5664.647301	-59790.938770	-117868.571623	-88000.159025	-112299.522734
-3923.558166	-5190.544449	-5805.820919	-5712.412979	-130826.615492	-113932.585887	-122400.946605	-140122.326031
1337.595443	-5443.722659	-4540.443962	-5384.021149	-59640.980916	-117610.252513	-89301.298773	-111610.932542
-5127.065495	-5720.169034	-5803.339875	-5707.897926	-130824.223855	-113928.763739	-122398.420858	-140119.934394
-6052.897102	-5698.174917	-5922.295859	-5732.350735	-59813.022293	-117932.810537	-87706.077123	-112466.289099
-6067.649253	-6275.498125	-5787.760709	-5703.651095	-130820.960500	-113924.092224	-122394.688117	-140116.536929
-646.099525	-5495.154023	-4902.966905	-5452.864522	-59686.422013	-117672.658583	-88975.343284	-111778.637681
-3169.834992	-4799.411273	-5815.342762	-5714.826967	-130828.515390	-113935.603373	-122403.517056	-140125.142351
-2829.820255	-5567.618378	-5316.094198	-5556.263692	-59718.899097	-117769.933375	-88527.324918	-112032.307629
-6442.689174	-6503.776491	-5785.927866	-5700.231278	-130818.881788	-113921.186497	-122392.676460	-140114.815845
-5233.996240	-5653.605539	-5779.289398	-5670.436403	-59793.352758	-117874.248966	-87980.064807	-112312.732615
-3994.346141	-5228.318897	-5805.999733	-5712.703551	-130827.218989	-113933.479957	-122401.885379	-140123.778894
1371.570095	-5442.627423	-4543.148523	-5382.478879	-59641.003268	-117609.179629	-89314.352192	-111607.266856
-5071.387299	-5691.178821	-5802.423454	-5706.668580	-130823.106268	-113928.003779	-122397.683251	-140119.822636
-6020.174148	-5695.827984	-5915.009190	-5729.757932	-59810.720064	-117930.620066	-87718.594100	-112460.656459
-6101.154518	-6293.267762	-5786.553715	-5702.265287	-130819.887617	-113923.086396	-122394.039916	-140116.313412
-775.717291	-5496.986866	-4929.766647	-5456.239635	-59687.584303	-117675.899586	-88955.204362	-111789.433573
-3169.343253	-4802.808738	-5811.677076	-5711.429502	-130825.229684	-113932.563535	-122400.588977	-140122.683659
-2692.915820	-5559.549398	-5286.768709	-5546.808904	-59712.551202	-117760.992677	-88556.158669	-112013.688626
-2829.820255	-5567.618378	-5316.094198	-5556.263692	-59718.899097	-117769.933375	-88527.324918	-112032.307629
-6442.689174	-6503.776491	-5785.927866	-5700.231278	-130818.881788	-113921.186497	-122392.676460	-140114.815845
-5233.996240	-5653.605539	-5779.289398	-5670.436403	-59793.352758	-117874.248966	-87980.064807	-112312.732615
-3994.346141	-5228.318897	-5805.999733	-5712.703551	-130827.218989	-113933.479957	-122401.885379	-140123.778894
1371.570095	-5442.627423	-4543.148523	-5382.478879	-59641.003268	-117609.179629	-89314.352192	-111607.266856
-5071.387299	-5691.178821	-5802.423454	-5706.668580	-130823.106268	-113928.003779	-122397.683251	-140119.822636
-6020.174148	-5695.827984	-5915.009190	-5729.757932	-59810.720064	-117930.620066	-87718.594100	-112460.656459
-6101.154518	-6293.267762	-5786.553715	-5702.265287	-130819.887617	-113923.086396	-122394.039916	-140116.313412
-775.717291	-5496.986866	-4929.766647	-5456.239635	-59687.584303	-117675.899586	-88955.204362	-111789.433573
-3169.343253	-4802.808738	-5811.677076	-5711.429502	-130825.229684	-113932.563535	-122400.588977	-140122.683659
-2692.915820	-5559.549398	-5286.768709	-5546.808904	-59712.551202	-117760.992677	-88556.158669	-112013.688626
-6426.059476	-6489.292561	-5782.396291	-5695.917391	-130814.567901	-113917.118480	-122388.831960	-140111.463083
-5301.677323	-5652.264434	-5786.263142	-5670.883438	-59790.648197	-117874.561891	-87955.634350	-112319.974580
-4060.909636	-5259.007842	-5800.881183	-5707.875575	-130822.502771	-113928.897849	-122397.549140	-140120.023801
1410.663296	-5439.744048	-4536.644165	-5379.550800	-59639.572756	-117606.452716	-89324.566939	-111601.857734
-5014.367999	-5661.249836	-5802.334047	-5706.266249	-130822.860399	-113928.070835	-122397.795009	-140120.470836
-5982.511459	-5693.458699	-5906.403769	-5727.366296	-59808.775462	-117928.630761	-87730.865208	-112454.353267
-6130.591766	-6307.461120	-5783.223305	-5698.510194	-130816.356041	-113919.957151	-122390.933024	-140113.787665
-910.230089	-5498.372674	-4959.628577	-5459.547694	-59688.612484	-117678.894720	-88932.696156	-111800.296521
-3184.721253	-4816.532709	-5811.565317	-5712.055351	-130825.944939	-113933.681123	-122401.773620	-140124.404743
-2579.212496	-5560.287006	-5270.474287	-5546.317166	-59715.747501	-117761.216195	-88594.670724	-112004.032672
-6417.811682	-6483.212886	-5787.336026	-5700.275981	-130819.172361	-113922.058215	-122393.928158	-140116.983964
-5383.395300	-5658.746440	-5803.697503	-5679.108879	-59796.236133	-117882.608519	-87941.172772	-112334.346751
-4174.814126	-5326.085428	-5799.383616	-5707.003857	-130821.832218	-113928.450814	-122397.280919	-140120.202615
1388.669180	-5438.358240	-4577.592561	-5377.852068	-59640.600936	-117605.513943	-89335.340480	-111599.644911
-4060.909636	-5259.007842	-5800.881183	-5707.875575	-130822.502771	-113928.897849	-122397.549140	-140120.023801
1410.663296	-5439.744048	-4536.644165	-5379.550800	-59639.572756	-117606.452716	-89324.566939	-111601.857734
-5014.367999	-5661.249836	-5802.334047	-5706.266249	-130822.860399	-113928.070835	-122397.795009	-140120.470836
-5982.511459	-5693.458699	-5906.403769	-5727.366296	-59808.775462	-117928.630761	-87730.865208	-112454.353267
-6130.591766	-6307.461120	-5783.223305	-5698.510194	-130816.356041	-113919.957151	-122390.933024	-140113.787665
-910.230089	-5498.372674	-4959.628577	-5459.547694	-59688.612484	-117678.894720	-88932.696156	-111800.296521
-3184.721253	-4816.532709	-5811.565317	-5712.055351	-130825.944939	-113933.681123	-122401.773620	-140124.404743
-2579.212496	-5560.287006	-5270.474287	-5546.317166	-59715.747501	-117761.216195	-88594.670724	-112004.032672
-6417.811682	-6483.212886	-5787.336026	-5700.275981	-130819.172361	-113922.058215	-122393.928158	-140116.983964
-5383.395300	-5658.746440	-5803.697503	-5679.108879	-59796.236133	-117882.608519	-87941.172772	-112334.346751
-4174.814126	-5326.085428	-5799.383616	-5707.003857	-130821.832218	-113928.450814	-122397.280919	-140120.202615
1388.669180	-5438.358240	-4577.592561	-5377.852068	-59640.600936	-117605.513943	-89335.340480	-111599.644911
-4986.227153	-5652.443248	-5800.501204	-5704.813386	-130821.251073	-113926.908544	-122396.699774	-140119.800284
-5952.448362	-5690.620028	-5898.647713	-5724.438217	-59806.629694	-117925.993255	-87744.142144	-112446.932488
-6169.081470	-6327.220062	-5783.357416	-5698.107862	-130815.976061	-113919.823041	-122391.044783	-140114.257051
-1098.297667	-5504.653514	-5042.620604	-5468.868371	-59695.474469	-117686.986051	-88913.406600	-111817.932048
-3330.342869	-4922.614088	-5808.212555	-5710.870708	-130824.603835	-113932.652942	-122400.767791	-140123.734191
-2551.071650	-5555.682547	-5283.304189	-5541.131561	-59714.920487	-117755.851776	-88622.409239	-111991.649806
-6409.988571	-6475.836811	-5785.391424	-5698.107862	-130816.736021	-113920.068910	-122391.894149	-140115.486397
-5467.482563	-5661.115725	-5817.957916	-5683.132193	-59797.890162	-117886.520074	-87917.636385	-112345.120292
-4328.080038	-5417.437007	-5799.093044	-5707.741464	-130822.301605	-113929.233125	-122398.286748	-140121.633127
1291.148518	-5441.912167	-4660.092850	-5383.529411	-59647.574681	-117609.537257	-89343.498867	-111605.813993
-5006.388427	-5675.599656	-5798.601305	-5704.969848	-130820.982852	-113927.020303	-122396.811533	-140120.403781
-5961.143191	-5692.251705	-5904.146243	-5725.734618	-59811.278857	-117927.446118	-87753.060490	-112447.088951
-6215.327229	-6360.010071	-5783.603285	-5700.231278	-130817.831256	-113921.879401	-122393.168198	-140116.916909
-6169.081470	-6327.220062	-5783.357416	-5698.107862	-130815.976061	-113919.823041	-122391.044783	-140114.257051
-1098.297667	-5504.653514	-5042.620604	-5468.868371	-59695.474469	-117686.986051	-88913.406600	-111817.932048
-3330.342869	-4922.614088	-5808.212555	-5710.870708	-130824.603835	-113932.652942	-122400.767791	-140123.734191
-2551.071650	-5555.682547	-5283.304189	-5541.131561	-59714.920487	-117755.851776	-88622.409239	-111991.649806
-6409.988571	-6475.836811	-5785.391424	-5698.107862	-130816.736021	-113920.068910	-122391.894149	-140115.486397
-5467.482563	-5661.115725	-5817.957916	-5683.132193	-59797.890162	-117886.520074	-87917.636385	-112345.120292
-4328.080038	-5417.437007	-5799.093044	-5707.741464	-130822.301605	-113929.233125	-122398.286748	-140121.633127
1291.148518	-5441.912167	-4660.092850	-5383.529411	-59647.574681	-117609.537257	-89343.498867	-111605.813993
-5006.388427	-5675.599656	-5798.601305	-5704.969848	-130820.982852	-113927.020303	-122396.811533	-140120.403781
-5961.143191	-5692.251705	-5904.146243	-5725.734618	-59811.278857	-117927.446118	-87753.060490	-112447.088951
-6215.327229	-6360.010071	-5783.603285	-5700.231278	-130817.831256	-113921.879401	-122393.168198	-140116.916909
-1271.702501	-5512.074293	-5072.706052	-5477.831421	-59703.163469	-117695.971453	-88886.226879	-111837.199251
-3310.293354	-4912.801673	-5811.788835	-5713.888194	-130827.353099	-113935.826890	-122403.986443	-140127.422229
-2399.303305	-5554.386145	-5256.392688	-5538.024668	-59715.613391	-117753.840119	-88649.700719	-111980.630395
-6406.009961	-6475.121555	-5786.397253	-5699.940705	-130818.322995	-113922.035864	-122393.905806	-140117.922737
-5554.207331	-5669.430574	-5837.828617	-5692.519926	-59806.741453	-117895.907807	-87896.134007	-112363.001688
-4348.643643	-5418.912222	-5803.026951	-5712.100054	-130826.570788	-113933.725826	-122402.779448	-140126.639918
1373.939380	-5445.533150	-4609.935535	-5385.965751	-59650.368649	-117612.822963	-89348.304492	-111606.551600
-4899.167108	-5616.747512	-5804.792739	-5709.462548	-130825.073221	-113931.647114	-122401.371288	-140125.388220
-5907.275487	-5692.609333	-5896.613705	-5725.086418	-59811.234154	-117927.669636	-87766.851517	-112442.015105
-6240.405886	-6376.438603	-5786.866639	-5702.824080	-130820.133486	-113924.539259	-122395.939815	-140120.247319
-1388.937400	-5519.785645	-5082.876096	-5486.503897	-59708.326722	-117704.956854	-88860.321207	-111854.097170
-3257.744403	-4879.989312	-5814.940431	-5716.324534	-130829.454163	-113938.196175	-122406.422783	-140130.462066
-2235.353259	-5551.256901	-5218.931165	-5532.682602	-59712.394740	-117749.414474	-88677.260420	-111966.571148
-6390.229629	-6463.811572	-5788.118337	-5701.102996	-130819.038250	-113923.019340	-122395.090448	-140119.554415
-6406.009961	-6475.121555	-5786.397253	-5699.940705	-130818.322995	-113922.035864	-122393.905806	-140117.922737
-5554.207331	-5669.430574	-5837.828617	-5692.519926	-59806.741453	-117895.907807	-87896.134007	-112363.001688
-4348.643643	-5418.912222	-5803.026951	-5712.100054	-130826.570788	-113933.725826	-122402.779448	-140126.639918
1373.939380	-5445.533150	-4609.935535	-5385.965751	-59650.368649	-117612.822963	-89348.304492	-111606.551600
-4899.167108	-5616.747512	-5804.792739	-5709.462548	-130825.073221	-113931.647114	-122401.371288	-140125.388220
-5907.275487	-5692.609333	-5896.613705	-5725.086418	-59811.234154	-117927.669636	-87766.851517	-112442.015105
-6240.405886	-6376.438603	-5786.866639	-5702.824080	-130820.133486	-113924.539259	-122395.939815	-140120.247319
-1388.937400	-5519.785645	-5082.876096	-5486.503897	-59708.326722	-117704.956854	-88860.321207	-111854.097170
-3257.744403	-4879.989312	-5814.940431	-5716.324534	-130829.454163	-113938.196175	-122406.422783	-140130.462066
-2235.353259	-5551.256901	-5218.931165	-5532.682602	-59712.394740	-117749.414474	-88677.260420	-111966.571148
-6390.229629	-6463.811572	-5788.118337	-5701.102996	-130819.038250	-113923.019340	-122395.090448	-140119.554415
-5612.701847	-5672.783336	-5847.037536	-5696.811461	-59807.054377	-117900.288749	-87872.128233	-112374.423429
-4395.738768	-5438.604109	-5803.943372	-5712.547089	-130826.682547	-113934.105806	-122403.427649	-140127.757505
1416.541805	-5446.851903	-4588.723730	-5386.233972	-59650.547463	-117614.208771	-89349.869114	-111606.506897
-4824.936965	-5578.749547	-5807.877279	-5711.608316	-130826.839009	-113933.703474	-122403.584111	-140128.070429
-5858.682794	-5691.827022	-5888.142394	-5723.320630	-59809.021331	-117926.462642	-87778.608534	-112436.583631
-6266.043337	-6392.598914	-5787.805413	-5703.338170	-130820.334652	-113924.919239	-122396.565663	-140121.342554
-1511.916698	-5524.524215	-5094.230782	-5491.935371	-59710.248972	-117710.835363	-88830.436925	-111868.894025
-3232.330469	-4863.829000	-5816.817977	-5717.710342	-130830.169419	-113939.291410	-122407.696832	-140132.160799
-2073.772499	-5547.837084	-5181.536696	-5526.871148	-59708.952571	-117744.921773	-88702.942574	-111952.668363
-6373.041138	-6451.384002	-5789.861773	-5701.818252	-130819.172361	-113923.555782	-122395.671594	-140120.604947
-5664.021452	-5677.544257	-5855.642957	-5702.466452	-59809.088386	-117906.010795	-87851.028186	-112386.918054
-4447.706574	-5461.626406	-5804.949201	-5713.195290	-130826.950768	-113934.686951	-122404.165257	-140128.875092
1458.518381	-5444.504970	-4562.482782	-5382.769451	-59647.373515	-117611.683024	-89348.326844	-111602.908266
-4749.589235	-5538.404648	-5806.424416	-5709.149624	-130823.754468	-113931.110672	-122400.946605	-140125.947014
-4824.936965	-5578.749547	-5807.877279	-5711.608316	-130826.839009	-113933.703474	-122403.584111	-140128.070429
-5858.682794	-5691.827022	-5888.142394	-5723.320630	-59809.021331	-117926.462642	-87778.608534	-112436.583631
-6266.043337	-6392.598914	-5787.805413	-5703.338170	-130820.334652	-113924.919239	-122396.565663	-140121.342554
-1511.916698	-5524.524215	-5094.230782	-5491.935371	-59710.248972	-117710.835363	-88830.436925	-111868.894025
-3232.330469	-4863.829000	-5816.817977	-5717.710342	-130830.169419	-113939.291410	-122407.696832	-140132.160799
-2073.772499	-5547.837084	-5181.536696	-5526.871148	-59708.952571	-117744.921773	-88702.942574	-111952.668363
-6373.041138	-6451.384002	-5789.861773	-5701.818252	-130819.172361	-113923.555782	-122395.671594	-140120.604947
-5664.021452	-5677.544257	-5855.642957	-5702.466452	-59809.088386	-117906.010795	-87851.028186	-112386.918054
-4447.706574	-5461.626406	-5804.949201	-5713.195290	-130826.950768	-113934.686951	-122404.165257	-140128.875092
1458.518381	-5444.504970	-4562.482782	-5382.769451	-59647.373515	-117611.683024	-89348.326844	-111602.908266
-4749.589235	-5538.404648	-5806.424416	-5709.149624	-130823.754468	-113931.110672	-122400.946605	-140125.947014
-5798.333084	-5687.647246	-5874.731347	-5718.224432	-59804.506279	-117921.902886	-87790.007924	-112427.285305
-6284.461175	-6403.104234	-5787.336026	-5701.974714	-130818.658271	-113923.533431	-122395.246910	-140120.604947
-1623.407200	-5525.507692	-5101.606858	-5494.416415	-59709.220792	-117713.025834	-88799.680924	-111879.354641
-3195.405387	-4839.890282	-5814.783968	-5715.050485	-130827.263692	-113936.631553	-122405.036975	-140130.082086
-1906.536747	-5542.316203	-5141.482370	-5519.584479	-59704.482222	-117738.395064	-88728.580025	-111936.418645
-6351.538760	-6435.715429	-5792.611038	-5703.293467	-130820.357003	-113925.165108	-122397.146809	-140122.683659
-5705.618048	-5680.204115	-5861.208542	-5705.774511	-59810.138918	-117909.587074	-87832.655052	-112395.501124
-4480.787156	-5472.042319	-5804.815090	-5712.390627	-130825.922588	-113933.882288	-122403.382945	-140128.740982
1504.004181	-5444.929653	-4533.872549	-5382.881210	-59647.775846	-117612.063004	-89348.930341	-111601.634217
-4662.193914	-5491.890668	-5810.045398	-5711.898889	-130826.101402	-113933.770529	-122403.695870	-140129.210368
-5735.189406	-5685.345016	-5862.862571	-5714.804615	-59802.494622	-117919.220676	-87805.274165	-112417.741110
-6299.101567	-6411.352028	-5787.336026	-5701.550031	-130817.898311	-113923.064044	-122394.956338	-140120.716705
-1735.121219	-5528.391067	-5112.447454	-5498.730302	-59710.696007	-117717.384424	-88771.070691	-111890.575217
-3144.286948	-4806.295610	-5814.873375	-5714.648153	-130826.503733	-113936.318628	-122404.679347	-140130.260900
-3195.405387	-4839.890282	-5814.783968	-5715.050485	-130827.263692	-113936.631553	-122405.036975	-140130.082086
-1906.536747	-5542.316203	-5141.482370	-5519.584479	-59704.482222	-117738.395064	-88728.580025	-111936.418645
-6351.538760	-6435.715429	-5792.611038	-5703.293467	-130820.357003	-113925.165108	-122397.146809	-140122.683659
-5705.618048	-5680.204115	-5861.208542	-5705.774511	-59810.138918	-117909.587074	-87832.655052	-112395.501124
-4480.787156	-5472.042319	-5804.815090	-5712.390627	-130825.922588	-113933.882288	-122403.382945	-140128.740982
1504.004181	-5444.929653	-4533.872549	-5382.881210	-59647.775846	-117612.063004	-89348.930341	-111601.634217
-4662.193914	-5491.890668	-5810.045398	-5711.898889	-130826.101402	-113933.770529	-122403.695870	-140129.210368
-5735.189406	-5685.345016	-5862.862571	-5714.804615	-59802.494622	-117919.220676	-87805.274165	-112417.741110
-6299.101567	-6411.352028	-5787.336026	-5701.550031	-130817.898311	-113923.064044	-122394.956338	-140120.716705
-1735.121219	-5528.391067	-5112.447454	-5498.730302	-59710.696007	-117717.384424	-88771.070691	-111890.575217
-3144.286948	-4806.295610	-5814.873375	-5714.648153	-130826.503733	-113936.318628	-122404.679347	-140130.260900
-1740.485637	-5534.917776	-5099.081111	-5510.174395	-59698.156678	-117730.057863	-88751.155287	-111917.129089
-6321.743884	-6412.916650	-5788.095985	-5698.241973	-130814.947881	-113920.203021	-122392.184721	-140118.235662
-5745.314747	-5677.723071	-5862.996681	-5704.098130	-59806.316770	-117908.111859	-87808.783389	-112397.713947
-4514.582993	-5481.810031	-5801.350570	-5708.881403	-130822.167495	-113930.350713	-122400.007832	-140125.902310
1531.385068	-5440.705173	-4509.419740	-5378.790841	-59643.305498	-117608.151449	-89343.722384	-111595.599246
-4573.926875	-5442.515664	-5807.542003	-5708.680237	-130822.480419	-113930.685989	-122400.611329	-140126.550511
-5670.816382	-5679.958246	-5849.093896	-5708.702589	-59797.309017	-117913.789202	-87817.768790	-112405.268837
-6315.127768	-6420.829167	-5786.374901	-5700.231278	-130816.400744	-113921.834698	-122393.816399	-140120.157912
-1858.726365	-5531.609718	-5129.054800	-5503.625334	-59711.925353	-117722.100642	-88741.924017	-111902.712214
-3114.603831	-4785.977875	-5813.152291	-5712.658848	-130824.223855	-113934.306971	-122402.891207	-140128.919796
-1586.906801	-5528.860453	-5063.430078	-5502.843023	-59692.904019	-117723.285284	-88775.004598	-111900.499392
-6300.688541	-6398.231554	-5790.711140	-5700.275981	-130816.691317	-113922.259381	-122394.375192	-140120.850816
-5790.241753	-5682.863973	-5872.362062	-5710.401322	-59809.691883	-117914.616217	-87793.628906	-112408.576895
-4569.836506	-5507.402779	-5803.362227	-5710.647191	-130823.732117	-113932.295314	-122402.131248	-140128.517464
-4514.582993	-5481.810031	-5801.350570	-5708.881403	-130822.167495	-113930.350713	-122400.007832	-140125.902310
1531.385068	-5440.705173	-4509.419740	-5378.790841	-59643.305498	-117608.151449	-89343.722384	-111595.599246
-4573.926875	-5442.515664	-5807.542003	-5708.680237	-130822.480419	-113930.685989	-122400.611329	-140126.550511
-5670.816382	-5679.958246	-5849.093896	-5708.702589	-59797.309017	-117913.789202	-87817.768790	-112405.268837
-6315.127768	-6420.829167	-5786.374901	-5700.231278	-130816.400744	-113921.834698	-122393.816399	-140120.157912
-1858.726365	-5531.609718	-5129.054800	-5503.625334	-59711.925353	-117722.100642	-88741.924017	-111902.712214
-3114.603831	-4785.977875	-5813.152291	-5712.658848	-130824.223855	-113934.306971	-122402.891207	-140128.919796
-1586.906801	-5528.860453	-5063.430078	-5502.843023	-59692.904019	-117723.285284	-88775.004598	-111900.499392
-6300.688541	-6398.231554	-5790.711140	-5700.275981	-130816.691317	-113922.259381	-122394.375192	-140120.850816
-5790.241753	-5682.863973	-5872.362062	-5710.401322	-59809.691883	-117914.616217	-87793.628906	-112408.576895
-4569.836506	-5507.402779	-5803.362227	-5710.647191	-130823.732117	-113932.295314	-122402.131248	-140128.517464
1542.069202	-5440.951042	-4498.355627	-5379.103765	-59642.925518	-117608.620835	-89340.995472	-111595.487487
-4501.127243	-5404.025960	-5807.676114	-5708.076740	-130821.608701	-113930.216602	-122400.186646	-140126.706973
-5607.963277	-5678.460679	-5837.940376	-5706.132139	-59795.476174	-117911.844601	-87833.593826	-112396.730470
-6335.691373	-6434.888415	-5791.091119	-5704.299295	-130820.334652	-113926.126233	-122398.331451	-140125.187054
-1981.392739	-5540.773933	-5148.456114	-5514.309468	-59719.010856	-117732.673017	-88717.493560	-111920.951238
-3093.839061	-4775.696072	-5818.136730	-5717.263307	-130828.649500	-113939.224355	-122407.965053	-140134.463028
-1426.890663	-5527.742866	-5026.594404	-5500.183165	-59692.121707	-117721.363034	-88801.625526	-111888.384746
-6275.364015	-6380.976007	-5794.935619	-5703.047598	-130819.150009	-113925.232163	-122397.526788	-140124.471798
-5829.267899	-5686.306141	-5878.106460	-5714.558746	-59810.138918	-117918.885400	-87773.869964	-112416.914096
-4622.877195	-5531.475607	-5802.959895	-5710.378970	-130823.329785	-113932.094149	-122402.220655	-140129.053906
1540.839856	-5441.174560	-4493.728816	-5379.059062	-59644.266623	-117608.956112	-89339.430849	-111594.347548
-4427.813521	-5366.586788	-5809.084273	-5709.395493	-130822.636881	-113931.714169	-122401.751268	-140128.718630
-5539.410477	-5674.482068	-5823.858777	-5701.259458	-59790.961121	-117907.553066	-87846.647244	-112385.062860
-6348.767143	-6441.884511	-5790.062939	-5702.980543	-130818.814733	-113924.986294	-122397.236216	-140124.605909
-5607.963277	-5678.460679	-5837.940376	-5706.132139	-59795.476174	-117911.844601	-87833.593826	-112396.730470
-6335.691373	-6434.888415	-5791.091119	-5704.299295	-130820.334652	-113926.126233	-122398.331451	-140125.187054
-1981.392739	-5540.773933	-5148.456114	-5514.309468	-59719.010856	-117732.673017	-88717.493560	-111920.951238
-3093.839061	-4775.696072	-5818.136730	-5717.263307	-130828.649500	-113939.224355	-122407.965053	-140134.463028
-1426.890663	-5527.742866	-5026.594404	-5500.183165	-59692.121707	-117721.363034	-88801.625526	-111888.384746
-6275.364015	-6380.976007	-5794.935619	-5703.047598	-130819.150009	-113925.232163	-122397.526788	-140124.471798
-5829.267899	-5686.306141	-5878.106460	-5714.558746	-59810.138918	-117918.885400	-87773.869964	-112416.914096
-4622.877195	-5531.475607	-5802.959895	-5710.378970	-130823.329785	-113932.094149	-122402.220655	-140129.053906
1540.839856	-5441.174560	-4493.728816	-5379.059062	-59644.266623	-117608.956112	-89339.430849	-111594.347548
-4427.813521	-5366.586788	-5809.084273	-5709.395493	-130822.636881	-113931.714169	-122401.751268	-140128.718630
-5539.410477	-5674.482068	-5823.858777	-5701.259458	-59790.961121	-117907.553066	-87846.647244	-112385.062860
-6348.767143	-6441.884511	-5790.062939	-5702.980543	-130818.814733	-113924.986294	-122397.236216	-140124.605909
-2114.027991	-5542.942052	-5174.697062	-5517.908098	-59720.441368	-117736.294000	-88687.832795	-111931.478909
-3086.083005	-4770.577523	-5816.594460	-5716.726865	-130827.755431	-113938.620858	-122407.473315	-140134.463028
-1288.198088	-5522.221985	-4998.699426	-5492.650627	-59688.836001	-117714.791622	-88827.128867	-111871.039792
-6247.580796	-6361.150010	-5793.750977	-5701.818252	-130817.630090	-113924.181631	-122396.386849	-140123.890653
-5869.925722	-5687.133156	-5884.253190	-5716.078665	-59809.937752	-117920.785298	-87756.994397	-112421.786776
-4680.365882	-5558.320052	-5802.021122	-5709.909583	-130822.860399	-113931.803576	-122402.086544	-140129.411534
1526.244167	-5439.341717	-4494.198202	-5377.159164	-59642.970221	-117607.480896	-89334.468762	-111591.821801
-4351.214093	-5327.918271	-5808.927811	-5709.216679	-130822.100439	-113931.557707	-122401.795972	-140129.098610
-5472.422298	-5671.330472	-5811.386503	-5696.967923	-59788.278912	-117904.155601	-87864.975675	-112374.021098
-6363.228722	-6451.004022	-5790.331160	-5703.137005	-130818.725326	-113925.187460	-122397.795009	-140125.522330
-2250.284225	-5546.205407	-5198.792243	-5522.512558	-59721.760121	-117740.943163	-88657.613237	-111944.353514
-3074.638912	-4764.251979	-5815.834500	-5716.168072	-130827.017823	-113938.240878	-122407.182742	-140134.708897
-1145.258682	-5518.042209	-4968.770441	-5486.503897	-59685.684405	-117709.650720	-88853.123945	-111856.153531
-1288.198088	-5522.221985	-4998.699426	-5492.650627	-59688.836001	-117714.791622	-88827.128867	-111871.039792
-6247.580796	-6361.150010	-5793.750977	-5701.818252	-130817.630090	-113924.181631	-122396.386849	-140123.890653
-5869.925722	-5687.133156	-5884.253190	-5716.078665	-59809.937752	-117920.785298	-87756.994397	-112421.786776
-4680.365882	-5558.320052	-5802.021122	-5709.909583	-130822.860399	-113931.803576	-122402.086544	-140129.411534
1526.244167	-5439.341717	-4494.198202	-5377.159164	-59642.970221	-117607.480896	-89334.468762	-111591.821801
-4351.214093	-5327.918271	-5808.927811	-5709.216679	-130822.100439	-113931.557707	-122401.795972	-140129.098610
-5472.422298	-5671.330472	-5811.386503	-5696.967923	-59788.278912	-117904.155601	-87864.975675	-112374.021098
-6363.228722	-6451.004022	-5790.331160	-5703.137005	-130818.725326	-113925.187460	-122397.795009	-140125.522330
-2250.284225	-5546.205407	-5198.792243	-5522.512558	-59721.760121	-117740.943163	-88657.613237	-111944.353514
-3074.638912	-4764.251979	-5815.834500	-5716.168072	-130827.017823	-113938.240878	-122407.182742	-140134.708897
-1145.258682	-5518.042209	-4968.770441	-5486.503897	-59685.684405	-117709.650720	-88853.123945	-111856.153531
-6220.646944	-6343.358021	-5795.293247	-5702.935839	-130818.613567	-113925.522736	-122397.906768	-140125.812903
-5907.320190	-5689.480089	-5889.975237	-5719.051447	-59810.496546	-117924.115708	-87742.152839	-112429.274610
-4738.391011	-5586.974989	-5804.010427	-5712.055351	-130824.648538	-113933.971695	-122404.478181	-140132.294909
1514.196576	-5444.169693	-4488.744377	-5381.830678	-59647.217053	-117612.420632	-89334.804038	-111597.342682
-4282.326017	-5295.821166	-5813.308753	-5713.530566	-130826.101402	-113936.028056	-122406.355727	-140134.172456
-5401.656676	-5668.938836	-5798.601305	-5693.525755	-59786.021386	-117901.227522	-87885.248707	-112364.722772
-6378.047929	-6460.369403	-5789.660608	-5702.444101	-130817.875960	-113924.673369	-122397.370326	-140125.656441
-2377.376244	-5552.620358	-5220.249918	-5530.670945	-59726.051656	-117748.878032	-88631.819324	-111961.430247
-3081.366787	-4768.163534	-5820.573070	-5721.063104	-130831.711689	-113943.314724	-122412.368347	-140140.363889
-1001.469910	-5519.629183	-4938.640289	-5486.682711	-59688.143097	-117710.365976	-88884.550498	-111848.598641
-6199.949229	-6331.556300	-5800.300038	-5708.076740	-130823.396841	-113930.618934	-122403.159428	-140131.602005
-5943.708830	-5694.442176	-5897.999513	-5724.795845	-59813.759901	-117929.860107	-87732.742755	-112439.601116
-4803.009904	-5617.954507	-5803.719855	-5712.010647	-130824.648538	-113934.195213	-122404.813457	-140133.323089
1499.578536	-5444.952005	-4480.831859	-5382.680044	-59647.306460	-117613.404109	-89331.563035	-111599.533153
1514.196576	-5444.169693	-4488.744377	-5381.830678	-59647.217053	-117612.420632	-89334.804038	-111597.342682
-4282.326017	-5295.821166	-5813.308753	-5713.530566	-130826.101402	-113936.028056	-122406.355727	-140134.172456
-5401.656676	-5668.938836	-5798.601305	-5693.525755	-59786.021386	-117901.227522	-87885.248707	-112364.722772
-6378.047929	-6460.369403	-5789.660608	-5702.444101	-130817.875960	-113924.673369	-122397.370326	-140125.656441
-2377.376244	-5552.620358	-5220.249918	-5530.670945	-59726.051656	-117748.878032	-88631.819324	-111961.430247
-3081.366787	-4768.163534	-5820.573070	-5721.063104	-130831.711689	-113943.314724	-122412.368347	-140140.363889
-1001.469910	-5519.629183	-4938.640289	-5486.682711	-59688.143097	-117710.365976	-88884.550498	-111848.598641
-6199.949229	-6331.556300	-5800.300038	-5708.076740	-130823.396841	-113930.618934	-122403.159428	-140131.602005
-5943.708830	-5694.442176	-5897.999513	-5724.795845	-59813.759901	-117929.860107	-87732.742755	-112439.601116
-4803.009904	-5617.954507	-5803.719855	-5712.010647	-130824.648538	-113934.195213	-122404.813457	-140133.323089
1499.578536	-5444.952005	-4480.831859	-5382.680044	-59647.306460	-117613.404109	-89331.563035	-111599.533153
-4219.115283	-5263.992281	-5813.666381	-5713.687028	-130826.168457	-113936.564498	-122406.802762	-140135.290043
-5325.727800	-5665.720185	-5784.854982	-5689.077757	-59783.763860	-117897.450077	-87907.265175	-112353.837473
-6392.554211	-6470.204171	-5788.095985	-5701.192403	-130816.557207	-113923.555782	-122396.386849	-140125.254110
-2504.244745	-5554.207331	-5240.522950	-5533.733134	-59725.962249	-117751.828462	-88602.091503	-111972.851988
-3077.902267	-4763.447316	-5815.365114	-5715.944554	-130826.436678	-113938.285582	-122407.450963	-140135.982947
-852.406127	-5507.827462	-4899.189460	-5472.936389	-59677.749536	-117697.491371	-88903.862405	-111826.157490
-6163.672348	-6305.114186	-5792.655741	-5700.544202	-130815.640785	-113923.444024	-122395.917463	-140124.896482
-5970.240351	-5692.005836	-5899.541783	-5722.806540	-59811.032988	-117928.250781	-87719.018783	-112440.428131
-4849.143904	-5636.417048	-5802.244640	-5710.557784	-130822.972157	-113932.988218	-122403.762925	-140132.674889
1485.720454	-5442.225092	-4464.850362	-5379.975483	-59643.461960	-117611.191286	-89321.705916	-111597.499144
-4132.301108	-5214.550223	-5811.230041	-5710.893060	-130823.039213	-113933.971695	-122404.209960	-140133.099572
-5247.541398	-5661.071022	-5770.840439	-5682.931028	-59781.528685	-117892.175066	-87931.136838	-112339.666467
-6403.238345	-6476.887343	-5787.045453	-5700.588906	-130815.797247	-113923.354617	-122396.185684	-140125.611737
-2626.553491	-5555.056698	-5260.505409	-5535.856549	-59725.671676	-117753.996581	-88572.810718	-111982.262073
-6392.554211	-6470.204171	-5788.095985	-5701.192403	-130816.557207	-113923.555782	-122396.386849	-140125.254110
-2504.244745	-5554.207331	-5240.522950	-5533.733134	-59725.962249	-117751.828462	-88602.091503	-111972.851988
-3077.902267	-4763.447316	-5815.365114	-5715.944554	-130826.436678	-113938.285582	-122407.450963	-140135.982947
-852.406127	-5507.827462	-4899.189460	-5472.936389	-59677.749536	-117697.491371	-88903.862405	-111826.157490
-6163.672348	-6305.114186	-5792.655741	-5700.544202	-130815.640785	-113923.444024	-122395.917463	-140124.896482
-5970.240351	-5692.005836	-5899.541783	-5722.806540	-59811.032988	-117928.250781	-87719.018783	-112440.428131
-4849.143904	-5636.417048	-5802.244640	-5710.557784	-130822.972157	-113932.988218	-122403.762925	-140132.674889
1485.720454	-5442.225092	-4464.850362	-5379.975483	-59643.461960	-117611.191286	-89321.705916	-111597.499144
-4132.301108	-5214.550223	-5811.230041	-5710.893060	-130823.039213	-113933.971695	-122404.209960	-140133.099572
-5247.541398	-5661.071022	-5770.840439	-5682.931028	-59781.528685	-117892.175066	-87931.136838	-112339.666467
-6403.238345	-6476.887343	-5787.045453	-5700.588906	-130815.797247	-113923.354617	-122396.185684	-140125.611737
-2626.553491	-5555.056698	-5260.505409	-5535.856549	-59725.671676	-117753.996581	-88572.810718	-111982.262073
-3051.974243	-4741.564958	-5813.487567	-5713.508214	-130823.843875	-113936.117463	-122405.595768	-140134.641842
-715.792264	-5503.223002	-4867.248817	-5466.543790	-59674.955568	-117692.059897	-88929.253987	-111810.868896
-6131.932870	-6285.243486	-5794.175660	-5701.885307	-130816.825428	-113925.030997	-122397.683251	-140127.176360
-6004.527927	-5692.810499	-5906.001437	-5723.879424	-59812.642314	-117929.547182	-87711.620356	-112443.467968
-4906.163204	-5663.149734	-5799.718893	-5708.099092	-130820.535817	-113930.685989	-122401.773620	-140131.266729
1439.497046	-5442.090981	-4480.027196	-5379.953132	-59644.199567	-117611.280693	-89316.028573	-111598.102641
-4061.021395	-5179.793260	-5811.095930	-5710.468377	-130822.435715	-113933.748178	-122404.120553	-140133.747772
-5171.925446	-5655.818362	-5756.311805	-5676.449022	-59777.773592	-117886.162446	-87952.750975	-112325.361350
-6413.788368	-6483.794032	-5786.307846	-5699.448967	-130814.813771	-113922.594657	-122395.671594	-140125.678793
-2762.697966	-5559.482343	-5290.903782	-5541.980927	-59729.225603	-117759.919794	-88547.016805	-111996.030747
-3064.446517	-4747.823447	-5814.225175	-5714.067008	-130824.402669	-113936.989181	-122406.556893	-140136.184113
-587.560306	-5500.317276	-4845.612329	-5462.341662	-59673.592111	-117688.371860	-88955.293769	-111798.374271
-6102.182699	-6266.669186	-5795.248544	-5702.533508	-130817.250111	-113925.813308	-122398.577320	-140128.696278
-6131.932870	-6285.243486	-5794.175660	-5701.885307	-130816.825428	-113925.030997	-122397.683251	-140127.176360
-6004.527927	-5692.810499	-5906.001437	-5723.879424	-59812.642314	-117929.547182	-87711.620356	-112443.467968
-4906.163204	-5663.149734	-5799.718893	-5708.099092	-130820.535817	-113930.685989	-122401.773620	-140131.266729
1439.497046	-5442.090981	-4480.027196	-5379.953132	-59644.199567	-117611.280693	-89316.028573	-111598.102641
-4061.021395	-5179.793260	-5811.095930	-5710.468377	-130822.435715	-113933.748178	-122404.120553	-140133.747772
-5171.925446	-5655.818362	-5756.311805	-5676.449022	-59777.773592	-117886.162446	-87952.750975	-112325.361350
-6413.788368	-6483.794032	-5786.307846	-5699.448967	-130814.813771	-113922.594657	-122395.671594	-140125.678793
-2762.697966	-5559.482343	-5290.903782	-5541.980927	-59729.225603	-117759.919794	-88547.016805	-111996.030747
-3064.446517	-4747.823447	-5814.225175	-5714.067008	-130824.402669	-113936.989181	-122406.556893	-140136.184113
-587.560306	-5500.317276	-4845.612329	-5462.341662	-59673.592111	-117688.371860	-88955.293769	-111798.374271
-6102.182699	-6266.669186	-5795.248544	-5702.533508	-130817.250111	-113925.813308	-122398.577320	-140128.696278
-6033.071105	-5694.576287	-5911.499967	-5726.472226	-59813.603439	-117932.184688	-87702.769065	-112448.944145
-4969.418641	-5696.386778	-5800.456500	-5708.859051	-130821.228721	-113931.803576	-122403.002966	-140133.054868
1399.934459	-5443.566196	-4485.793946	-5381.942437	-59645.294803	-117613.359405	-89310.820617	-111601.544810
-4001.096368	-5153.194684	-5812.727608	-5711.764778	-130823.285082	-113935.223393	-122405.685175	-140135.692374
-5094.856631	-5655.326623	-5744.800656	-5674.794993	-59777.907703	-117885.246025	-87978.053150	-112316.979446
-6430.440418	-6496.914506	-5789.727663	-5703.069950	-130818.077125	-113926.305047	-122399.516094	-140130.037383
-2896.562564	-5566.277273	-5319.625773	-5550.318128	-59733.874766	-117768.055829	-88522.273424	-112012.928666
-3088.407587	-4762.888522	-5814.694561	-5714.648153	-130824.782649	-113937.749140	-122407.518018	-140137.659328
-463.597532	-5497.053921	-4821.628907	-5457.580740	-59671.178123	-117684.370897	-88980.283020	-111786.170219
-6075.248846	-6250.777096	-5797.394311	-5704.723979	-130819.306471	-113928.339056	-122401.125419	-140131.803171
-6066.822239	-5699.516022	-5920.038333	-5732.037810	-59817.313828	-117937.973790	-87697.114074	-112457.974250
-5040.072505	-5733.848302	-5800.076520	-5708.993162	-130821.407535	-113932.250611	-122403.673518	-140134.239511
1336.500208	-5444.303804	-4499.093234	-5383.015321	-59645.495969	-117614.566399	-89302.908099	-111605.188144
-3951.475495	-5132.318155	-5812.817015	-5712.077703	-130823.530951	-113935.849242	-122406.422783	-140136.944072
-4001.096368	-5153.194684	-5812.727608	-5711.764778	-130823.285082	-113935.223393	-122405.685175	-140135.692374
-5094.856631	-5655.326623	-5744.800656	-5674.794993	-59777.907703	-117885.246025	-87978.053150	-112316.979446
-6430.440418	-6496.914506	-5789.727663	-5703.069950	-130818.077125	-113926.305047	-122399.516094	-140130.037383
-2896.562564	-5566.277273	-5319.625773	-5550.318128	-59733.874766	-117768.055829	-88522.273424	-112012.928666
-3088.407587	-4762.888522	-5814.694561	-5714.648153	-130824.782649	-113937.749140	-122407.518018	-140137.659328
-463.597532	-5497.053921	-4821.628907	-5457.580740	-59671.178123	-117684.370897	-88980.283020	-111786.170219
-6075.248846	-6250.777096	-5797.394311	-5704.723979	-130819.306471	-113928.339056	-122401.125419	-140131.803171
-6066.822239	-5699.516022	-5920.038333	-5732.037810	-59817.313828	-117937.973790	-87697.114074	-112457.974250
-5040.072505	-5733.848302	-5800.076520	-5708.993162	-130821.407535	-113932.250611	-122403.673518	-140134.239511
1336.500208	-5444.303804	-4499.093234	-5383.015321	-59645.495969	-117614.566399	-89302.908099	-111605.188144
-3951.475495	-5132.318155	-5812.817015	-5712.077703	-130823.530951	-113935.849242	-122406.422783	-140136.944072
-5021.095874	-5651.571530	-5730.875520	-5670.123478	-59775.247845	-117880.932138	-88000.851929	-112305.557705
-6442.130380	-6505.050541	-5787.179564	-5701.147699	-130816.065468	-113924.651018	-122398.130286	-140129.098610
-3040.060763	-5570.546457	-5350.180608	-5556.531913	-59736.735789	-117773.956689	-88494.244336	-112028.351370
-3124.304488	-4786.961351	-5815.320410	-5715.989258	-130825.900236	-113939.336114	-122409.194399	-140139.872150
-355.638606	-5495.221078	-4805.110968	-5454.473848	-59670.932254	-117681.934557	-89005.875767	-111776.067230
-6045.275157	-6232.694534	-5797.126090	-5705.081607	-130819.440582	-113928.897849	-122401.863027	-140132.965461
-6096.706521	-5701.818252	-5926.319173	-5734.988241	-59819.236078	-117941.214793	-87690.386199	-112464.210387
-5114.257945	-5773.142668	-5801.171756	-5710.982467	-130823.374489	-113934.485785	-122406.042803	-140137.212293
1264.482887	-5449.757630	-4523.993078	-5389.072643	-59650.994498	-117620.735481	-89299.175358	-111614.285304
-3908.873070	-5117.476597	-5816.326239	-5715.788092	-130827.107230	-113939.850204	-122410.513152	-140141.593235
-4943.490618	-5650.565702	-5718.917336	-5667.754193	-59775.672528	-117879.367516	-88028.679851	-112296.259379
-6454.490895	-6514.751198	-5787.805413	-5702.153528	-130816.959538	-113925.925067	-122399.449038	-140131.043211
-3180.116794	-5576.000282	-5381.361292	-5563.773878	-59740.826159	-117781.131599	-88467.668112	-112044.936364
-3164.716442	-4811.168291	-5815.454521	-5716.413941	-130826.257864	-113940.118425	-122409.999062	-140141.302662
-3124.304488	-4786.961351	-5815.320410	-5715.989258	-130825.900236	-113939.336114	-122409.194399	-140139.872150
-355.638606	-5495.221078	-4805.110968	-5454.473848	-59670.932254	-117681.934557	-89005.875767	-111776.067230
-6045.275157	-6232.694534	-5797.126090	-5705.081607	-130819.440582	-113928.897849	-122401.863027	-140132.965461
-6096.706521	-5701.818252	-5926.319173	-5734.988241	-59819.236078	-117941.214793	-87690.386199	-112464.210387
-5114.257945	-5773.142668	-5801.171756	-5710.982467	-130823.374489	-113934.485785	-122406.042803	-140137.212293
1264.482887	-5449.757630	-4523.993078	-5389.072643	-59650.994498	-117620.735481	-89299.175358	-111614.285304
-3908.873070	-5117.476597	-5816.326239	-5715.788092	-130827.107230	-113939.850204	-122410.513152	-140141.593235
-4943.490618	-5650.565702	-5718.917336	-5667.754193	-59775.672528	-117879.367516	-88028.679851	-112296.259379
-6454.490895	-6514.751198	-5787.805413	-5702.153528	-130816.959538	-113925.925067	-122399.449038	-140131.043211
-3180.116794	-5576.000282	-5381.361292	-5563.773878	-59740.826159	-117781.131599	-88467.668112	-112044.936364
-3164.716442	-4811.168291	-5815.454521	-5716.413941	-130826.257864	-113940.118425	-122409.999062	-140141.302662
-242.002337	-5493.544697	-4789.889430	-5451.590473	-59670.798143	-117679.609976	-89031.580273	-111766.232463
-6014.921488	-6214.969601	-5799.942410	-5707.540298	-130821.608701	-113931.647114	-122404.522884	-140136.318223
-6119.639411	-5704.321647	-5931.035391	-5738.273947	-59821.113625	-117944.545203	-87684.865318	-112470.066544
-5180.910847	-5807.094968	-5800.434148	-5710.177804	-130822.391012	-113934.038750	-122405.640472	-140137.391107
1197.561764	-5449.243539	-4536.107723	-5389.542030	-59650.301594	-117621.204868	-89287.954782	-111617.749824
-3860.235674	-5097.069454	-5816.125073	-5714.916374	-130825.922588	-113939.202003	-122409.887303	-140141.436773
-4856.251759	-5648.039955	-5703.651095	-5664.490839	-59774.264368	-117876.707658	-88054.294950	-112285.821114
-6464.459773	-6522.686067	-5791.381692	-5704.768682	-130819.529989	-113928.808442	-122402.622986	-140134.641842
-3306.940592	-5583.510468	-5410.172690	-5573.541590	-59746.928185	-117790.631090	-88443.707042	-112063.443609
-3195.271277	-4830.614308	-5818.583765	-5718.894985	-130828.537742	-113942.778282	-122412.793030	-140144.700127
-118.643060	-5491.823613	-4770.577523	-5448.930615	-59670.328757	-117677.665374	-89055.496640	-111756.822378
-5980.611560	-6194.741272	-5804.301000	-5710.513080	-130824.402669	-113935.044579	-122407.920350	-140140.185075
-6137.610213	-5708.993162	-5936.735086	-5743.548959	-59824.801663	-117950.043732	-87682.563088	-112477.509675
-5242.981642	-5840.667288	-5806.603230	-5715.408112	-130827.643672	-113939.447873	-122411.429573	-140143.739002
-5180.910847	-5807.094968	-5800.434148	-5710.177804	-130822.391012	-113934.038750	-122405.640472	-140137.391107
1197.561764	-5449.243539	-4536.107723	-5389.542030	-59650.301594	-117621.204868	-89287.954782	-111617.749824
-3860.235674	-5097.069454	-5816.125073	-5714.916374	-130825.922588	-113939.202003	-122409.887303	-140141.436773
-4856.251759	-5648.039955	-5703.651095	-5664.490839	-59774.264368	-117876.707658	-88054.294950	-112285.821114
-6464.459773	-6522.686067	-5791.381692	-5704.768682	-130819.529989	-113928.808442	-122402.622986	-140134.641842
-3306.940592	-5583.510468	-5410.172690	-5573.541590	-59746.928185	-117790.631090	-88443.707042	-112063.443609
-3195.271277	-4830.614308	-5818.583765	-5718.894985	-130828.537742	-113942.778282	-122412.793030	-140144.700127
-118.643060	-5491.823613	-4770.577523	-5448.930615	-59670.328757	-117677.665374	-89055.496640	-111756.822378
-5980.611560	-6194.741272	-5804.301000	-5710.513080	-130824.402669	-113935.044579	-122407.920350	-140140.185075
-6137.610213	-5708.993162	-5936.735086	-5743.548959	-59824.801663	-117950.043732	-87682.563088	-112477.509675
-5242.981642	-5840.667288	-5806.603230	-5715.408112	-130827.643672	-113939.447873	-122411.429573	-140143.739002
1136.720316	-5457.759554	-4555.307872	-5398.795652	-59658.325870	-117630.704359	-89284.266744	-111630.400912
-3806.323267	-5073.331901	-5821.601250	-5719.230261	-130830.147067	-113943.806463	-122414.625873	-140146.823543
-4763.782592	-5646.475333	-5688.273095	-5661.540408	-59773.347947	-117874.539539	-88081.340561	-112275.315794
-6470.785316	-6527.201119	-5793.728625	-5706.065083	-130820.759335	-113930.373064	-122404.254663	-140136.988775
-3432.557396	-5589.120756	-5438.671164	-5580.671797	-59750.772685	-117797.671890	-88417.756667	-112079.425106
-3223.903862	-4844.830018	-5820.751884	-5720.236089	-130829.945902	-113944.454663	-122414.692928	-140147.047060
-3.956259	-5490.907191	-4757.814677	-5446.740144	-59670.395812	-117676.190159	-89079.122434	-111748.284012
-5942.635947	-6171.629569	-5805.999733	-5710.893060	-130824.760297	-113935.715131	-122408.881475	-140141.615586
-6150.462467	-5707.987333	-5937.249176	-5742.811351	-59822.812357	-117949.797863	-87676.438710	-112479.163704
-5299.084520	-5866.438850	-5801.127052	-5709.306086	-130821.541646	-113933.658771	-122405.841637	-140138.732211
1060.880847	-5452.797467	-4570.708224	-5394.414710	-59652.536768	-117626.613990	-89266.005369	-111630.266801
-3755.785973	-5050.577825	-5816.795625	-5713.642325	-130824.492076	-113938.598506	-122409.395565	-140142.286139
-4673.839173	-5639.322774	-5670.011719	-5652.845580	-59767.625900	-117866.962298	-88105.949832	-112260.206015
-6478.988407	-6533.861939	-5790.107642	-5703.137005	-130817.786553	-113927.780262	-122401.795972	-140135.155932
-4763.782592	-5646.475333	-5688.273095	-5661.540408	-59773.347947	-117874.539539	-88081.340561	-112275.315794
-6470.785316	-6527.201119	-5793.728625	-5706.065083	-130820.759335	-113930.373064	-122404.254663	-140136.988775
-3432.557396	-5589.120756	-5438.671164	-5580.671797	-59750.772685	-117797.671890	-88417.756667	-112079.425106
-3223.903862	-4844.830018	-5820.751884	-5720.236089	-130829.945902	-113944.454663	-122414.692928	-140147.047060
-3.956259	-5490.907191	-4757.814677	-5446.740144	-59670.395812	-117676.190159	-89079.122434	-111748.284012
-5942.635947	-6171.629569	-5805.999733	-5710.893060	-130824.760297	-113935.715131	-122408.881475	-140141.615586
-6150.462467	-5707.987333	-5937.249176	-5742.811351	-59822.812357	-117949.797863	-87676.438710	-112479.163704
-5299.084520	-5866.438850	-5801.127052	-5709.306086	-130821.541646	-113933.658771	-122405.841637	-140138.732211
1060.880847	-5452.797467	-4570.708224	-5394.414710	-59652.536768	-117626.613990	-89266.005369	-111630.266801
-3755.785973	-5050.577825	-5816.795625	-5713.642325	-130824.492076	-113938.598506	-122409.395565	-140142.286139
-4673.839173	-5639.322774	-5670.011719	-5652.845580	-59767.625900	-117866.962298	-88105.949832	-112260.206015
-6478.988407	-6533.861939	-5790.107642	-5703.137005	-130817.786553	-113927.780262	-122401.795972	-140135.155932
-3554.955549	-5591.735910	-5459.771211	-5584.918628	-59751.711458	-117802.298701	-88390.085207	-112093.886685
-3235.683231	-4844.047707	-5817.421474	-5715.497519	-130824.983814	-113939.805500	-122410.401393	-140143.291967
112.451626	-5481.206534	-4724.532929	-5436.033659	-59660.941024	-117666.377743	-89091.393541	-111733.017770
-5904.526222	-6148.115533	-5797.528422	-5704.165185	-130817.674794	-113929.099015	-122402.265358	-140135.647671
-6174.155316	-5705.327476	-5941.406601	-5740.263252	-59822.186508	-117947.942668	-87680.976114	-112479.566035
-5359.367175	-5897.150147	-5798.109567	-5707.070912	-130819.217064	-113931.602410	-122404.031146	-140137.525217
992.484509	-5455.122048	-4574.709186	-5397.834527	-59652.559120	-117630.257324	-89247.520476	-111639.878051
-3704.198146	-5023.867491	-5816.907384	-5712.949421	-130823.396841	-113937.927954	-122409.015585	-140142.308491
-4582.286427	-5634.181873	-5652.309138	-5646.542388	-59764.563711	-117861.642583	-88134.113030	-112247.979611
-6488.353787	-6541.260367	-5785.503183	-5699.963057	-130814.299681	-113924.539259	-122398.867893	-140132.585482
-3682.829879	-5593.859326	-5484.000502	-5588.941942	-59752.247900	-117806.411422	-88360.938532	-112108.482374
-3294.781243	-4878.290579	-5815.119244	-5713.217641	-130822.703936	-113937.927954	-122408.501495	-140142.084973
210.508729	-5476.892647	-4709.490205	-5430.825702	-59657.230634	-117662.220319	-89108.112646	-111723.495927
112.451626	-5481.206534	-4724.532929	-5436.033659	-59660.941024	-117666.377743	-89091.393541	-111733.017770
-5904.526222	-6148.115533	-5797.528422	-5704.165185	-130817.674794	-113929.099015	-122402.265358	-140135.647671
-6174.155316	-5705.327476	-5941.406601	-5740.263252	-59822.186508	-117947.942668	-87680.976114	-112479.566035
-5359.367175	-5897.150147	-5798.109567	-5707.070912	-130819.217064	-113931.602410	-122404.031146	-140137.525217
992.484509	-5455.122048	-4574.709186	-5397.834527	-59652.559120	-117630.257324	-89247.520476	-111639.878051
-3704.198146	-5023.867491	-5816.907384	-5712.949421	-130823.396841	-113937.927954	-122409.015585	-140142.308491
-4582.286427	-5634.181873	-5652.309138	-5646.542388	-59764.563711	-117861.642583	-88134.113030	-112247.979611
-6488.353787	-6541.260367	-5785.503183	-5699.963057	-130814.299681	-113924.539259	-122398.867893	-140132.585482
-3682.829879	-5593.859326	-5484.000502	-5588.941942	-59752.247900	-117806.411422	-88360.938532	-112108.482374
-3294.781243	-4878.290579	-5815.119244	-5713.217641	-130822.703936	-113937.927954	-122408.501495	-140142.084973
210.508729	-5476.892647	-4709.490205	-5430.825702	-59657.230634	-117662.220319	-89108.112646	-111723.495927
-5868.539914	-6125.719085	-5796.097910	-5702.019418	-130815.417268	-113927.221468	-122400.432515	-140134.440677
-6182.805441	-5704.656923	-5940.870159	-5740.307956	-59820.465424	-117948.568517	-87673.108300	-112482.717631
-5423.203757	-5929.560176	-5794.957971	-5704.232240	-130816.177227	-113928.942553	-122401.483047	-140135.513560
901.199985	-5455.703194	-4594.758701	-5399.376798	-59653.050858	-117632.291333	-89234.489409	-111646.427112
-3672.950408	-5014.971496	-5816.125073	-5712.323572	-130822.502771	-113937.503271	-122408.613254	-140142.532008
-4485.905705	-5629.175082	-5632.729010	-5640.552120	-59760.830970	-117856.434626	-88157.269437	-112234.926192
-6490.700721	-6542.556768	-5784.899686	-5698.756063	-130813.070335	-113923.779300	-122398.152637	-140132.585482
-3806.189156	-5596.899163	-5509.593250	-5594.038140	-59754.706592	-117811.597027	-88333.959977	-112122.385159
-3341.362279	-4903.995085	-5812.973477	-5711.697723	-130821.072259	-113936.497442	-122407.316852	-140141.459124
309.079922	-5472.824630	-4697.822594	-5425.662449	-59655.353088	-117657.951135	-89128.698603	-111712.431814
-5825.401047	-6098.964047	-5795.069730	-5700.365388	-130813.562073	-113925.880364	-122399.180818	-140133.658365
-6186.180554	-5702.131176	-5938.769095	-5738.162188	-59817.917325	-117947.115653	-87666.939219	-112481.801210
-5478.613732	-5956.784601	-5793.639218	-5702.980543	-130815.014936	-113928.070835	-122400.834847	-140135.334746
809.110798	-5456.418449	-4618.362143	-5400.963771	-59654.526073	-117634.325342	-89222.620633	-111652.149159
901.199985	-5455.703194	-4594.758701	-5399.376798	-59653.050858	-117632.291333	-89234.489409	-111646.427112
-3672.950408	-5014.971496	-5816.125073	-5712.323572	-130822.502771	-113937.503271	-122408.613254	-140142.532008
-4485.905705	-5629.175082	-5632.729010	-5640.552120	-59760.830970	-117856.434626	-88157.269437	-112234.926192
-6490.700721	-6542.556768	-5784.899686	-5698.756063	-130813.070335	-113923.779300	-122398.152637	-140132.585482
-3806.189156	-5596.899163	-5509.593250	-5594.038140	-59754.706592	-117811.597027	-88333.959977	-112122.385159
-3341.362279	-4903.995085	-5812.973477	-5711.697723	-130821.072259	-113936.497442	-122407.316852	-140141.459124
309.079922	-5472.824630	-4697.822594	-5425.662449	-59655.353088	-117657.951135	-89128.698603	-111712.431814
-5825.401047	-6098.964047	-5795.069730	-5700.365388	-130813.562073	-113925.880364	-122399.180818	-140133.658365
-6186.180554	-5702.131176	-5938.769095	-5738.162188	-59817.917325	-117947.115653	-87666.939219	-112481.801210
-5478.613732	-5956.784601	-5793.639218	-5702.980543	-130815.014936	-113928.070835	-122400.834847	-140135.334746
809.110798	-5456.418449	-4618.362143	-5400.963771	-59654.526073	-117634.325342	-89222.620633	-111652.149159
-3629.722134	-4994.944333	-5814.895727	-5710.803653	-130820.893445	-113936.318628	-122407.518018	-140141.973214
-4385.568724	-5624.592975	-5613.931193	-5634.561853	-59757.478208	-117851.763112	-88180.783472	-112221.537497
-6489.672540	-6541.014497	-5785.279666	-5697.727883	-130812.042154	-113923.220506	-122397.593844	-140132.630185
-3924.005201	-5599.894297	-5532.392029	-5598.396730	-59756.382973	-117816.469707	-88305.617965	-112135.751502
-3373.302921	-4919.797769	-5813.040532	-5711.384798	-130820.804038	-113936.698608	-122407.540370	-140142.219084
412.344982	-5470.835325	-4683.472774	-5422.332039	-59654.749591	-117655.648906	-89148.569304	-111703.871096
-5783.558581	-6076.455841	-5796.924924	-5701.997066	-130815.059640	-113927.892021	-122401.214826	-140136.273520
-6199.122214	-5704.388702	-5944.155865	-5740.151494	-59821.203032	-117949.753159	-87673.175356	-112485.131620
-5527.385238	-5981.818555	-5793.907439	-5703.181708	-130815.126695	-113928.517870	-122401.393640	-140136.631147
736.981718	-5459.011252	-4620.105579	-5404.182423	-59654.995460	-117637.946324	-89202.369952	-111661.380429
-3563.985653	-4958.555693	-5817.108550	-5711.273040	-130821.318128	-113937.167995	-122408.479143	-140143.537836
-4281.610761	-5623.318925	-5596.452128	-5631.544367	-59757.880540	-117849.863213	-88211.807693	-112211.881544
-6499.931991	-6550.379878	-5788.274799	-5701.348865	-130815.618433	-113927.176765	-122401.728916	-140137.324052
-4034.825150	-5608.164443	-5554.676718	-5607.896222	-59762.932034	-117826.460937	-88283.355627	-112155.242223
-3924.005201	-5599.894297	-5532.392029	-5598.396730	-59756.382973	-117816.469707	-88305.617965	-112135.751502
-3373.302921	-4919.797769	-5813.040532	-5711.384798	-130820.804038	-113936.698608	-122407.540370	-140142.219084
412.344982	-5470.835325	-4683.472774	-5422.332039	-59654.749591	-117655.648906	-89148.569304	-111703.871096
-5783.558581	-6076.455841	-5796.924924	-5701.997066	-130815.059640	-113927.892021	-122401.214826	-140136.273520
-6199.122214	-5704.388702	-5944.155865	-5740.151494	-59821.203032	-117949.753159	-87673.175356	-112485.131620
-5527.385238	-5981.818555	-5793.907439	-5703.181708	-130815.126695	-113928.517870	-122401.393640	-140136.631147
736.981718	-5459.011252	-4620.105579	-5404.182423	-59654.995460	-117637.946324	-89202.369952	-111661.380429
-3563.985653	-4958.555693	-5817.108550	-5711.273040	-130821.318128	-113937.167995	-122408.479143	-140143.537836
-4281.610761	-5623.318925	-5596.452128	-5631.544367	-59757.880540	-117849.863213	-88211.807693	-112211.881544
-6499.931991	-6550.379878	-5788.274799	-5701.348865	-130815.618433	-113927.176765	-122401.728916	-140137.324052
-4034.825150	-5608.164443	-5554.676718	-5607.896222	-59762.932034	-117826.460937	-88283.355627	-112155.242223
-3395.207631	-4924.893966	-5816.728570	-5713.642325	-130822.949806	-113939.313762	-122410.401393	-140145.638900
520.549777	-5471.103546	-4657.254178	-5421.594432	-59654.861349	-117656.073589	-89164.349635	-111699.579561
-5741.269081	-6052.226550	-5802.021122	-5705.506290	-130818.412401	-113931.848279	-122405.282844	-140140.855627
-6202.251458	-5708.590830	-5947.285109	-5744.599491	-59823.974648	-117955.050523	-87672.795376	-112491.703032
-5584.359835	-6011.993410	-5797.439015	-5705.752159	-130817.808904	-113931.468300	-122404.724050	-140140.386241
644.311386	-5464.241560	-4644.290166	-5410.530318	-59659.734030	-117644.897717	-89191.082322	-111673.696241
-3531.866197	-4946.284586	-5819.164910	-5712.837662	-130822.659233	-113939.000838	-122410.446097	-140146.041232
-4178.099832	-5617.798044	-5576.313207	-5624.592975	-59753.790170	-117844.275277	-88236.863999	-112198.045814
-6500.244916	-6550.446934	-5785.346721	-5698.420787	-130812.466837	-113924.427500	-122399.247873	-140135.290043
-4145.958024	-5610.198451	-5574.770936	-5611.539556	-59763.893159	-117830.506603	-88257.002921	-112168.116828
-3431.462161	-4941.836589	-5815.678038	-5712.591793	-130821.876922	-113938.464396	-122409.820248	-140145.571845
614.561214	-5467.728432	-4640.244501	-5417.325248	-59652.648527	-117652.765531	-89180.755816	-111690.772973
-5695.671522	-6026.320878	-5800.188279	-5704.008723	-130816.780724	-113930.641285	-122404.165257	-140140.296834
-6204.956020	-5706.556822	-5947.039240	-5742.498427	-59822.857061	-117953.955287	-87675.477585	-112490.384280
-5741.269081	-6052.226550	-5802.021122	-5705.506290	-130818.412401	-113931.848279	-122405.282844	-140140.855627
-6202.251458	-5708.590830	-5947.285109	-5744.599491	-59823.974648	-117955.050523	-87672.795376	-112491.703032
-5584.359835	-6011.993410	-5797.439015	-5705.752159	-130817.808904	-113931.468300	-122404.724050	-140140.386241
644.311386	-5464.241560	-4644.290166	-5410.530318	-59659.734030	-117644.897717	-89191.082322	-111673.696241
-3531.866197	-4946.284586	-5819.164910	-5712.837662	-130822.659233	-113939.000838	-122410.446097	-140146.041232
-4178.099832	-5617.798044	-5576.313207	-5624.592975	-59753.790170	-117844.275277	-88236.863999	-112198.045814
-6500.244916	-6550.446934	-5785.346721	-5698.420787	-130812.466837	-113924.427500	-122399.247873	-140135.290043
-4145.958024	-5610.198451	-5574.770936	-5611.539556	-59763.893159	-117830.506603	-88257.002921	-112168.116828
-3431.462161	-4941.836589	-5815.678038	-5712.591793	-130821.876922	-113938.464396	-122409.820248	-140145.571845
614.561214	-5467.728432	-4640.244501	-5417.325248	-59652.648527	-117652.765531	-89180.755816	-111690.772973
-5695.671522	-6026.320878	-5800.188279	-5704.008723	-130816.780724	-113930.641285	-122404.165257	-140140.296834
-6204.956020	-5706.556822	-5947.039240	-5742.498427	-59822.857061	-117953.955287	-87675.477585	-112490.384280
-5635.925309	-6039.396648	-5795.852041	-5704.947496	-130817.048945	-113931.043617	-122404.433477	-140140.654461
549.539989	-5467.326101	-4655.510742	-5414.374818	-59662.416239	-117649.368066	-89176.196060	-111682.994566
-3483.608780	-4923.686972	-5820.506015	-5714.044656	-130823.866227	-113940.543108	-122412.122478	-140148.209351
-4069.872686	-5616.233422	-5556.263692	-5621.486082	-59753.857226	-117842.285972	-88268.201145	-112187.294625
-6505.452872	-6555.364317	-5788.520669	-5702.086473	-130816.199579	-113928.517870	-122403.405297	-140140.028613
-4260.555418	-5617.954507	-5598.687303	-5620.837882	-59770.777496	-117840.073149	-88237.288682	-112186.177037
-3471.918818	-4962.199028	-5817.466178	-5714.670505	-130824.022689	-113940.967791	-122412.323643	-140148.812848
709.444369	-5466.342624	-4620.418503	-5415.000667	-59652.492065	-117651.647943	-89199.196005	-111684.201561
-5649.045783	-6000.616372	-5803.049302	-5706.400359	-130819.150009	-113933.412902	-122406.869818	-140143.694299
-6206.118310	-5711.027171	-5950.682575	-5747.102886	-59827.372113	-117959.297354	-87683.658324	-112495.748698
-5692.028188	-6071.069070	-5799.964762	-5709.328438	-130821.541646	-113935.782186	-122409.261454	-140146.175342
450.611168	-5471.997615	-4672.565123	-5420.141568	-59666.618367	-117655.403037	-89163.679083	-111694.908046
-3450.818771	-4912.019361	-5822.942355	-5716.302182	-130825.877884	-113943.046503	-122414.625873	-140151.360947
-3483.608780	-4923.686972	-5820.506015	-5714.044656	-130823.866227	-113940.543108	-122412.122478	-140148.209351
-4069.872686	-5616.233422	-5556.263692	-5621.486082	-59753.857226	-117842.285972	-88268.201145	-112187.294625
-6505.452872	-6555.364317	-5788.520669	-5702.086473	-130816.199579	-113928.517870	-122403.405297	-140140.028613
-4260.555418	-5617.954507	-5598.687303	-5620.837882	-59770.777496	-117840.073149	-88237.288682	-112186.177037
-3471.918818	-4962.199028	-5817.466178	-5714.670505	-130824.022689	-113940.967791	-122412.323643	-140148.812848
709.444369	-5466.342624	-4620.418503	-5415.000667	-59652.492065	-117651.647943	-89199.196005	-111684.201561
-5649.045783	-6000.616372	-5803.049302	-5706.400359	-130819.150009	-113933.412902	-122406.869818	-140143.694299
-6206.118310	-5711.027171	-5950.682575	-5747.102886	-59827.372113	-117959.297354	-87683.658324	-112495.748698
-5692.028188	-6071.069070	-5799.964762	-5709.328438	-130821.541646	-113935.782186	-122409.261454	-140146.175342
450.611168	-5471.997615	-4672.565123	-5420.141568	-59666.618367	-117655.403037	-89163.679083	-111694.908046
-3450.818771	-4912.019361	-5822.942355	-5716.302182	-130825.877884	-113943.046503	-122414.625873	-140151.360947
-3957.845742	-5615.048780	-5536.147122	-5618.915632	-59753.857226	-117840.944867	-88298.152482	-112177.929244
-6506.861032	-6556.884236	-5789.794718	-5703.069950	-130817.116000	-113929.702512	-122404.679347	-140141.861456
-4367.553218	-5621.128454	-5617.552175	-5625.419989	-59772.543284	-117845.303457	-88212.075914	-112200.549209
-3528.535787	-4993.357360	-5814.895727	-5712.189461	-130821.541646	-113938.710265	-122410.267283	-140147.158819
796.727931	-5462.274606	-4605.107558	-5410.060931	-59649.184006	-117647.624629	-89213.836397	-111675.640842
-5602.598858	-5974.420127	-5801.261163	-5704.388702	-130816.803076	-113931.401245	-122405.036975	-140142.308491
-6197.892868	-5707.763816	-5946.100467	-5743.861883	-59823.594668	-117956.816311	-87682.473681	-112493.848800
-5740.665584	-6095.454823	-5795.494413	-5705.282772	-130817.250111	-113931.669466	-122405.484009	-140142.822581
348.083716	-5472.154078	-4690.893554	-5421.415618	-59666.104277	-117657.213528	-89145.574170	-111702.753508
-3420.621564	-4899.770606	-5819.746056	-5712.927069	-130822.391012	-113939.894907	-122411.608387	-140148.924607
-3837.973337	-5605.661047	-5508.520366	-5608.186794	-59745.743542	-117831.423024	-88321.510055	-112159.891386
-6502.323628	-6552.413887	-5785.749052	-5698.890173	-130812.757410	-113925.746253	-122400.924254	-140138.687508
-4473.768708	-5624.749437	-5636.707620	-5630.873815	-59775.024328	-117851.092559	-88187.287830	-112215.323712
-3572.591075	-5015.172662	-5816.169776	-5713.664676	-130822.815695	-113940.431349	-122412.211885	-140149.751621
-3528.535787	-4993.357360	-5814.895727	-5712.189461	-130821.541646	-113938.710265	-122410.267283	-140147.158819
796.727931	-5462.274606	-4605.107558	-5410.060931	-59649.184006	-117647.624629	-89213.836397	-111675.640842
-5602.598858	-5974.420127	-5801.261163	-5704.388702	-130816.803076	-113931.401245	-122405.036975	-140142.308491
-6197.892868	-5707.763816	-5946.100467	-5743.861883	-59823.594668	-117956.816311	-87682.473681	-112493.848800
-5740.665584	-6095.454823	-5795.494413	-5705.282772	-130817.250111	-113931.669466	-122405.484009	-140142.822581
348.083716	-5472.154078	-4690.893554	-5421.415618	-59666.104277	-117657.213528	-89145.574170	-111702.753508
-3420.621564	-4899.770606	-5819.746056	-5712.927069	-130822.391012	-113939.894907	-122411.608387	-140148.924607
-3837.973337	-5605.661047	-5508.520366	-5608.186794	-59745.743542	-117831.423024	-88321.510055	-112159.891386
-6502.323628	-6552.413887	-5785.749052	-5698.890173	-130812.757410	-113925.746253	-122400.924254	-140138.687508
-4473.768708	-5624.749437	-5636.707620	-5630.873815	-59775.024328	-117851.092559	-88187.287830	-112215.323712
-3572.591075	-5015.172662	-5816.169776	-5713.664676	-130822.815695	-113940.431349	-122412.211885	-140149.751621
888.012455	-5460.106487	-4585.616837	-5407.177556	-59648.066419	-117645.680028	-89230.130819	-111668.823560
-5549.625224	-5945.318156	-5801.574087	-5704.455758	-130816.736021	-113931.915335	-122405.528713	-140143.470781
-6190.963827	-5706.690932	-5944.826418	-5742.967813	-59823.080578	-117956.861014	-87686.787568	-112492.954730
-5787.000750	-6120.041742	-5793.259238	-5703.315819	-130815.461971	-113930.261306	-122404.120553	-140142.107325
239.029555	-5473.629293	-4707.120920	-5424.187234	-59667.043050	-117660.432179	-89126.284614	-111711.738910
-3377.683863	-4879.542277	-5818.203785	-5711.205984	-130820.602872	-113938.620858	-122410.334338	-140148.164648
-3719.643202	-5601.168347	-5484.514592	-5602.352989	-59743.262499	-117826.796213	-88349.963826	-112145.876842
-6502.927125	-6553.486771	-5787.872468	-5701.281810	-130815.081992	-113928.540221	-122403.807629	-140142.152028
-4579.023073	-5630.024449	-5657.293577	-5637.780504	-59779.606435	-117858.200414	-88165.383120	-112230.388788
-3611.460759	-5032.584671	-5815.432169	-5713.061179	-130822.368660	-113940.274887	-122412.100126	-140150.198656
973.262009	-5456.954891	-4568.361290	-5403.064835	-59646.233576	-117642.617839	-89244.167715	-111660.464008
-5492.985903	-5912.997533	-5800.814128	-5703.293467	-130815.529026	-113931.021265	-122404.701698	-140143.180209
-6177.776298	-5703.405226	-5940.937214	-5739.525645	-59820.465424	-117954.223508	-87690.654420	-112488.618492
-5828.060905	-6140.158312	-5789.191221	-5699.538374	-130811.840989	-113926.796785	-122400.812495	-140139.313357
-5787.000750	-6120.041742	-5793.259238	-5703.315819	-130815.461971	-113930.261306	-122404.120553	-140142.107325
239.029555	-5473.629293	-4707.120920	-5424.187234	-59667.043050	-117660.432179	-89126.284614	-111711.738910
-3377.683863	-4879.542277	-5818.203785	-5711.205984	-130820.602872	-113938.620858	-122410.334338	-140148.164648
-3719.643202	-5601.168347	-5484.514592	-5602.352989	-59743.262499	-117826.796213	-88349.963826	-112145.876842
-6502.927125	-6553.486771	-5787.872468	-5701.281810	-130815.081992	-113928.540221	-122403.807629	-140142.152028
-4579.023073	-5630.024449	-5657.293577	-5637.780504	-59779.606435	-117858.200414	-88165.383120	-112230.388788
-3611.460759	-5032.584671	-5815.432169	-5713.061179	-130822.368660	-113940.274887	-122412.100126	-140150.198656
973.262009	-5456.954891	-4568.361290	-5403.064835	-59646.233576	-117642.617839	-89244.167715	-111660.464008
-5492.985903	-5912.997533	-5800.814128	-5703.293467	-130815.529026	-113931.021265	-122404.701698	-140143.180209
-6177.776298	-5703.405226	-5940.937214	-5739.525645	-59820.465424	-117954.223508	-87690.654420	-112488.618492
-5828.060905	-6140.158312	-5789.191221	-5699.538374	-130811.840989	-113926.796785	-122400.812495	-140139.313357
131.316499	-5473.338720	-4723.415342	-5424.991897	-59666.596015	-117661.706228	-89105.877472	-111718.913820
-3333.539168	-4856.721146	-5817.890861	-5710.378970	-130819.731154	-113938.039713	-122409.753193	-140148.209351
-3588.259648	-5595.043969	-5458.206589	-5594.619285	-59738.859205	-117820.358911	-88378.171727	-112129.962400
-6494.142889	-6545.171922	-5784.005616	-5697.034979	-130810.857512	-113924.673369	-122399.829018	-140138.732211
-4669.815859	-5629.018620	-5670.637568	-5638.205187	-59777.840647	-117859.273298	-88138.628082	-112239.307134
-3649.056393	-5045.124000	-5812.526442	-5710.066046	-130819.440582	-113937.525623	-122409.507323	-140148.164648
1060.031481	-5453.646833	-4551.955110	-5399.108577	-59644.199567	-117639.935629	-89257.936389	-111653.065580
-5435.430161	-5881.056891	-5802.110529	-5703.829909	-130815.976061	-113931.870631	-122405.506361	-140144.588368
-6164.275845	-5704.925144	-5940.713697	-5740.866749	-59822.410026	-117956.637497	-87699.505711	-112489.624320
-5871.244475	-6165.371080	-5793.527459	-5703.785205	-130815.909006	-113931.356541	-122405.394602	-140144.521313
32.119457	-5481.921790	-4741.363793	-5434.446685	-59674.776754	-117671.831569	-89095.662724	-111734.761206
-3287.874554	-4834.727029	-5824.506977	-5716.548051	-130825.743774	-113944.544070	-122416.324606	-140155.205447
-3460.362966	-5595.066320	-5434.647850	-5592.808794	-59740.401475	-117820.045986	-88411.229957	-112120.529964
-6490.767776	-6542.601471	-5787.045453	-5699.471319	-130813.338555	-113927.422634	-122402.801800	-140142.152028
-6494.142889	-6545.171922	-5784.005616	-5697.034979	-130810.857512	-113924.673369	-122399.829018	-140138.732211
-4669.815859	-5629.018620	-5670.637568	-5638.205187	-59777.840647	-117859.273298	-88138.628082	-112239.307134
-3649.056393	-5045.124000	-5812.526442	-5710.066046	-130819.440582	-113937.525623	-122409.507323	-140148.164648
1060.031481	-5453.646833	-4551.955110	-5399.108577	-59644.199567	-117639.935629	-89257.936389	-111653.065580
-5435.430161	-5881.056891	-5802.110529	-5703.829909	-130815.976061	-113931.870631	-122405.506361	-140144.588368
-6164.275845	-5704.925144	-5940.713697	-5740.866749	-59822.410026	-117956.637497	-87699.505711	-112489.624320
-5871.244475	-6165.371080	-5793.527459	-5703.785205	-130815.909006	-113931.356541	-122405.394602	-140144.521313
32.119457	-5481.921790	-4741.363793	-5434.446685	-59674.776754	-117671.831569	-89095.662724	-111734.761206
-3287.874554	-4834.727029	-5824.506977	-5716.548051	-130825.743774	-113944.544070	-122416.324606	-140155.205447
-3460.362966	-5595.066320	-5434.647850	-5592.808794	-59740.401475	-117820.045986	-88411.229957	-112120.529964
-6490.767776	-6542.601471	-5787.045453	-5699.471319	-130813.338555	-113927.422634	-122402.801800	-140142.152028
-4760.653348	-5633.891300	-5687.960170	-5644.240158	-59781.729851	-117865.934118	-88118.511512	-112253.768713
-3684.126280	-5060.747869	-5812.772311	-5710.222508	-130819.641747	-113938.062064	-122410.088469	-140149.237531
1144.632834	-5452.216321	-4533.045534	-5396.649885	-59643.953698	-117638.616876	-89273.783776	-111647.254127
-5374.879286	-5848.848027	-5805.016256	-5705.930973	-130818.032422	-113934.374027	-122408.143867	-140147.672909
-6146.282690	-5705.059255	-5938.344412	-5740.777342	-59822.834709	-117957.509215	-87709.139312	-112488.596140
-5909.108330	-6185.375891	-5793.393349	-5703.494633	-130815.864303	-113931.445948	-122405.774582	-140145.460087
-70.743271	-5482.793508	-4753.970176	-5436.525397	-59675.134382	-117674.379668	-89077.691922	-111743.277221
-3239.348917	-4806.653238	-5823.009410	-5714.692857	-130823.955634	-113942.890041	-122414.871742	-140154.400784
-3322.810331	-5588.517259	-5404.294181	-5584.717463	-59735.037057	-117813.161649	-88439.750783	-112104.034377
-6482.296465	-6535.270099	-5786.821936	-5698.912525	-130812.668003	-113927.109710	-122402.533579	-140142.464953
-4845.455867	-5637.311117	-5702.019418	-5649.023431	-59783.830915	-117871.142074	-88098.104369	-112266.240986
-3719.017353	-5073.197791	-5812.504090	-5710.133101	-130819.529989	-113938.307934	-122410.580207	-140150.265712
1227.468399	-5449.243539	-4506.156386	-5392.917143	-59641.562061	-117635.711150	-89287.395988	-111639.721589
-5309.276916	-5811.095930	-5804.368055	-5704.813386	-130816.736021	-113933.479957	-122407.294501	-140147.292930
-5374.879286	-5848.848027	-5805.016256	-5705.930973	-130818.032422	-113934.374027	-122408.143867	-140147.672909
-6146.282690	-5705.059255	-5938.344412	-5740.777342	-59822.834709	-117957.509215	-87709.139312	-112488.596140
-5909.108330	-6185.375891	-5793.393349	-5703.494633	-130815.864303	-113931.445948	-122405.774582	-140145.460087
-70.743271	-5482.793508	-4753.970176	-5436.525397	-59675.134382	-117674.379668	-89077.691922	-111743.277221
-3239.348917	-4806.653238	-5823.009410	-5714.692857	-130823.955634	-113942.890041	-122414.871742	-140154.400784
-3322.810331	-5588.517259	-5404.294181	-5584.717463	-59735.037057	-117813.161649	-88439.750783	-112104.034377
-6482.296465	-6535.270099	-5786.821936	-5698.912525	-130812.668003	-113927.109710	-122402.533579	-140142.464953
-4845.455867	-5637.311117	-5702.019418	-5649.023431	-59783.830915	-117871.142074	-88098.104369	-112266.240986
-3719.017353	-5073.197791	-5812.504090	-5710.133101	-130819.529989	-113938.307934	-122410.580207	-140150.265712
1227.468399	-5449.243539	-4506.156386	-5392.917143	-59641.562061	-117635.711150	-89287.395988	-111639.721589
-5309.276916	-5811.095930	-5804.368055	-5704.813386	-130816.736021	-113933.479957	-122407.294501	-140147.292930
-6120.287612	-5701.684141	-5930.945984	-5737.089305	-59819.101968	-117954.804654	-87715.487208	-112483.142314
-5944.312327	-6204.129005	-5791.448747	-5701.661790	-130813.986756	-113929.814271	-122404.254663	-140144.454258
-179.640970	-5485.028682	-4765.570732	-5439.900510	-59676.497838	-117678.134761	-89059.005864	-111753.179044
-3202.669704	-4791.141127	-5824.059942	-5715.519871	-130824.782649	-113944.119387	-122416.123440	-140156.121869
-3189.146899	-5586.282085	-5376.399204	-5580.872963	-59734.075932	-117810.524143	-88471.087929	-112092.031490
-6476.976750	-6531.582061	-5789.481794	-5701.125348	-130815.037288	-113929.791919	-122405.238140	-140145.773011
-4931.800655	-5641.647356	-5717.531528	-5654.678423	-59786.915456	-117877.288804	-88077.786634	-112279.920254
-3769.979330	-5099.729311	-5813.152291	-5711.049522	-130820.647576	-113939.492576	-122411.921312	-140152.076203
1297.138786	-5449.198836	-4491.694807	-5392.246591	-59642.478483	-117635.979371	-89300.985849	-111636.324124
-5251.274139	-5781.591628	-5807.676114	-5707.540298	-130819.619396	-113936.743311	-122410.468448	-140151.048023
-6100.416911	-5703.025246	-5929.627231	-5738.206892	-59820.823052	-117956.771607	-87725.657252	-112482.941149
-5985.350130	-6228.045372	-5793.393349	-5703.785205	-130816.423096	-113932.362370	-122406.959225	-140147.672909
-303.603745	-5488.582610	-4792.973971	-5444.683784	-59679.738841	-117683.298014	-89040.051584	-111765.092524
-3174.260637	-4777.193639	-5821.601250	-5713.239993	-130822.458067	-113942.107730	-122414.156486	-140154.669005
-179.640970	-5485.028682	-4765.570732	-5439.900510	-59676.497838	-117678.134761	-89059.005864	-111753.179044
-3202.669704	-4791.141127	-5824.059942	-5715.519871	-130824.782649	-113944.119387	-122416.123440	-140156.121869
-3189.146899	-5586.282085	-5376.399204	-5580.872963	-59734.075932	-117810.524143	-88471.087929	-112092.031490
-6476.976750	-6531.582061	-5789.481794	-5701.125348	-130815.037288	-113929.791919	-122405.238140	-140145.773011
-4931.800655	-5641.647356	-5717.531528	-5654.678423	-59786.915456	-117877.288804	-88077.786634	-112279.920254
-3769.979330	-5099.729311	-5813.152291	-5711.049522	-130820.647576	-113939.492576	-122411.921312	-140152.076203
1297.138786	-5449.198836	-4491.694807	-5392.246591	-59642.478483	-117635.979371	-89300.985849	-111636.324124
-5251.274139	-5781.591628	-5807.676114	-5707.540298	-130819.619396	-113936.743311	-122410.468448	-140151.048023
-6100.416911	-5703.025246	-5929.627231	-5738.206892	-59820.823052	-117956.771607	-87725.657252	-112482.941149
-5985.350130	-6228.045372	-5793.393349	-5703.785205	-130816.423096	-113932.362370	-122406.959225	-140147.672909
-303.603745	-5488.582610	-4792.973971	-5444.683784	-59679.738841	-117683.298014	-89040.051584	-111765.092524
-3174.260637	-4777.193639	-5821.601250	-5713.239993	-130822.458067	-113942.107730	-122414.156486	-140154.669005
-3064.848848	-5577.497849	-5348.101896	-5570.568808	-59727.191595	-117801.382280	-88494.758427	-112073.725411
-6466.180857	-6522.239032	-5786.084328	-5697.817290	-130811.617471	-113926.640323	-122402.243006	-140143.224912
-5021.252337	-5643.837827	-5734.340040	-5658.165295	-59788.480078	-117881.200359	-88054.630226	-112291.006719
-3829.859654	-5131.848768	-5812.258221	-5710.915412	-130820.491114	-113939.537280	-122412.167181	-140152.947921
1341.015260	-5446.918958	-4495.114624	-5389.162050	-59641.718524	-117634.034769	-89310.686506	-111630.602077
-5195.394778	-5752.601415	-5807.452596	-5707.562650	-130819.418230	-113936.810367	-122410.803725	-140151.830334
-6081.932018	-5703.807557	-5928.800217	-5738.475113	-59822.432378	-117958.000953	-87735.983757	-112481.153009
-6024.644497	-6252.297014	-5795.673227	-5707.048560	-130819.574692	-113935.715131	-122410.557855	-140151.830334
-428.862921	-5495.310485	-4824.422875	-5452.462191	-59686.511420	-117691.724621	-89023.868921	-111779.397640
-3155.395765	-4773.952636	-5825.646916	-5717.956211	-130827.062527	-113947.069817	-122419.163277	-140160.346348
-2944.797628	-5576.648483	-5327.694753	-5567.819544	-59728.152720	-117800.063527	-88525.179151	-112062.460132
-6461.844619	-6519.825044	-5789.861773	-5701.617086	-130815.573730	-113930.887154	-122406.601597	-140148.231703
-5111.553384	-5651.526827	-5754.970700	-5667.105993	-59795.856153	-117890.744554	-88037.173514	-112307.077623
-5021.252337	-5643.837827	-5734.340040	-5658.165295	-59788.480078	-117881.200359	-88054.630226	-112291.006719
-3829.859654	-5131.848768	-5812.258221	-5710.915412	-130820.491114	-113939.537280	-122412.167181	-140152.947921
1341.015260	-5446.918958	-4495.114624	-5389.162050	-59641.718524	-117634.034769	-89310.686506	-111630.602077
-5195.394778	-5752.601415	-5807.452596	-5707.562650	-130819.418230	-113936.810367	-122410.803725	-140151.830334
-6081.932018	-5703.807557	-5928.800217	-5738.475113	-59822.432378	-117958.000953	-87735.983757	-112481.153009
-6024.644497	-6252.297014	-5795.673227	-5707.048560	-130819.574692	-113935.715131	-122410.557855	-140151.830334
-428.862921	-5495.310485	-4824.422875	-5452.462191	-59686.511420	-117691.724621	-89023.868921	-111779.397640
-3155.395765	-4773.952636	-5825.646916	-5717.956211	-130827.062527	-113947.069817	-122419.163277	-140160.346348
-2944.797628	-5576.648483	-5327.694753	-5567.819544	-59728.152720	-117800.063527	-88525.179151	-112062.460132
-6461.844619	-6519.825044	-5789.861773	-5701.617086	-130815.573730	-113930.887154	-122406.601597	-140148.231703
-5111.553384	-5651.526827	-5754.970700	-5667.105993	-59795.856153	-117890.744554	-88037.173514	-112307.077623
-3890.589343	-5163.990577	-5814.515747	-5714.134063	-130823.776820	-113943.113559	-122415.877571	-140157.127697
1385.964618	-5447.902435	-4491.337179	-5389.653789	-59644.534844	-117635.241763	-89322.957614	-111628.076330
-5139.046030	-5724.169996	-5810.045398	-5710.311915	-130821.988681	-113939.760797	-122413.821210	-140155.384261
-6057.188637	-5702.175880	-5924.665144	-5736.776380	-59821.873584	-117957.106883	-87744.119792	-112476.839122
-6059.379108	-6271.273645	-5792.856907	-5704.768682	-130817.339518	-113933.748178	-122408.657957	-140150.399822
-561.520524	-5494.908153	-4854.038936	-5453.400964	-59686.489068	-117692.953967	-88999.840796	-111787.041937
-3148.533779	-4775.740776	-5821.668306	-5714.759912	-130823.754468	-113944.097035	-122416.346957	-140157.820601
-2824.321726	-5570.389994	-5303.778387	-5560.085840	-59724.285868	-117793.469762	-88551.017767	-112046.165710
-6450.132304	-6510.102035	-5788.699483	-5700.454795	-130814.187922	-113929.724864	-122405.551065	-140147.695261
-5188.957475	-5652.040917	-5766.839476	-5668.894132	-59795.811450	-117892.778563	-88012.318374	-112315.794804
-3951.944882	-5197.205269	-5811.677076	-5712.569441	-130822.122791	-113941.571288	-122414.357652	-140156.233627
1421.079209	-5445.264929	-4490.867792	-5386.345731	-59643.953698	-117632.738368	-89331.697146	-111621.974304
-5081.736157	-5694.419824	-5808.458425	-5708.747293	-130820.379355	-113938.531451	-122412.457754	-140154.512543
-6026.611451	-5698.912525	-5917.333772	-5732.797770	-59818.856099	-117953.955287	-87749.595970	-112470.267710
-6057.188637	-5702.175880	-5924.665144	-5736.776380	-59821.873584	-117957.106883	-87744.119792	-112476.839122
-6059.379108	-6271.273645	-5792.856907	-5704.768682	-130817.339518	-113933.748178	-122408.657957	-140150.399822
-561.520524	-5494.908153	-4854.038936	-5453.400964	-59686.489068	-117692.953967	-88999.840796	-111787.041937
-3148.533779	-4775.740776	-5821.668306	-5714.759912	-130823.754468	-113944.097035	-122416.346957	-140157.820601
-2824.321726	-5570.389994	-5303.778387	-5560.085840	-59724.285868	-117793.469762	-88551.017767	-112046.165710
-6450.132304	-6510.102035	-5788.699483	-5700.454795	-130814.187922	-113929.724864	-122405.551065	-140147.695261
-5188.957475	-5652.040917	-5766.839476	-5668.894132	-59795.811450	-117892.778563	-88012.318374	-112315.794804
-3951.944882	-5197.205269	-5811.677076	-5712.569441	-130822.122791	-113941.571288	-122414.357652	-140156.233627
1421.079209	-5445.264929	-4490.867792	-5386.345731	-59643.953698	-117632.738368	-89331.697146	-111621.974304
-5081.736157	-5694.419824	-5808.458425	-5708.747293	-130820.379355	-113938.531451	-122412.457754	-140154.512543
-6026.611451	-5698.912525	-5917.333772	-5732.797770	-59818.856099	-117953.955287	-87749.595970	-112470.267710
-6092.057358	-6289.892648	-5792.454576	-5704.433406	-130817.183056	-113933.815233	-122408.769716	-140151.159781
-692.255878	-5499.244392	-4883.297370	-5458.810086	-59691.026472	-117698.653662	-88979.746578	-111799.424803
-3133.200483	-4771.918627	-5821.042457	-5714.648153	-130823.799172	-113944.409960	-122416.592826	-140158.714671
-2701.431835	-5564.824410	-5277.805660	-5552.687413	-59720.597830	-117787.121867	-88576.096425	-112030.474786
-6438.040011	-6500.379026	-5787.850116	-5699.091339	-130813.047983	-113928.875497	-122404.656995	-140147.248226
-5266.495677	-5655.237216	-5780.608151	-5673.208019	-59798.046624	-117897.494781	-87990.301906	-112327.238897
-4015.915575	-5230.129389	-5811.386503	-5712.681200	-130822.458067	-113942.085378	-122415.005853	-140157.351215
1453.265721	-5443.230920	-4489.191412	-5383.596466	-59642.813759	-117630.704359	-89337.352137	-111617.168679
-5022.839311	-5663.507362	-5806.960858	-5706.914450	-130818.546512	-113936.989181	-122411.004890	-140153.529066
-5994.067311	-5695.380949	-5909.220089	-5728.662697	-59815.302171	-117950.647229	-87756.122679	-112463.696297
-6122.075751	-6306.321181	-5790.331160	-5702.153528	-130815.193750	-113931.870631	-122407.093335	-140149.930435
-818.140902	-5500.607848	-4903.972733	-5461.358185	-59691.227638	-117701.425278	-88954.846734	-111809.505440
-3123.410418	-4769.214066	-5818.673172	-5712.412979	-130821.742811	-113942.621820	-122414.804687	-140157.462973
-2567.969569	-5558.565922	-5248.100191	-5544.752544	-59715.076949	-117780.304585	-88600.146902	-112014.605047
-2701.431835	-5564.824410	-5277.805660	-5552.687413	-59720.597830	-117787.121867	-88576.096425	-112030.474786
-6438.040011	-6500.379026	-5787.850116	-5699.091339	-130813.047983	-113928.875497	-122404.656995	-140147.248226
-5266.495677	-5655.237216	-5780.608151	-5673.208019	-59798.046624	-117897.494781	-87990.301906	-112327.238897
-4015.915575	-5230.129389	-5811.386503	-5712.681200	-130822.458067	-113942.085378	-122415.005853	-140157.351215
1453.265721	-5443.230920	-4489.191412	-5383.596466	-59642.813759	-117630.704359	-89337.352137	-111617.168679
-5022.839311	-5663.507362	-5806.960858	-5706.914450	-130818.546512	-113936.989181	-122411.004890	-140153.529066
-5994.067311	-5695.380949	-5909.220089	-5728.662697	-59815.302171	-117950.647229	-87756.122679	-112463.696297
-6122.075751	-6306.321181	-5790.331160	-5702.153528	-130815.193750	-113931.870631	-122407.093335	-140149.930435
-818.140902	-5500.607848	-4903.972733	-5461.358185	-59691.227638	-117701.425278	-88954.846734	-111809.505440
-3123.410418	-4769.214066	-5818.673172	-5712.412979	-130821.742811	-113942.621820	-122414.804687	-140157.462973
-2567.969569	-5558.565922	-5248.100191	-5544.752544	-59715.076949	-117780.304585	-88600.146902	-112014.605047
-6424.763074	-6489.739596	-5787.201916	-5697.526717	-130811.796285	-113927.914372	-122403.762925	-140146.890598
-5337.685983	-5656.578321	-5790.800547	-5675.599656	-59797.554886	-117900.266397	-87967.234906	-112336.805443
-4091.442119	-5271.278950	-5806.826747	-5708.613182	-130818.948843	-113938.643210	-122411.742498	-140154.601950
1478.411434	-5439.676993	-4490.376054	-5379.506097	-59640.980916	-117627.329245	-89344.459992	-111611.401929
-4970.938560	-5638.629870	-5806.849099	-5706.065083	-130818.144181	-113936.832718	-122410.848428	-140153.909046
-5953.968281	-5693.034016	-5899.139452	-5726.047543	-59811.211802	-117948.769682	-87762.157650	-112458.868320
-6151.714164	-6322.302678	-5789.370035	-5700.544202	-130813.807942	-113930.820099	-122406.087507	-140149.371642
-951.379651	-5502.016008	-4935.421638	-5464.219208	-59692.479335	-117704.398060	-88933.009080	-111820.033112
-3135.882692	-4785.374377	-5816.706218	-5711.161281	-130820.468762	-113941.638344	-122414.134135	-140157.015938
-2438.865893	-5555.794305	-5224.899080	-5540.662174	-59712.819423	-117777.108285	-88626.298443	-112002.915085
-6411.910821	-6479.658959	-5792.879259	-5701.013589	-130815.350212	-113931.736521	-122407.786239	-140151.338595
-5406.127024	-5663.842638	-5804.636276	-5684.495650	-59801.578200	-117909.385909	-87945.754879	-112353.502196
-4167.259236	-5312.272049	-5810.179509	-5712.278868	-130822.681585	-113942.733579	-122415.922274	-140159.139354
1502.774835	-5440.392249	-4498.780310	-5379.975483	-59642.724352	-117628.536240	-89353.579504	-111610.910190
1478.411434	-5439.676993	-4490.376054	-5379.506097	-59640.980916	-117627.329245	-89344.459992	-111611.401929
-4970.938560	-5638.629870	-5806.849099	-5706.065083	-130818.144181	-113936.832718	-122410.848428	-140153.909046
-5953.968281	-5693.034016	-5899.139452	-5726.047543	-59811.211802	-117948.769682	-87762.157650	-112458.868320
-6151.714164	-6322.302678	-5789.370035	-5700.544202	-130813.807942	-113930.820099	-122406.087507	-140149.371642
-951.379651	-5502.016008	-4935.421638	-5464.219208	-59692.479335	-117704.398060	-88933.009080	-111820.033112
-3135.882692	-4785.374377	-5816.706218	-5711.161281	-130820.468762	-113941.638344	-122414.134135	-140157.015938
-2438.865893	-5555.794305	-5224.899080	-5540.662174	-59712.819423	-117777.108285	-88626.298443	-112002.915085
-6411.910821	-6479.658959	-5792.879259	-5701.013589	-130815.350212	-113931.736521	-122407.786239	-140151.338595
-5406.127024	-5663.842638	-5804.636276	-5684.495650	-59801.578200	-117909.385909	-87945.754879	-112353.502196
-4167.259236	-5312.272049	-5810.179509	-5712.278868	-130822.681585	-113942.733579	-122415.922274	-140159.139354
1502.774835	-5440.392249	-4498.780310	-5379.975483	-59642.724352	-117628.536240	-89353.579504	-111610.910190
-4913.204004	-5607.896222	-5807.139672	-5705.014551	-130816.981890	-113936.005704	-122410.200228	-140153.618473
-5904.973257	-5689.569496	-5886.622475	-5722.538319	-59804.886258	-117946.087473	-87759.162516	-112453.548605
-6175.138792	-6333.277384	-5791.068767	-5699.985409	-130813.562073	-113930.596582	-122406.132210	-140149.908084
-1086.920629	-5506.709874	-4975.498316	-5470.343586	-59696.010911	-117711.081232	-88909.360934	-111834.606449
-3145.672756	-4795.767939	-5817.890861	-5712.725903	-130822.413364	-113943.672352	-122416.145792	-140159.653444
-2316.333630	-5551.681584	-5207.017685	-5535.007183	-59709.556068	-117772.861454	-88649.946588	-111990.018128
-6391.168403	-6462.179895	-5792.007541	-5697.973752	-130812.556244	-113929.188422	-122405.327547	-140149.371642
-5464.934464	-5660.914559	-5810.067750	-5682.931028	-59796.034967	-117908.380080	-87913.434257	-112359.470112
-4226.044324	-5339.719992	-5803.608096	-5705.774511	-130816.400744	-113936.564498	-122409.932007	-140153.663177
1504.317105	-5434.759609	-4515.320601	-5373.985216	-59638.388114	-117623.417690	-89355.702919	-111603.869391
-4853.100163	-5577.006111	-5801.976419	-5699.694836	-130811.840989	-113931.200079	-122405.260492	-140149.215180
-5869.121059	-5682.104013	-5876.743004	-5714.648153	-59797.957217	-117939.091377	-87765.309246	-112442.775064
-6200.329208	-6347.291928	-5786.732529	-5695.805633	-130809.717573	-113926.930896	-122402.533579	-140146.890598
-1234.911529	-5509.101511	-5014.122130	-5474.366900	-59698.111975	-117715.439822	-88885.824548	-111846.855205
-1086.920629	-5506.709874	-4975.498316	-5470.343586	-59696.010911	-117711.081232	-88909.360934	-111834.606449
-3145.672756	-4795.767939	-5817.890861	-5712.725903	-130822.413364	-113943.672352	-122416.145792	-140159.653444
-2316.333630	-5551.681584	-5207.017685	-5535.007183	-59709.556068	-117772.861454	-88649.946588	-111990.018128
-6391.168403	-6462.179895	-5792.007541	-5697.973752	-130812.556244	-113929.188422	-122405.327547	-140149.371642
-5464.934464	-5660.914559	-5810.067750	-5682.931028	-59796.034967	-117908.380080	-87913.434257	-112359.470112
-4226.044324	-5339.719992	-5803.608096	-5705.774511	-130816.400744	-113936.564498	-122409.932007	-140153.663177
1504.317105	-5434.759609	-4515.320601	-5373.985216	-59638.388114	-117623.417690	-89355.702919	-111603.869391
-4853.100163	-5577.006111	-5801.976419	-5699.694836	-130811.840989	-113931.200079	-122405.260492	-140149.215180
-5869.121059	-5682.104013	-5876.743004	-5714.648153	-59797.957217	-117939.091377	-87765.309246	-112442.775064
-6200.329208	-6347.291928	-5786.732529	-5695.805633	-130809.717573	-113926.930896	-122402.533579	-140146.890598
-1234.911529	-5509.101511	-5014.122130	-5474.366900	-59698.111975	-117715.439822	-88885.824548	-111846.855205
-3150.523084	-4803.546346	-5816.505053	-5711.943592	-130821.742811	-113943.314724	-122415.765812	-140159.832258
-2203.099692	-5545.311337	-5188.823365	-5527.206424	-59705.197478	-117766.200634	-88676.433405	-111974.640128
-6376.662120	-6450.981671	-5788.923000	-5695.045673	-130809.695221	-113926.573268	-122402.757097	-140147.315281
-5533.554320	-5662.814458	-5821.936527	-5686.239086	-59796.929037	-117912.157525	-87893.809425	-112370.109543
-4300.386226	-5378.612027	-5803.004599	-5705.819214	-130816.601910	-113937.056236	-122410.401393	-140154.780764
1506.664038	-5437.307708	-4524.104836	-5376.443908	-59642.031448	-117626.792804	-89364.531859	-111606.529249
-4809.246040	-5559.750564	-5807.944335	-5705.953325	-130818.077125	-113937.771492	-122411.764850	-140156.345386
-5839.214425	-5686.507307	-5876.854763	-5718.693819	-59803.232229	-117943.986409	-87786.074017	-112444.160872
-6236.293165	-6371.320053	-5791.225230	-5700.790072	-130814.702012	-113932.138852	-122407.965053	-140152.791459
-1378.163860	-5518.690410	-5047.828561	-5485.609828	-59706.918562	-117726.906267	-88866.892620	-111867.441162
-3172.226628	-4823.126474	-5820.081332	-5716.145720	-130825.810829	-113947.695666	-122420.236161	-140164.704938
-2079.472194	-5546.764201	-5169.533809	-5527.206424	-59708.818461	-117767.161759	-88710.855092	-111967.018183
-6371.700033	-6449.417049	-5795.695579	-5702.131176	-130816.736021	-113933.882288	-122410.133172	-140155.116040
-5601.548326	-5673.543295	-5839.996736	-5698.286676	-59806.786157	-117924.383929	-87882.901774	-112389.086174
-6376.662120	-6450.981671	-5788.923000	-5695.045673	-130809.695221	-113926.573268	-122402.757097	-140147.315281
-5533.554320	-5662.814458	-5821.936527	-5686.239086	-59796.929037	-117912.157525	-87893.809425	-112370.109543
-4300.386226	-5378.612027	-5803.004599	-5705.819214	-130816.601910	-113937.056236	-122410.401393	-140154.780764
1506.664038	-5437.307708	-4524.104836	-5376.443908	-59642.031448	-117626.792804	-89364.531859	-111606.529249
-4809.246040	-5559.750564	-5807.944335	-5705.953325	-130818.077125	-113937.771492	-122411.764850	-140156.345386
-5839.214425	-5686.507307	-5876.854763	-5718.693819	-59803.232229	-117943.986409	-87786.074017	-112444.160872
-6236.293165	-6371.320053	-5791.225230	-5700.790072	-130814.702012	-113932.138852	-122407.965053	-140152.791459
-1378.163860	-5518.690410	-5047.828561	-5485.609828	-59706.918562	-117726.906267	-88866.892620	-111867.441162
-3172.226628	-4823.126474	-5820.081332	-5716.145720	-130825.810829	-113947.695666	-122420.236161	-140164.704938
-2079.472194	-5546.764201	-5169.533809	-5527.206424	-59708.818461	-117767.161759	-88710.855092	-111967.018183
-6371.700033	-6449.417049	-5795.695579	-5702.131176	-130816.736021	-113933.882288	-122410.133172	-140155.116040
-5601.548326	-5673.543295	-5839.996736	-5698.286676	-59806.786157	-117924.383929	-87882.901774	-112389.086174
-4373.319968	-5416.744103	-5808.279611	-5711.384798	-130822.323957	-113942.822986	-122416.391661	-140161.195715
1522.019687	-5440.906339	-4518.315735	-5380.154297	-59645.294803	-117630.927876	-89370.253905	-111610.127879
-4753.791362	-5534.314279	-5810.023047	-5707.897926	-130820.088782	-113939.984314	-122414.223542	-140159.117002
-5800.992942	-5687.021397	-5872.809097	-5718.716171	-59805.668569	-117944.545203	-87805.520034	-112440.025799
-6264.188142	-6390.207278	-5792.946314	-5702.801729	-130817.026593	-113934.508137	-122410.468448	-140155.674834
-1507.871033	-5523.585442	-5068.503924	-5492.270648	-59710.159565	-117733.567087	-88842.596274	-111882.640348
-3162.302454	-4816.040971	-5820.148387	-5715.832796	-130825.788477	-113947.673315	-122420.303216	-140165.219029
-1950.413221	-5541.846817	-5140.968280	-5520.769122	-59705.242181	-117761.752637	-88736.604302	-111953.383619
-6356.545550	-6438.576453	-5794.801509	-5700.991237	-130815.797247	-113933.122329	-122409.395565	-140154.736060
-5662.367423	-5676.717243	-5851.194960	-5702.287638	-59809.289552	-117928.898982	-87866.048558	-112399.725604
-4438.743524	-5448.662394	-5806.782044	-5709.842528	-130820.960500	-113941.526585	-122415.318777	-140160.458107
1517.929318	-5439.699345	-4523.814264	-5378.522620	-59644.311326	-117630.056158	-89370.522126	-111608.876182
-4697.152042	-5506.642819	-5810.850061	-5708.344961	-130820.424058	-113940.498405	-122414.804687	-140160.078127
-4753.791362	-5534.314279	-5810.023047	-5707.897926	-130820.088782	-113939.984314	-122414.223542	-140159.117002
-5800.992942	-5687.021397	-5872.809097	-5718.716171	-59805.668569	-117944.545203	-87805.520034	-112440.025799
-6264.188142	-6390.207278	-5792.946314	-5702.801729	-130817.026593	-113934.508137	-122410.468448	-140155.674834
-1507.871033	-5523.585442	-5068.503924	-5492.270648	-59710.159565	-117733.567087	-88842.596274	-111882.640348
-3162.302454	-4816.040971	-5820.148387	-5715.832796	-130825.788477	-113947.673315	-122420.303216	-140165.219029
-1950.413221	-5541.846817	-5140.968280	-5520.769122	-59705.242181	-117761.752637	-88736.604302	-111953.383619
-6356.545550	-6438.576453	-5794.801509	-5700.991237	-130815.797247	-113933.122329	-122409.395565	-140154.736060
-5662.367423	-5676.717243	-5851.194960	-5702.287638	-59809.289552	-117928.898982	-87866.048558	-112399.725604
-4438.743524	-5448.662394	-5806.782044	-5709.842528	-130820.960500	-113941.526585	-122415.318777	-140160.458107
1517.929318	-5439.699345	-4523.814264	-5378.522620	-59644.311326	-117630.056158	-89370.522126	-111608.876182
-4697.152042	-5506.642819	-5810.850061	-5708.344961	-130820.424058	-113940.498405	-122414.804687	-140160.078127
-5757.429392	-5684.160374	-5864.091917	-5715.028133	-59802.651084	-117941.773586	-87818.372288	-112432.985000
-6286.182259	-6402.836013	-5791.225230	-5700.655961	-130814.836122	-113932.518832	-122408.590902	-140154.289026
-1648.284691	-5524.859491	-5095.750701	-5494.975209	-59709.399606	-117736.338703	-88812.421419	-111894.330310
-3163.710614	-4818.119683	-5816.996791	-5712.301220	-130822.234550	-113944.298201	-122417.129268	-140162.425061
-1818.247356	-5535.230700	-5114.190890	-5512.364866	-59698.983693	-117754.398913	-88759.805412	-111937.536232
-6337.367754	-6424.159577	-5793.952142	-5699.180746	-130814.053811	-113931.490652	-122407.830943	-140153.752584
-5711.563612	-5677.700720	-5857.051117	-5704.165185	-59807.322598	-117931.156508	-87845.216733	-112408.554543
-4502.557755	-5479.217229	-5806.357361	-5708.948458	-130820.379355	-113940.945439	-122414.782335	-140160.592218
1528.747562	-5440.526359	-4512.414874	-5379.371986	-59643.819588	-117631.419615	-89370.991513	-111610.865487
-4640.356259	-5478.814897	-5813.196994	-5709.753121	-130821.854570	-113942.264192	-122416.458716	-140162.313302
-5703.584040	-5683.199249	-5853.631300	-5713.105883	-59799.723005	-117941.013627	-87833.213846	-112428.559354
-6310.813881	-6418.705752	-5793.594515	-5701.974714	-130816.423096	-113934.195213	-122410.446097	-140156.501848
-1769.989940	-5532.213215	-5112.201585	-5504.072369	-59712.975885	-117745.659381	-88787.521575	-111913.776328
-3179.803870	-4828.602651	-5821.154215	-5716.033961	-130826.034346	-113948.366219	-122421.130231	-140166.917761
-3163.710614	-4818.119683	-5816.996791	-5712.301220	-130822.234550	-113944.298201	-122417.129268	-140162.425061
-1818.247356	-5535.230700	-5114.190890	-5512.364866	-59698.983693	-117754.398913	-88759.805412	-111937.536232
-6337.367754	-6424.159577	-5793.952142	-5699.180746	-130814.053811	-113931.490652	-122407.830943	-140153.752584
-5711.563612	-5677.700720	-5857.051117	-5704.165185	-59807.322598	-117931.156508	-87845.216733	-112408.554543
-4502.557755	-5479.217229	-5806.357361	-5708.948458	-130820.379355	-113940.945439	-122414.782335	-140160.592218
1528.747562	-5440.526359	-4512.414874	-5379.371986	-59643.819588	-117631.419615	-89370.991513	-111610.865487
-4640.356259	-5478.814897	-5813.196994	-5709.753121	-130821.854570	-113942.264192	-122416.458716	-140162.313302
-5703.584040	-5683.199249	-5853.631300	-5713.105883	-59799.723005	-117941.013627	-87833.213846	-112428.559354
-6310.813881	-6418.705752	-5793.594515	-5701.974714	-130816.423096	-113934.195213	-122410.446097	-140156.501848
-1769.989940	-5532.213215	-5112.201585	-5504.072369	-59712.975885	-117745.659381	-88787.521575	-111913.776328
-3179.803870	-4828.602651	-5821.154215	-5716.033961	-130826.034346	-113948.366219	-122421.130231	-140166.917761
-1671.172878	-5534.448389	-5080.082128	-5510.196747	-59697.352016	-117753.393084	-88787.968610	-111929.623715
-6322.436788	-6413.877775	-5796.947276	-5701.102996	-130815.976061	-113933.815233	-122410.110821	-140156.390090
-5755.775363	-5682.908676	-5864.427193	-5710.446025	-59808.954276	-117937.973790	-87829.704622	-112422.814956
-4578.441927	-5519.048037	-5808.771349	-5710.937764	-130822.458067	-113943.270021	-122417.241027	-140163.430889
1542.717402	-5440.973394	-4502.915383	-5379.841373	-59642.992573	-117632.805423	-89370.432719	-111613.726510
-4591.897677	-5457.133705	-5812.280573	-5708.054389	-130820.267596	-113940.945439	-122415.207018	-140161.486287
-5643.457847	-5680.338225	-5841.270785	-5709.417845	-59796.057319	-117938.443177	-87848.904770	-112422.367921
-6331.958632	-6431.826226	-5792.499279	-5700.477147	-130815.059640	-113933.032922	-122409.395565	-140155.898351
-1897.573697	-5533.844892	-5134.307460	-5507.067502	-59712.484147	-117749.258011	-88758.710177	-111927.545002
-3199.160480	-4841.879587	-5817.019143	-5711.809482	-130821.899274	-113944.454663	-122417.375137	-140163.497944
-1533.754353	-5526.714686	-5049.281424	-5500.831366	-59690.914713	-117745.569974	-88810.990907	-111914.223363
-6303.013122	-6399.684417	-5794.667398	-5698.733711	-130813.651480	-113931.714169	-122408.143867	-140154.758412
-5804.815090	-5683.623932	-5871.646806	-5712.167110	-59808.976627	-117940.499537	-87812.314965	-112431.822709
-4649.229902	-5552.598006	-5804.837442	-5707.562650	-130819.261768	-113940.140777	-122414.312949	-140160.838087
-5755.775363	-5682.908676	-5864.427193	-5710.446025	-59808.954276	-117937.973790	-87829.704622	-112422.814956
-4578.441927	-5519.048037	-5808.771349	-5710.937764	-130822.458067	-113943.270021	-122417.241027	-140163.430889
1542.717402	-5440.973394	-4502.915383	-5379.841373	-59642.992573	-117632.805423	-89370.432719	-111613.726510
-4591.897677	-5457.133705	-5812.280573	-5708.054389	-130820.267596	-113940.945439	-122415.207018	-140161.486287
-5643.457847	-5680.338225	-5841.270785	-5709.417845	-59796.057319	-117938.443177	-87848.904770	-112422.367921
-6331.958632	-6431.826226	-5792.499279	-5700.477147	-130815.059640	-113933.032922	-122409.395565	-140155.898351
-1897.573697	-5533.844892	-5134.307460	-5507.067502	-59712.484147	-117749.258011	-88758.710177	-111927.545002
-3199.160480	-4841.879587	-5817.019143	-5711.809482	-130821.899274	-113944.454663	-122417.375137	-140163.497944
-1533.754353	-5526.714686	-5049.281424	-5500.831366	-59690.914713	-117745.569974	-88810.990907	-111914.223363
-6303.013122	-6399.684417	-5794.667398	-5698.733711	-130813.651480	-113931.714169	-122408.143867	-140154.758412
-5804.815090	-5683.623932	-5871.646806	-5712.167110	-59808.976627	-117940.499537	-87812.314965	-112431.822709
-4649.229902	-5552.598006	-5804.837442	-5707.562650	-130819.261768	-113940.140777	-122414.312949	-140160.838087
1518.130483	-5437.687688	-4512.504281	-5376.555667	-59640.712695	-117630.436138	-89366.834088	-111612.385406
-4539.125209	-5430.602185	-5808.413721	-5704.679275	-130816.780724	-113937.793843	-122412.100126	-140158.625264
-5591.422986	-5672.872743	-5829.223195	-5701.170051	-59790.804659	-117931.357674	-87862.405224	-112410.253276
-6348.118943	-6440.498703	-5786.173735	-5695.202135	-130809.806980	-113927.892021	-122404.388774	-140151.271540
-2047.866827	-5534.247224	-5171.389004	-5509.101511	-59713.512327	-117751.873166	-88729.272929	-111939.123206
-3216.930117	-4852.451963	-5814.314582	-5710.222508	-130820.401707	-113943.113559	-122416.078736	-140162.737985
-1429.192892	-5521.506729	-5038.530235	-5493.924677	-59689.171277	-117740.071445	-88836.650710	-111900.432336
-6284.550582	-6386.608647	-5793.348645	-5698.532545	-130813.405611	-113931.602410	-122408.099164	-140155.250151
-5860.739155	-5685.881458	-5883.984969	-5714.961078	-59812.463500	-117944.187575	-87798.702752	-112440.025799
-4717.067446	-5587.064396	-5803.831614	-5708.166147	-130819.887617	-113940.744274	-122415.117611	-140161.978026
1467.190858	-5440.504007	-4550.703412	-5379.036710	-59646.188873	-117634.146528	-89368.510469	-111616.274609
-4490.085481	-5411.044408	-5811.185337	-5708.814348	-130820.804038	-113942.040675	-122416.302254	-140163.140316
-5557.314224	-5673.833868	-5829.178492	-5701.080644	-59795.207953	-117932.430557	-87884.488748	-112404.844154
-4539.125209	-5430.602185	-5808.413721	-5704.679275	-130816.780724	-113937.793843	-122412.100126	-140158.625264
-5591.422986	-5672.872743	-5829.223195	-5701.170051	-59790.804659	-117931.357674	-87862.405224	-112410.253276
-6348.118943	-6440.498703	-5786.173735	-5695.202135	-130809.806980	-113927.892021	-122404.388774	-140151.271540
-2047.866827	-5534.247224	-5171.389004	-5509.101511	-59713.512327	-117751.873166	-88729.272929	-111939.123206
-3216.930117	-4852.451963	-5814.314582	-5710.222508	-130820.401707	-113943.113559	-122416.078736	-140162.737985
-1429.192892	-5521.506729	-5038.530235	-5493.924677	-59689.171277	-117740.071445	-88836.650710	-111900.432336
-6284.550582	-6386.608647	-5793.348645	-5698.532545	-130813.405611	-113931.602410	-122408.099164	-140155.250151
-5860.739155	-5685.881458	-5883.984969	-5714.961078	-59812.463500	-117944.187575	-87798.702752	-112440.025799
-4717.067446	-5587.064396	-5803.831614	-5708.166147	-130819.887617	-113940.744274	-122415.117611	-140161.978026
1467.190858	-5440.504007	-4550.703412	-5379.036710	-59646.188873	-117634.146528	-89368.510469	-111616.274609
-4490.085481	-5411.044408	-5811.185337	-5708.814348	-130820.804038	-113942.040675	-122416.302254	-140163.140316
-5557.314224	-5673.833868	-5829.178492	-5701.080644	-59795.207953	-117932.430557	-87884.488748	-112404.844154
-6372.392937	-6458.335395	-5787.693654	-5698.465490	-130813.092686	-113931.289486	-122407.830943	-140155.116040
-2218.768265	-5540.125732	-5220.764008	-5516.455235	-59720.687237	-117759.673924	-88704.909528	-111955.082352
-3234.029202	-4864.186628	-5813.420512	-5710.669543	-130820.736983	-113943.650001	-122416.570475	-140163.632055
-1339.249473	-5518.176319	-5037.435000	-5488.940238	-59689.752423	-117736.249296	-88863.428100	-111887.378918
-6265.797468	-6374.315187	-5791.672265	-5698.174917	-130813.092686	-113931.490652	-122407.987405	-140155.540723
-5917.646696	-5687.244914	-5895.853745	-5717.106845	-59815.279819	-117946.713322	-87783.816491	-112446.820730
-4789.263581	-5623.944774	-5800.858832	-5706.668580	-130818.524160	-113939.447873	-122414.000024	-140161.374529
1407.891680	-5439.162903	-4579.671273	-5377.717957	-59646.792370	-117633.408920	-89364.174231	-111616.162850
-4440.486960	-5388.893829	-5806.916154	-5705.528641	-130817.585387	-113938.956134	-122413.173010	-140160.659273
-5508.542718	-5668.268283	-5818.986096	-5694.486880	-59792.235171	-117926.641455	-87901.431370	-112392.729508
-6391.011940	-6470.561799	-5784.385596	-5696.453833	-130811.282195	-113929.501346	-122406.221617	-140154.020805
-2364.144011	-5543.456142	-5250.514180	-5521.350267	-59724.084702	-117764.747770	-88678.109786	-111969.007488
-3266.863914	-4884.705530	-5811.542965	-5710.110749	-130820.222893	-113943.225317	-122416.346957	-140163.833220
-2218.768265	-5540.125732	-5220.764008	-5516.455235	-59720.687237	-117759.673924	-88704.909528	-111955.082352
-3234.029202	-4864.186628	-5813.420512	-5710.669543	-130820.736983	-113943.650001	-122416.570475	-140163.632055
-1339.249473	-5518.176319	-5037.435000	-5488.940238	-59689.752423	-117736.249296	-88863.428100	-111887.378918
-6265.797468	-6374.315187	-5791.672265	-5698.174917	-130813.092686	-113931.490652	-122407.987405	-140155.540723
-5917.646696	-5687.244914	-5895.853745	-5717.106845	-59815.279819	-117946.713322	-87783.816491	-112446.820730
-4789.263581	-5623.944774	-5800.858832	-5706.668580	-130818.524160	-113939.447873	-122414.000024	-140161.374529
1407.891680	-5439.162903	-4579.671273	-5377.717957	-59646.792370	-117633.408920	-89364.174231	-111616.162850
-4440.486960	-5388.893829	-5806.916154	-5705.528641	-130817.585387	-113938.956134	-122413.173010	-140160.659273
-5508.542718	-5668.268283	-5818.986096	-5694.486880	-59792.235171	-117926.641455	-87901.431370	-112392.729508
-6391.011940	-6470.561799	-5784.385596	-5696.453833	-130811.282195	-113929.501346	-122406.221617	-140154.020805
-2364.144011	-5543.456142	-5250.514180	-5521.350267	-59724.084702	-117764.747770	-88678.109786	-111969.007488
-3266.863914	-4884.705530	-5811.542965	-5710.110749	-130820.222893	-113943.225317	-122416.346957	-140163.833220
-1219.824102	-5515.628221	-5019.285383	-5484.693406	-59689.752423	-117733.120052	-88891.300725	-111876.203045
-6247.714907	-6362.736984	-5791.336988	-5698.934877	-130813.606776	-113932.250611	-122408.859123	-140156.859476
-5958.751554	-5690.552973	-5903.922725	-5721.353676	-59818.945505	-117951.228374	-87772.864136	-112456.029648
-4863.918407	-5662.367423	-5800.680018	-5707.830871	-130819.820561	-113940.811329	-122415.542294	-140163.319130
1383.751796	-5443.342679	-4583.582828	-5381.830678	-59651.910919	-117638.013379	-89365.537687	-111622.466042
-4397.795129	-5372.867629	-5808.570183	-5707.808519	-130819.731154	-113941.392474	-122415.698757	-140163.676758
-5446.494275	-5667.396565	-5809.017218	-5692.497574	-59793.173944	-117925.322703	-87924.207798	-112385.621653
-6411.329676	-6485.626875	-5785.391424	-5698.309028	-130813.182093	-113931.602410	-122408.367384	-140156.703014
-2499.170899	-5552.530951	-5276.442203	-5532.012049	-59732.734827	-117775.342497	-88656.227428	-111989.235817
-3288.925086	-4901.044655	-5815.543928	-5714.782264	-130824.737945	-113947.941535	-122421.107879	-140169.018825
-1083.612571	-5514.823558	-4992.150365	-5482.145307	-59691.048824	-117731.555430	-88920.872083	-111866.569444
-6225.497273	-6348.230701	-5792.566334	-5700.253630	-130814.813771	-113933.770529	-122410.334338	-140158.580561
-5995.095491	-5694.688045	-5911.455263	-5726.002839	-59822.790006	-117956.257517	-87763.319941	-112465.573843
-5958.751554	-5690.552973	-5903.922725	-5721.353676	-59818.945505	-117951.228374	-87772.864136	-112456.029648
-4863.918407	-5662.367423	-5800.680018	-5707.830871	-130819.820561	-113940.811329	-122415.542294	-140163.319130
1383.751796	-5443.342679	-4583.582828	-5381.830678	-59651.910919	-117638.013379	-89365.537687	-111622.466042
-4397.795129	-5372.867629	-5808.570183	-5707.808519	-130819.731154	-113941.392474	-122415.698757	-140163.676758
-5446.494275	-5667.396565	-5809.017218	-5692.497574	-59793.173944	-117925.322703	-87924.207798	-112385.621653
-6411.329676	-6485.626875	-5785.391424	-5698.309028	-130813.182093	-113931.602410	-122408.367384	-140156.703014
-2499.170899	-5552.530951	-5276.442203	-5532.012049	-59732.734827	-117775.342497	-88656.227428	-111989.235817
-3288.925086	-4901.044655	-5815.543928	-5714.782264	-130824.737945	-113947.941535	-122421.107879	-140169.018825
-1083.612571	-5514.823558	-4992.150365	-5482.145307	-59691.048824	-117731.555430	-88920.872083	-111866.569444
-6225.497273	-6348.230701	-5792.566334	-5700.253630	-130814.813771	-113933.770529	-122410.334338	-140158.580561
-5995.095491	-5694.688045	-5911.455263	-5726.002839	-59822.790006	-117956.257517	-87763.319941	-112465.573843
-4927.754990	-5692.743444	-5800.680018	-5708.367313	-130820.245245	-113941.414826	-122416.168143	-140164.302607
1355.275673	-5444.393211	-4585.862706	-5383.015321	-59653.699059	-117639.667408	-89362.095518	-111625.550583
-4343.390983	-5347.408992	-5811.274744	-5710.647191	-130822.279253	-113944.164091	-122418.626835	-140166.738947
-5381.227181	-5668.156525	-5800.322390	-5692.274057	-59795.342063	-117925.859144	-87948.593551	-112379.586682
-6428.004077	-6497.652113	-5788.565372	-5701.728845	-130816.378393	-113934.821061	-122411.921312	-140160.413404
-2633.236663	-5558.945901	-5303.644276	-5539.902215	-59738.099246	-117783.277367	-88631.461696	-112005.910218
-3295.563554	-4902.341056	-5815.454521	-5715.095188	-130824.983814	-113948.232108	-122421.554914	-140169.845840
-954.531247	-5511.783720	-4969.329234	-5477.339682	-59689.730071	-117727.777985	-88947.425955	-111854.275984
-6199.256325	-6330.975155	-5794.488584	-5702.287638	-130816.713669	-113935.737483	-122412.390698	-140161.083956
-6028.600756	-5696.833813	-5917.490234	-5728.819159	-59824.019351	-117959.431465	-87752.188772	-112472.301718
-4982.673226	-5718.313839	-5798.266029	-5706.467415	-130818.390050	-113939.559631	-122414.536466	-140163.028558
1317.233004	-5442.381554	-4594.646942	-5381.070719	-59651.620347	-117637.968676	-89354.183001	-111625.058845
-4274.882886	-5313.210823	-5807.452596	-5706.892098	-130818.300643	-113940.386646	-122414.849390	-140163.430889
-5306.080616	-5660.199304	-5783.558581	-5683.065138	-59788.077746	-117917.387833	-87966.251429	-112363.940461
-4343.390983	-5347.408992	-5811.274744	-5710.647191	-130822.279253	-113944.164091	-122418.626835	-140166.738947
-5381.227181	-5668.156525	-5800.322390	-5692.274057	-59795.342063	-117925.859144	-87948.593551	-112379.586682
-6428.004077	-6497.652113	-5788.565372	-5701.728845	-130816.378393	-113934.821061	-122411.921312	-140160.413404
-2633.236663	-5558.945901	-5303.644276	-5539.902215	-59738.099246	-117783.277367	-88631.461696	-112005.910218
-3295.563554	-4902.341056	-5815.454521	-5715.095188	-130824.983814	-113948.232108	-122421.554914	-140169.845840
-954.531247	-5511.783720	-4969.329234	-5477.339682	-59689.730071	-117727.777985	-88947.425955	-111854.275984
-6199.256325	-6330.975155	-5794.488584	-5702.287638	-130816.713669	-113935.737483	-122412.390698	-140161.083956
-6028.600756	-5696.833813	-5917.490234	-5728.819159	-59824.019351	-117959.431465	-87752.188772	-112472.301718
-4982.673226	-5718.313839	-5798.266029	-5706.467415	-130818.390050	-113939.559631	-122414.536466	-140163.028558
1317.233004	-5442.381554	-4594.646942	-5381.070719	-59651.620347	-117637.968676	-89354.183001	-111625.058845
-4274.882886	-5313.210823	-5807.452596	-5706.892098	-130818.300643	-113940.386646	-122414.849390	-140163.430889
-5306.080616	-5660.199304	-5783.558581	-5683.065138	-59788.077746	-117917.387833	-87966.251429	-112363.940461
-6433.636717	-6499.775529	-5783.245657	-5696.386778	-130810.969271	-113929.613105	-122406.735707	-140155.697185
-2767.458888	-5557.761259	-5328.901747	-5540.528064	-59735.238223	-117783.634994	-88598.805797	-112015.186192
-3303.073740	-4905.805577	-5811.028875	-5711.004819	-130820.692279	-113944.052332	-122417.553951	-140166.224857
-832.177798	-5505.569936	-4950.978452	-5469.851848	-59684.946797	-117720.848944	-88970.738825	-111838.920336
-6166.622778	-6308.131672	-5791.292285	-5698.867822	-130813.204445	-113932.451777	-122409.127344	-140158.200581
-6054.886407	-5694.285714	-5918.361952	-5727.031020	-59820.666590	-117957.889194	-87738.643615	-112474.313375
-5040.094857	-5744.621842	-5795.539116	-5704.120482	-130815.931358	-113937.190346	-122412.256588	-140161.262770
1274.898800	-5444.907301	-4602.268887	-5384.311722	-59654.302556	-117641.299086	-89350.316149	-111630.602077
-4223.093894	-5290.836727	-5811.475910	-5711.071874	-130822.279253	-113944.678181	-122419.073870	-140168.102404
-5234.756200	-5660.713394	-5773.209724	-5682.461641	-59789.731775	-117917.588999	-87994.056999	-112357.100827
-6447.226578	-6509.722055	-5784.072671	-5697.794938	-130812.288024	-113931.043617	-122408.277977	-140157.641787
-2898.417759	-5563.773878	-5351.946396	-5548.217064	-59740.110903	-117791.391050	-88574.107119	-112032.531146
-3322.050371	-4915.573289	-5811.654724	-5711.988296	-130821.653404	-113945.214623	-122418.828001	-140167.945941
-2767.458888	-5557.761259	-5328.901747	-5540.528064	-59735.238223	-117783.634994	-88598.805797	-112015.186192
-3303.073740	-4905.805577	-5811.028875	-5711.004819	-130820.692279	-113944.052332	-122417.553951	-140166.224857
-832.177798	-5505.569936	-4950.978452	-5469.851848	-59684.946797	-117720.848944	-88970.738825	-111838.920336
-6166.622778	-6308.131672	-5791.292285	-5698.867822	-130813.204445	-113932.451777	-122409.127344	-140158.200581
-6054.886407	-5694.285714	-5918.361952	-5727.031020	-59820.666590	-117957.889194	-87738.643615	-112474.313375
-5040.094857	-5744.621842	-5795.539116	-5704.120482	-130815.931358	-113937.190346	-122412.256588	-140161.262770
1274.898800	-5444.907301	-4602.268887	-5384.311722	-59654.302556	-117641.299086	-89350.316149	-111630.602077
-4223.093894	-5290.836727	-5811.475910	-5711.071874	-130822.279253	-113944.678181	-122419.073870	-140168.102404
-5234.756200	-5660.713394	-5773.209724	-5682.461641	-59789.731775	-117917.588999	-87994.056999	-112357.100827
-6447.226578	-6509.722055	-5784.072671	-5697.794938	-130812.288024	-113931.043617	-122408.277977	-140157.641787
-2898.417759	-5563.773878	-5351.946396	-5548.217064	-59740.110903	-117791.391050	-88574.107119	-112032.531146
-3322.050371	-4915.573289	-5811.654724	-5711.988296	-130821.653404	-113945.214623	-122418.828001	-140167.945941
-696.815633	-5502.597153	-4923.016420	-5465.493258	-59683.695100	-117717.384424	-88997.717380	-111827.789167
-6139.621870	-6291.300808	-5792.834555	-5700.588906	-130814.746715	-113934.306971	-122411.027242	-140160.614569
-6080.345044	-5696.699702	-5922.877004	-5730.361429	-59822.678247	-117961.197252	-87731.759278	-112481.488285
-5100.176346	-5773.120317	-5792.253410	-5701.371217	-130813.204445	-113934.642248	-122409.842600	-140159.340520
1238.554864	-5443.007403	-4600.681913	-5382.747100	-59652.492065	-117640.025036	-89341.531913	-111631.831423
-4168.510934	-5266.830953	-5809.754826	-5709.395493	-130820.446410	-113943.113559	-122417.665710	-140167.141279
-5152.121800	-5657.360632	-5758.412869	-5678.080699	-59787.988339	-117913.878609	-88018.375697	-112346.237880
-6459.765906	-6519.266250	-5785.212610	-5699.247801	-130813.629128	-113932.630591	-122409.909655	-140159.742851
-3024.548653	-5569.965311	-5374.521658	-5556.286044	-59745.408266	-117799.325919	-88549.922532	-112049.384361
-3330.253462	-4918.501367	-5811.230041	-5712.032999	-130821.496942	-113945.348733	-122419.051518	-140168.549439
-562.861629	-5496.852755	-4892.103957	-5458.407755	-59679.805896	-117711.014177	-89020.627918	-111813.349940
-6106.563640	-6269.261988	-5791.359340	-5699.337208	-130813.249149	-113933.032922	-122409.753193	-140159.742851
-6106.340123	-5700.723016	-5929.761342	-5734.921185	-59826.656857	-117966.315802	-87726.774839	-112489.154934
-6080.345044	-5696.699702	-5922.877004	-5730.361429	-59822.678247	-117961.197252	-87731.759278	-112481.488285
-5100.176346	-5773.120317	-5792.253410	-5701.371217	-130813.204445	-113934.642248	-122409.842600	-140159.340520
1238.554864	-5443.007403	-4600.681913	-5382.747100	-59652.492065	-117640.025036	-89341.531913	-111631.831423
-4168.510934	-5266.830953	-5809.754826	-5709.395493	-130820.446410	-113943.113559	-122417.665710	-140167.141279
-5152.121800	-5657.360632	-5758.412869	-5678.080699	-59787.988339	-117913.878609	-88018.375697	-112346.237880
-6459.765906	-6519.266250	-5785.212610	-5699.247801	-130813.629128	-113932.630591	-122409.909655	-140159.742851
-3024.548653	-5569.965311	-5374.521658	-5556.286044	-59745.408266	-117799.325919	-88549.922532	-112049.384361
-3330.253462	-4918.501367	-5811.230041	-5712.032999	-130821.496942	-113945.348733	-122419.051518	-140168.549439
-562.861629	-5496.852755	-4892.103957	-5458.407755	-59679.805896	-117711.014177	-89020.627918	-111813.349940
-6106.563640	-6269.261988	-5791.359340	-5699.337208	-130813.249149	-113933.032922	-122409.753193	-140159.742851
-6106.340123	-5700.723016	-5929.761342	-5734.921185	-59826.656857	-117966.315802	-87726.774839	-112489.154934
-5158.089716	-5803.541041	-5798.087215	-5707.674409	-130819.395878	-113940.923088	-122416.414012	-140166.247209
1195.058369	-5449.042374	-4607.789768	-5389.117347	-59658.996422	-117646.887022	-89339.408498	-111640.548604
-4101.187480	-5231.939880	-5810.112454	-5709.887232	-130820.580521	-113943.471187	-122418.068042	-140167.923590
-5067.296930	-5652.286786	-5742.409020	-5671.799859	-59784.479116	-117908.514191	-88040.369813	-112332.625667
-6468.952473	-6526.061180	-5786.620770	-5700.767720	-130814.970233	-113934.105806	-122411.474277	-140161.754508
-3154.725212	-5577.140221	-5400.784958	-5564.958521	-59751.398534	-117808.110155	-88524.866226	-112066.483446
-3330.879310	-4916.757931	-5815.432169	-5716.324534	-130825.497904	-113949.640268	-122423.231295	-140173.131546
-434.741430	-5498.484433	-4871.182724	-5458.519513	-59682.890437	-117711.863543	-89048.925227	-111805.750347
-6074.064204	-6250.419468	-5796.343779	-5703.807557	-130817.384221	-113937.615030	-122414.290597	-140164.637883
-6128.110722	-5703.561688	-5934.634022	-5738.050430	-59828.512052	-117969.735619	-87719.465818	-112494.497001
-5208.604659	-5827.613870	-5798.355436	-5707.897926	-130819.485285	-113941.213660	-122416.704585	-140166.962465
1145.236331	-5451.143438	-4611.746026	-5391.486632	-59660.538693	-117649.323362	-89330.288986	-111645.153063
-4032.008831	-5199.038112	-5812.526442	-5711.697723	-130822.145143	-113945.505195	-122420.034995	-140170.248171
-4977.465269	-5649.470466	-5726.293412	-5667.508324	-59782.154534	-117904.848505	-88063.660331	-112320.980408
-5067.296930	-5652.286786	-5742.409020	-5671.799859	-59784.479116	-117908.514191	-88040.369813	-112332.625667
-6468.952473	-6526.061180	-5786.620770	-5700.767720	-130814.970233	-113934.105806	-122411.474277	-140161.754508
-3154.725212	-5577.140221	-5400.784958	-5564.958521	-59751.398534	-117808.110155	-88524.866226	-112066.483446
-3330.879310	-4916.757931	-5815.432169	-5716.324534	-130825.497904	-113949.640268	-122423.231295	-140173.131546
-434.741430	-5498.484433	-4871.182724	-5458.519513	-59682.890437	-117711.863543	-89048.925227	-111805.750347
-6074.064204	-6250.419468	-5796.343779	-5703.807557	-130817.384221	-113937.615030	-122414.290597	-140164.637883
-6128.110722	-5703.561688	-5934.634022	-5738.050430	-59828.512052	-117969.735619	-87719.465818	-112494.497001
-5208.604659	-5827.613870	-5798.355436	-5707.897926	-130819.485285	-113941.213660	-122416.704585	-140166.962465
1145.236331	-5451.143438	-4611.746026	-5391.486632	-59660.538693	-117649.323362	-89330.288986	-111645.153063
-4032.008831	-5199.038112	-5812.526442	-5711.697723	-130822.145143	-113945.505195	-122420.034995	-140170.248171
-4977.465269	-5649.470466	-5726.293412	-5667.508324	-59782.154534	-117904.848505	-88063.660331	-112320.980408
-6472.528752	-6527.894023	-5783.916209	-5697.459662	-130811.662175	-113930.931858	-122408.501495	-140159.206409
-3272.340092	-5577.497849	-5417.772283	-5566.903122	-59749.744505	-117809.898294	-88491.629182	-112077.458152
-3341.094058	-4920.200100	-5812.727608	-5713.351752	-130822.569826	-113946.801596	-122420.593789	-140170.963427
-301.301515	-5493.902325	-4842.192512	-5452.350432	-59679.068289	-117706.655587	-89069.645294	-111793.099260
-6039.553111	-6229.006497	-5797.953105	-5704.835737	-130818.121829	-113938.643210	-122415.430536	-140166.180154
-6145.187455	-5707.003857	-5938.299708	-5742.051392	-59830.680171	-117974.004802	-87713.296737	-112501.783669
-5264.640482	-5854.950053	-5798.958933	-5708.277906	-130819.865265	-113941.660695	-122417.285731	-140168.035348
1098.789406	-5452.171618	-4608.750893	-5393.341827	-59660.985727	-117651.133853	-89320.118942	-111650.428075
-3974.229571	-5170.696100	-5812.392332	-5711.228336	-130821.541646	-113944.924050	-122419.587960	-140170.158764
-4884.504364	-5647.302347	-5709.373141	-5664.066155	-59780.656967	-117902.255702	-88087.956677	-112311.212696
-6483.928142	-6537.594680	-5788.878296	-5702.131176	-130816.177227	-113935.715131	-122413.262417	-140164.347311
-3391.407834	-5587.310265	-5441.822760	-5578.213105	-59757.612319	-117821.275332	-88469.433900	-112098.044109
-3361.411793	-4932.985298	-5817.041494	-5717.643287	-130826.727250	-113951.093131	-122424.907675	-140175.701997
-171.683749	-5493.075310	-4815.884509	-5450.227016	-59679.358861	-117705.336834	-89093.852233	-111784.627948
-3272.340092	-5577.497849	-5417.772283	-5566.903122	-59749.744505	-117809.898294	-88491.629182	-112077.458152
-3341.094058	-4920.200100	-5812.727608	-5713.351752	-130822.569826	-113946.801596	-122420.593789	-140170.963427
-301.301515	-5493.902325	-4842.192512	-5452.350432	-59679.068289	-117706.655587	-89069.645294	-111793.099260
-6039.553111	-6229.006497	-5797.953105	-5704.835737	-130818.121829	-113938.643210	-122415.430536	-140166.180154
-6145.187455	-5707.003857	-5938.299708	-5742.051392	-59830.680171	-117974.004802	-87713.296737	-112501.783669
-5264.640482	-5854.950053	-5798.958933	-5708.277906	-130819.865265	-113941.660695	-122417.285731	-140168.035348
1098.789406	-5452.171618	-4608.750893	-5393.341827	-59660.985727	-117651.133853	-89320.118942	-111650.428075
-3974.229571	-5170.696100	-5812.392332	-5711.228336	-130821.541646	-113944.924050	-122419.587960	-140170.158764
-4884.504364	-5647.302347	-5709.373141	-5664.066155	-59780.656967	-117902.255702	-88087.956677	-112311.212696
-6483.928142	-6537.594680	-5788.878296	-5702.131176	-130816.177227	-113935.715131	-122413.262417	-140164.347311
-3391.407834	-5587.310265	-5441.822760	-5578.213105	-59757.612319	-117821.275332	-88469.433900	-112098.044109
-3361.411793	-4932.985298	-5817.041494	-5717.643287	-130826.727250	-113951.093131	-122424.907675	-140175.701997
-171.683749	-5493.075310	-4815.884509	-5450.227016	-59679.358861	-117705.336834	-89093.852233	-111784.627948
-6003.030360	-6206.520642	-5798.444843	-5704.768682	-130817.898311	-113938.710265	-122415.341129	-140166.560133
-6156.273920	-5704.969848	-5937.316231	-5740.464418	-59827.930907	-117972.864863	-87703.819597	-112502.633035
-5315.110721	-5878.218219	-5795.069730	-5704.612220	-130816.020765	-113937.972657	-122413.530637	-140164.771994
1039.356117	-5449.869388	-4613.467111	-5391.508984	-59658.437629	-117649.658638	-89305.947936	-111651.813883
-3915.176262	-5142.488199	-5809.263087	-5707.897926	-130817.808904	-113941.750102	-122416.034033	-140167.253037
-4785.866116	-5639.345126	-5688.518964	-5654.901940	-59774.063203	-117894.007909	-88108.430875	-112294.627702
-6483.726976	-6536.186521	-5784.229134	-5697.258496	-130811.036326	-113930.797747	-122408.456791	-140159.988720
-3510.408522	-5585.902105	-5459.771211	-5578.593085	-59755.265386	-117821.834126	-88436.420373	-112107.029510
-3369.100793	-4933.298222	-5811.185337	-5711.943592	-130820.759335	-113945.438140	-122419.364443	-140170.538744
-55.745251	-5483.285246	-4789.218877	-5439.252310	-59671.044012	-117695.233845	-89108.358515	-111766.992422
-5959.690328	-6178.312740	-5794.577991	-5700.588906	-130813.450314	-113934.463434	-122411.228408	-140162.805040
-6166.600426	-5702.667618	-5936.198644	-5738.318651	-59824.756959	-117971.322593	-87695.191824	-112502.364815
-6156.273920	-5704.969848	-5937.316231	-5740.464418	-59827.930907	-117972.864863	-87703.819597	-112502.633035
-5315.110721	-5878.218219	-5795.069730	-5704.612220	-130816.020765	-113937.972657	-122413.530637	-140164.771994
1039.356117	-5449.869388	-4613.467111	-5391.508984	-59658.437629	-117649.658638	-89305.947936	-111651.813883
-3915.176262	-5142.488199	-5809.263087	-5707.897926	-130817.808904	-113941.750102	-122416.034033	-140167.253037
-4785.866116	-5639.345126	-5688.518964	-5654.901940	-59774.063203	-117894.007909	-88108.430875	-112294.627702
-6483.726976	-6536.186521	-5784.229134	-5697.258496	-130811.036326	-113930.797747	-122408.456791	-140159.988720
-3510.408522	-5585.902105	-5459.771211	-5578.593085	-59755.265386	-117821.834126	-88436.420373	-112107.029510
-3369.100793	-4933.298222	-5811.185337	-5711.943592	-130820.759335	-113945.438140	-122419.364443	-140170.538744
-55.745251	-5483.285246	-4789.218877	-5439.252310	-59671.044012	-117695.233845	-89108.358515	-111766.992422
-5959.690328	-6178.312740	-5794.577991	-5700.588906	-130813.450314	-113934.463434	-122411.228408	-140162.805040
-6166.600426	-5702.667618	-5936.198644	-5738.318651	-59824.756959	-117971.322593	-87695.191824	-112502.364815
-5364.329262	-5901.218164	-5791.940485	-5701.482976	-130812.824465	-113935.066931	-122410.803725	-140162.469764
969.328102	-5450.294071	-4623.503044	-5392.425405	-59658.348222	-117650.910336	-89292.961573	-111656.261880
-3858.045203	-5115.397884	-5808.547832	-5706.825043	-130816.691317	-113940.811329	-122415.229370	-140166.828354
-4691.228830	-5633.287803	-5668.760022	-5647.347051	-59768.631729	-117887.458847	-88129.843847	-112280.054364
-6485.090433	-6536.521797	-5780.719910	-5693.436348	-130807.191826	-113927.154413	-122404.858161	-140156.926531
-3628.492788	-5586.416195	-5478.412566	-5580.582390	-59753.611356	-117823.890486	-88405.217338	-112118.115976
-3396.369922	-4946.128124	-5808.436073	-5709.127272	-130817.920663	-113942.599469	-122416.749289	-140168.348273
56.818134	-5479.306636	-4767.694148	-5433.843188	-59667.735954	-117690.718793	-89127.603367	-111755.973012
-5921.446493	-6154.821057	-5793.818032	-5699.136042	-130811.930396	-113933.256439	-122409.954358	-140162.089784
-6176.457545	-5703.360522	-5936.779790	-5739.190369	-59824.086407	-117972.820160	-87690.766178	-112505.806983
-5424.522510	-5931.348316	-5791.940485	-5701.348865	-130812.623300	-113934.977524	-122411.004890	-140163.028558
897.690761	-5451.992804	-4630.946175	-5394.682931	-59659.063477	-117653.570193	-89280.511651	-111663.369735
-3817.700305	-5099.282277	-5808.637239	-5706.378008	-130816.177227	-113940.565460	-122415.050556	-140167.029520
-4591.540049	-5630.359725	-5649.984556	-5643.033164	-59766.329499	-117884.061382	-88156.129498	-112268.900844
-3858.045203	-5115.397884	-5808.547832	-5706.825043	-130816.691317	-113940.811329	-122415.229370	-140166.828354
-4691.228830	-5633.287803	-5668.760022	-5647.347051	-59768.631729	-117887.458847	-88129.843847	-112280.054364
-6485.090433	-6536.521797	-5780.719910	-5693.436348	-130807.191826	-113927.154413	-122404.858161	-140156.926531
-3628.492788	-5586.416195	-5478.412566	-5580.582390	-59753.611356	-117823.890486	-88405.217338	-112118.115976
-3396.369922	-4946.128124	-5808.436073	-5709.127272	-130817.920663	-113942.599469	-122416.749289	-140168.348273
56.818134	-5479.306636	-4767.694148	-5433.843188	-59667.735954	-117690.718793	-89127.603367	-111755.973012
-5921.446493	-6154.821057	-5793.818032	-5699.136042	-130811.930396	-113933.256439	-122409.954358	-140162.089784
-6176.457545	-5703.360522	-5936.779790	-5739.190369	-59824.086407	-117972.820160	-87690.766178	-112505.806983
-5424.522510	-5931.348316	-5791.940485	-5701.348865	-130812.623300	-113934.977524	-122411.004890	-140163.028558
897.690761	-5451.992804	-4630.946175	-5394.682931	-59659.063477	-117653.570193	-89280.511651	-111663.369735
-3817.700305	-5099.282277	-5808.637239	-5706.378008	-130816.177227	-113940.565460	-122415.050556	-140167.029520
-4591.540049	-5630.359725	-5649.984556	-5643.033164	-59766.329499	-117884.061382	-88156.129498	-112268.900844
-6491.259514	-6541.238015	-5782.172773	-5694.196307	-130807.974137	-113928.249649	-122406.042803	-140158.312340
-3747.806400	-5591.981780	-5501.568973	-5587.824355	-59757.455856	-117831.266562	-88379.311666	-112134.902136
-3437.027745	-4966.445859	-5806.625582	-5707.048560	-130815.886654	-113940.945439	-122415.028204	-140167.096575
170.320293	-5473.048147	-4743.420153	-5426.534167	-59662.840922	-117684.370897	-89144.858914	-111743.232518
-5882.107423	-6130.502359	-5792.454576	-5697.146737	-130809.985794	-113931.602410	-122408.367384	-140160.748680
-6183.833621	-5703.137005	-5937.249176	-5739.547996	-59823.907593	-117973.669526	-87686.564051	-112508.064509
-5481.139479	-5960.472639	-5792.588686	-5701.751197	-130813.293852	-113935.625724	-122411.854257	-140164.146145
817.962088	-5455.770249	-4645.228940	-5399.622667	-59663.220902	-117658.711095	-89270.006331	-111672.779819
-3771.499249	-5079.970369	-5810.179509	-5707.652057	-130817.272463	-113941.906564	-122416.548123	-140168.840011
-4491.337179	-5626.515225	-5631.767885	-5637.892263	-59764.362546	-117880.015717	-88181.677542	-112256.406219
-6494.925200	-6544.367259	-5782.128070	-5693.883383	-130807.661212	-113928.070835	-122405.975748	-140158.804078
-3870.450422	-5597.077977	-5526.580575	-5594.686341	-59761.948557	-117838.285010	-88352.958960	-112150.794226
-3469.594237	-4986.584781	-5808.167852	-5708.769644	-130817.652442	-113942.822986	-122417.062213	-140169.488212
-3437.027745	-4966.445859	-5806.625582	-5707.048560	-130815.886654	-113940.945439	-122415.028204	-140167.096575
170.320293	-5473.048147	-4743.420153	-5426.534167	-59662.840922	-117684.370897	-89144.858914	-111743.232518
-5882.107423	-6130.502359	-5792.454576	-5697.146737	-130809.985794	-113931.602410	-122408.367384	-140160.748680
-6183.833621	-5703.137005	-5937.249176	-5739.547996	-59823.907593	-117973.669526	-87686.564051	-112508.064509
-5481.139479	-5960.472639	-5792.588686	-5701.751197	-130813.293852	-113935.625724	-122411.854257	-140164.146145
817.962088	-5455.770249	-4645.228940	-5399.622667	-59663.220902	-117658.711095	-89270.006331	-111672.779819
-3771.499249	-5079.970369	-5810.179509	-5707.652057	-130817.272463	-113941.906564	-122416.548123	-140168.840011
-4491.337179	-5626.515225	-5631.767885	-5637.892263	-59764.362546	-117880.015717	-88181.677542	-112256.406219
-6494.925200	-6544.367259	-5782.128070	-5693.883383	-130807.661212	-113928.070835	-122405.975748	-140158.804078
-3870.450422	-5597.077977	-5526.580575	-5594.686341	-59761.948557	-117838.285010	-88352.958960	-112150.794226
-3469.594237	-4986.584781	-5808.167852	-5708.769644	-130817.652442	-113942.822986	-122417.062213	-140169.488212
271.305474	-5471.863505	-4731.864301	-5424.366048	-59663.757344	-117682.918034	-89166.450699	-111735.297648
-5840.890806	-6107.301248	-5793.527459	-5697.951400	-130810.432829	-113932.474128	-122409.283806	-140162.067433
-6191.366159	-5703.002894	-5938.657336	-5739.637403	-59824.064055	-117974.340078	-87683.546565	-112509.226800
-5530.827407	-5984.344302	-5789.660608	-5699.203098	-130810.589291	-113933.144681	-122409.440268	-140162.179191
726.521102	-5455.725545	-4666.641911	-5400.136757	-59663.377364	-117659.672220	-89254.069537	-111677.786610
-3721.520748	-5058.579750	-5810.246564	-5707.763816	-130817.250111	-113942.219489	-122416.771640	-140169.488212
-4396.230506	-5623.207167	-5615.384056	-5632.974879	-59762.775572	-117876.126513	-88207.627917	-112243.710428
-6497.920334	-6546.982413	-5783.379767	-5695.157432	-130808.711744	-113929.456643	-122407.383908	-140160.547514
-3991.373359	-5602.330637	-5550.966328	-5601.369512	-59766.083630	-117845.258754	-88326.405087	-112166.172226
-3496.282219	-4999.191165	-5808.905460	-5709.775473	-130818.300643	-113943.806463	-122418.246856	-140170.985779
370.301350	-5471.483525	-4718.565013	-5422.712019	-59664.785524	-117682.426296	-89186.679028	-111728.256849
-5799.875355	-6085.351835	-5797.662532	-5701.840604	-130814.031460	-113936.340980	-122413.307120	-140166.426023
-6199.233973	-5706.556822	-5942.859464	-5743.325441	-59827.193299	-117978.564558	-87683.658324	-112514.144184
-5585.164498	-6014.362695	-5793.795680	-5703.360522	-130814.612605	-113937.436216	-122413.888265	-140167.096575
-6191.366159	-5703.002894	-5938.657336	-5739.637403	-59824.064055	-117974.340078	-87683.546565	-112509.226800
-5530.827407	-5984.344302	-5789.660608	-5699.203098	-130810.589291	-113933.144681	-122409.440268	-140162.179191
726.521102	-5455.725545	-4666.641911	-5400.136757	-59663.377364	-117659.672220	-89254.069537	-111677.786610
-3721.520748	-5058.579750	-5810.246564	-5707.763816	-130817.250111	-113942.219489	-122416.771640	-140169.488212
-4396.230506	-5623.207167	-5615.384056	-5632.974879	-59762.775572	-117876.126513	-88207.627917	-112243.710428
-6497.920334	-6546.982413	-5783.379767	-5695.157432	-130808.711744	-113929.456643	-122407.383908	-140160.547514
-3991.373359	-5602.330637	-5550.966328	-5601.369512	-59766.083630	-117845.258754	-88326.405087	-112166.172226
-3496.282219	-4999.191165	-5808.905460	-5709.775473	-130818.300643	-113943.806463	-122418.246856	-140170.985779
370.301350	-5471.483525	-4718.565013	-5422.712019	-59664.785524	-117682.426296	-89186.679028	-111728.256849
-5799.875355	-6085.351835	-5797.662532	-5701.840604	-130814.031460	-113936.340980	-122413.307120	-140166.426023
-6199.233973	-5706.556822	-5942.859464	-5743.325441	-59827.193299	-117978.564558	-87683.658324	-112514.144184
-5585.164498	-6014.362695	-5793.795680	-5703.360522	-130814.612605	-113937.436216	-122413.888265	-140167.096575
640.176313	-5463.682766	-4682.690463	-5408.853937	-59670.865198	-117668.903490	-89244.704156	-111691.622340
-3679.745338	-5042.352383	-5813.934602	-5711.407150	-130820.357003	-113945.684009	-122420.414975	-140173.533878
-4292.339598	-5621.530786	-5597.569716	-5629.979745	-59762.373240	-117874.025449	-88235.031156	-112233.562736
-6502.658904	-6551.609224	-5786.307846	-5697.996104	-130811.304547	-113932.094149	-122410.267283	-140163.855572
-4103.512061	-5609.550251	-5573.921570	-5610.243155	-59771.828028	-117854.154748	-88302.622831	-112184.143029
-3540.583377	-5023.420456	-5810.581840	-5711.541261	-130820.088782	-113945.594602	-122420.146754	-140173.288008
472.068843	-5470.231828	-4702.717626	-5420.186272	-59664.539655	-117680.727563	-89205.946232	-111721.193698
-5758.189351	-6061.524875	-5798.042512	-5701.840604	-130813.942053	-113936.497442	-122413.485934	-140167.007168
-6200.284505	-5707.585002	-5943.507665	-5744.375973	-59827.841500	-117980.263290	-87684.552394	-112516.535821
-5642.116742	-6043.241148	-5793.728625	-5703.449929	-130814.769067	-113937.637381	-122414.290597	-140167.811831
544.913178	-5465.157982	-4704.192842	-5411.267926	-59671.826323	-117671.518644	-89228.186217	-111699.914837
-3646.441239	-5030.237738	-5813.912250	-5711.205984	-130820.044079	-113945.728713	-122420.482030	-140173.913857
-4179.105661	-5617.775693	-5577.922532	-5624.794140	-59760.316880	-117869.823321	-88265.094252	-112220.330503
-4292.339598	-5621.530786	-5597.569716	-5629.979745	-59762.373240	-117874.025449	-88235.031156	-112233.562736
-6502.658904	-6551.609224	-5786.307846	-5697.996104	-130811.304547	-113932.094149	-122410.267283	-140163.855572
-4103.512061	-5609.550251	-5573.921570	-5610.243155	-59771.828028	-117854.154748	-88302.622831	-112184.143029
-3540.583377	-5023.420456	-5810.581840	-5711.541261	-130820.088782	-113945.594602	-122420.146754	-140173.288008
472.068843	-5470.231828	-4702.717626	-5420.186272	-59664.539655	-117680.727563	-89205.946232	-111721.193698
-5758.189351	-6061.524875	-5798.042512	-5701.840604	-130813.942053	-113936.497442	-122413.485934	-140167.007168
-6200.284505	-5707.585002	-5943.507665	-5744.375973	-59827.841500	-117980.263290	-87684.552394	-112516.535821
-5642.116742	-6043.241148	-5793.728625	-5703.449929	-130814.769067	-113937.637381	-122414.290597	-140167.811831
544.913178	-5465.157982	-4704.192842	-5411.267926	-59671.826323	-117671.518644	-89228.186217	-111699.914837
-3646.441239	-5030.237738	-5813.912250	-5711.205984	-130820.044079	-113945.728713	-122420.482030	-140173.913857
-4179.105661	-5617.775693	-5577.922532	-5624.794140	-59760.316880	-117869.823321	-88265.094252	-112220.330503
-6502.480090	-6551.072782	-5785.458480	-5697.102034	-130810.254015	-113931.356541	-122409.663786	-140163.565000
-4216.343667	-5613.014771	-5594.485175	-5615.361704	-59774.107906	-117859.474463	-88276.404235	-112198.358738
-3581.464718	-5042.352383	-5810.492433	-5711.720075	-130820.111134	-113945.862823	-122420.526733	-140174.047968
567.644902	-5467.147287	-4688.837193	-5416.140606	-59663.109143	-117677.643022	-89224.028793	-111712.297703
-5712.010647	-6034.345154	-5797.439015	-5701.214755	-130813.070335	-113935.849242	-122412.837733	-140166.716595
-6198.876345	-5706.199194	-5942.479484	-5743.325441	-59826.902727	-117979.682145	-87685.044132	-112515.641751
-5688.429557	-6066.822239	-5791.918134	-5702.175880	-130813.293852	-113936.273925	-122413.061251	-140167.029520
444.263273	-5467.683729	-4723.772970	-5414.799501	-59674.374422	-117675.340793	-89213.098790	-111708.654369
-3604.352904	-5011.931659	-5814.403989	-5711.921240	-130820.625224	-113946.466320	-122421.219638	-140175.098500
-4075.818250	-5615.339353	-5560.309358	-5621.039047	-59760.026307	-117867.074057	-88293.950354	-112208.841706
-6504.357636	-6552.793867	-5786.956046	-5698.934877	-130811.930396	-113933.211736	-122411.541332	-140165.889581
-4327.700058	-5617.820396	-5617.105140	-5621.955469	-59778.421793	-117866.381152	-88252.286703	-112213.692035
-3620.155587	-5061.820753	-5810.514785	-5712.345923	-130820.513465	-113946.354562	-122421.197286	-140175.165555
655.151982	-5464.219208	-4679.717681	-5412.698437	-59662.215073	-117675.005516	-89241.239636	-111704.251075
-3581.464718	-5042.352383	-5810.492433	-5711.720075	-130820.111134	-113945.862823	-122420.526733	-140174.047968
567.644902	-5467.147287	-4688.837193	-5416.140606	-59663.109143	-117677.643022	-89224.028793	-111712.297703
-5712.010647	-6034.345154	-5797.439015	-5701.214755	-130813.070335	-113935.849242	-122412.837733	-140166.716595
-6198.876345	-5706.199194	-5942.479484	-5743.325441	-59826.902727	-117979.682145	-87685.044132	-112515.641751
-5688.429557	-6066.822239	-5791.918134	-5702.175880	-130813.293852	-113936.273925	-122413.061251	-140167.029520
444.263273	-5467.683729	-4723.772970	-5414.799501	-59674.374422	-117675.340793	-89213.098790	-111708.654369
-3604.352904	-5011.931659	-5814.403989	-5711.921240	-130820.625224	-113946.466320	-122421.219638	-140175.098500
-4075.818250	-5615.339353	-5560.309358	-5621.039047	-59760.026307	-117867.074057	-88293.950354	-112208.841706
-6504.357636	-6552.793867	-5786.956046	-5698.934877	-130811.930396	-113933.211736	-122411.541332	-140165.889581
-4327.700058	-5617.820396	-5617.105140	-5621.955469	-59778.421793	-117866.381152	-88252.286703	-112213.692035
-3620.155587	-5061.820753	-5810.514785	-5712.345923	-130820.513465	-113946.354562	-122421.197286	-140175.165555
655.151982	-5464.219208	-4679.717681	-5412.698437	-59662.215073	-117675.005516	-89241.239636	-111704.251075
-5665.541371	-6008.886517	-5797.841346	-5701.795900	-130813.293852	-113936.340980	-122413.307120	-140167.700072
-6198.585772	-5707.227374	-5944.491141	-5744.957119	-59828.668514	-117982.073782	-87689.603888	-112517.854573
-5737.737505	-6093.823146	-5793.616866	-5704.321647	-130815.305509	-113938.240878	-122415.296425	-140169.667026
345.692080	-5469.985958	-4744.493037	-5418.778112	-59677.078983	-117679.811141	-89198.905432	-111718.377378
-3568.366595	-4996.196031	-5812.369980	-5710.110749	-130818.501808	-113944.409960	-122419.364443	-140173.578581
-3962.964292	-5606.733931	-5536.415343	-5611.628963	-59753.477246	-117858.736856	-88318.604328	-112192.010843
-6501.049578	-6549.441105	-5783.558581	-5695.716226	-130808.667041	-113929.970733	-122408.434440	-140163.185020
-4429.311088	-5617.753341	-5632.326678	-5624.280050	-59777.594778	-117868.817493	-88225.174037	-112224.800852
-3663.808544	-5081.847916	-5806.133843	-5708.590830	-130816.601910	-113942.443006	-122417.464544	-140171.879848
745.162457	-5459.145362	-4661.433954	-5407.423426	-59658.862312	-117670.468112	-89256.125898	-111695.086860
-5618.870928	-5982.869087	-5796.813166	-5700.991237	-130812.109210	-113935.536317	-122412.480105	-140167.096575
-6189.957999	-5704.232240	-5940.646641	-5742.543130	-59826.165119	-117980.196235	-87691.146158	-112515.865268
-5781.591628	-6115.616097	-5788.677131	-5699.985409	-130810.701050	-113933.926992	-122411.004890	-140165.688415
-6198.585772	-5707.227374	-5944.491141	-5744.957119	-59828.668514	-117982.073782	-87689.603888	-112517.854573
-5737.737505	-6093.823146	-5793.616866	-5704.321647	-130815.305509	-113938.240878	-122415.296425	-140169.667026
345.692080	-5469.985958	-4744.493037	-5418.778112	-59677.078983	-117679.811141	-89198.905432	-111718.377378
-3568.366595	-4996.196031	-5812.369980	-5710.110749	-130818.501808	-113944.409960	-122419.364443	-140173.578581
-3962.964292	-5606.733931	-5536.415343	-5611.628963	-59753.477246	-117858.736856	-88318.604328	-112192.010843
-6501.049578	-6549.441105	-5783.558581	-5695.716226	-130808.667041	-113929.970733	-122408.434440	-140163.185020
-4429.311088	-5617.753341	-5632.326678	-5624.280050	-59777.594778	-117868.817493	-88225.174037	-112224.800852
-3663.808544	-5081.847916	-5806.133843	-5708.590830	-130816.601910	-113942.443006	-122417.464544	-140171.879848
745.162457	-5459.145362	-4661.433954	-5407.423426	-59658.862312	-117670.468112	-89256.125898	-111695.086860
-5618.870928	-5982.869087	-5796.813166	-5700.991237	-130812.109210	-113935.536317	-122412.480105	-140167.096575
-6189.957999	-5704.232240	-5940.646641	-5742.543130	-59826.165119	-117980.196235	-87691.146158	-112515.865268
-5781.591628	-6115.616097	-5788.677131	-5699.985409	-130810.701050	-113933.926992	-122411.004890	-140165.688415
243.298738	-5469.583627	-4755.020708	-5420.141568	-59676.542542	-117681.152246	-89179.861746	-111726.021674
-3535.777752	-4984.237848	-5811.207689	-5709.194327	-130817.227759	-113943.426483	-122418.492725	-140172.840973
-3846.556407	-5601.615381	-5512.789549	-5605.705751	-59750.526816	-117853.797120	-88347.013396	-112178.644500
-6500.669599	-6549.530512	-5783.804450	-5696.252667	-130808.868207	-113930.306009	-122408.948530	-140164.034386
-4536.577110	-5624.503568	-5654.141981	-5633.310155	-59783.920322	-117877.937004	-88203.984583	-112242.883413
-3715.463426	-5108.647657	-5809.196032	-5712.055351	-130819.865265	-113945.862823	-122420.951417	-140175.701997
826.925138	-5458.072479	-4649.743992	-5406.082321	-59659.689326	-117670.021077	-89274.007293	-111689.923607
-5571.798154	-5957.097525	-5797.506070	-5701.594734	-130812.422134	-113936.005704	-122413.240065	-140168.214162
-6184.370063	-5704.276944	-5941.205435	-5743.325441	-59827.349761	-117981.582043	-87696.957612	-112516.826393
-5828.530291	-6141.030030	-5789.727663	-5701.371217	-130812.220968	-113935.379855	-122412.658919	-140167.811831
132.635252	-5473.852810	-4780.904029	-5426.176539	-59681.258760	-117687.477790	-89165.601333	-111738.538651
-3510.050894	-4972.972569	-5814.046361	-5712.055351	-130820.066431	-113946.421617	-122421.353748	-140176.439604
-3739.580958	-5601.950658	-5498.998523	-5605.191661	-59753.477246	-117854.288859	-88381.144509	-112170.441409
-3535.777752	-4984.237848	-5811.207689	-5709.194327	-130817.227759	-113943.426483	-122418.492725	-140172.840973
-3846.556407	-5601.615381	-5512.789549	-5605.705751	-59750.526816	-117853.797120	-88347.013396	-112178.644500
-6500.669599	-6549.530512	-5783.804450	-5696.252667	-130808.868207	-113930.306009	-122408.948530	-140164.034386
-4536.577110	-5624.503568	-5654.141981	-5633.310155	-59783.920322	-117877.937004	-88203.984583	-112242.883413
-3715.463426	-5108.647657	-5809.196032	-5712.055351	-130819.865265	-113945.862823	-122420.951417	-140175.701997
826.925138	-5458.072479	-4649.743992	-5406.082321	-59659.689326	-117670.021077	-89274.007293	-111689.923607
-5571.798154	-5957.097525	-5797.506070	-5701.594734	-130812.422134	-113936.005704	-122413.240065	-140168.214162
-6184.370063	-5704.276944	-5941.205435	-5743.325441	-59827.349761	-117981.582043	-87696.957612	-112516.826393
-5828.530291	-6141.030030	-5789.727663	-5701.371217	-130812.220968	-113935.379855	-122412.658919	-140167.811831
132.635252	-5473.852810	-4780.904029	-5426.176539	-59681.258760	-117687.477790	-89165.601333	-111738.538651
-3510.050894	-4972.972569	-5814.046361	-5712.055351	-130820.066431	-113946.421617	-122421.353748	-140176.439604
-3739.580958	-5601.950658	-5498.998523	-5605.191661	-59753.477246	-117854.288859	-88381.144509	-112170.441409
-6503.642381	-6552.480942	-5788.408910	-5700.968886	-130813.495018	-113935.223393	-122413.776507	-140169.309398
-4642.546730	-5630.985574	-5677.119574	-5641.647356	-59789.999996	-117886.542426	-88184.292696	-112259.893091
-3765.464278	-5134.754495	-5810.626544	-5713.798787	-130821.474590	-113947.740370	-122422.806611	-140178.071282
895.790863	-5457.759554	-4648.604053	-5405.210603	-59660.963376	-117669.886967	-89291.329895	-111685.565017
-5524.568918	-5932.309441	-5798.422491	-5702.399397	-130813.025631	-113936.922125	-122413.910617	-140169.443508
-6175.563476	-5703.539336	-5939.998441	-5742.632537	-59827.126244	-117981.447933	-87702.165568	-112515.641751
-5871.780917	-6164.275845	-5788.140689	-5700.275981	-130810.946919	-113934.239916	-122411.630739	-140167.185982
19.244852	-5475.104508	-4802.540517	-5428.411714	-59682.130478	-117689.936482	-89146.132963	-111747.300535
-3480.211315	-4961.953159	-5812.437035	-5710.513080	-130818.188884	-113944.767588	-122419.833829	-140175.187907
-3621.988430	-5594.328713	-5473.763403	-5595.781576	-59747.397571	-117845.817548	-88405.597318	-112153.319973
-6495.774567	-6545.037811	-5783.379767	-5695.939743	-130808.264710	-113930.104843	-122408.792068	-140164.682587
-4736.692278	-5630.918518	-5690.217696	-5642.921405	-59788.882409	-117887.905882	-88155.704815	-112269.772562
-3807.463206	-5151.540655	-5808.257259	-5711.653019	-130819.261768	-113945.594602	-122420.884361	-140176.394901
-3765.464278	-5134.754495	-5810.626544	-5713.798787	-130821.474590	-113947.740370	-122422.806611	-140178.071282
895.790863	-5457.759554	-4648.604053	-5405.210603	-59660.963376	-117669.886967	-89291.329895	-111685.565017
-5524.568918	-5932.309441	-5798.422491	-5702.399397	-130813.025631	-113936.922125	-122413.910617	-140169.443508
-6175.563476	-5703.539336	-5939.998441	-5742.632537	-59827.126244	-117981.447933	-87702.165568	-112515.641751
-5871.780917	-6164.275845	-5788.140689	-5700.275981	-130810.946919	-113934.239916	-122411.630739	-140167.185982
19.244852	-5475.104508	-4802.540517	-5428.411714	-59682.130478	-117689.936482	-89146.132963	-111747.300535
-3480.211315	-4961.953159	-5812.437035	-5710.513080	-130818.188884	-113944.767588	-122419.833829	-140175.187907
-3621.988430	-5594.328713	-5473.763403	-5595.781576	-59747.397571	-117845.817548	-88405.597318	-112153.319973
-6495.774567	-6545.037811	-5783.379767	-5695.939743	-130808.264710	-113930.104843	-122408.792068	-140164.682587
-4736.692278	-5630.918518	-5690.217696	-5642.921405	-59788.882409	-117887.905882	-88155.704815	-112269.772562
-3807.463206	-5151.540655	-5808.257259	-5711.653019	-130819.261768	-113945.594602	-122420.884361	-140176.394901
969.372805	-5456.843133	-4635.058896	-5403.400112	-59661.343355	-117668.836435	-89305.858529	-111680.424116
-5477.563200	-5908.862461	-5804.032779	-5707.830871	-130818.300643	-113942.286544	-122419.476201	-140175.277314
-6167.919179	-5708.590830	-5943.418258	-5747.371107	-59832.244793	-117986.790000	-87712.089743	-112520.000341
-5916.774978	-6190.382682	-5792.253410	-5704.656923	-130815.059640	-113938.509099	-122416.011681	-140171.924552
-90.412806	-5482.145307	-4825.674573	-5436.435990	-59688.366614	-117698.117220	-89130.956129	-111762.142093
-3451.221103	-4949.123257	-5814.538099	-5712.614144	-130819.842913	-113946.734541	-122421.778431	-140177.579543
-3497.176289	-5589.701902	-5449.891740	-5589.433681	-59744.111865	-117840.654295	-88432.821743	-112139.394836
-6488.778471	-6538.622861	-5781.859849	-5694.173955	-130805.917776	-113928.115538	-122406.936873	-140163.274427
-4823.841730	-5631.499664	-5703.405226	-5644.798952	-59787.653063	-117890.074002	-88127.608672	-112280.054364
-3848.299843	-5170.852562	-5803.652800	-5707.182670	-130814.433791	-113940.923088	-122416.346957	-140172.393939
1048.319167	-5448.818856	-4619.323268	-5394.481766	-59653.833169	-117660.767455	-89311.871149	-111668.153008
-5413.413693	-5871.423289	-5796.053206	-5699.359560	-130809.337593	-113933.770529	-122410.781373	-140167.029520
-6140.717106	-5699.247801	-5931.236557	-5737.446932	-59822.320619	-117977.759895	-87708.714629	-112509.159745
-5946.815723	-6203.994895	-5785.972570	-5697.996104	-130808.242358	-113931.937686	-122409.574379	-140165.934284
-6167.919179	-5708.590830	-5943.418258	-5747.371107	-59832.244793	-117986.790000	-87712.089743	-112520.000341
-5916.774978	-6190.382682	-5792.253410	-5704.656923	-130815.059640	-113938.509099	-122416.011681	-140171.924552
-90.412806	-5482.145307	-4825.674573	-5436.435990	-59688.366614	-117698.117220	-89130.956129	-111762.142093
-3451.221103	-4949.123257	-5814.538099	-5712.614144	-130819.842913	-113946.734541	-122421.778431	-140177.579543
-3497.176289	-5589.701902	-5449.891740	-5589.433681	-59744.111865	-117840.654295	-88432.821743	-112139.394836
-6488.778471	-6538.622861	-5781.859849	-5694.173955	-130805.917776	-113928.115538	-122406.936873	-140163.274427
-4823.841730	-5631.499664	-5703.405226	-5644.798952	-59787.653063	-117890.074002	-88127.608672	-112280.054364
-3848.299843	-5170.852562	-5803.652800	-5707.182670	-130814.433791	-113940.923088	-122416.346957	-140172.393939
1048.319167	-5448.818856	-4619.323268	-5394.481766	-59653.833169	-117660.767455	-89311.871149	-111668.153008
-5413.413693	-5871.423289	-5796.053206	-5699.359560	-130809.337593	-113933.770529	-122410.781373	-140167.029520
-6140.717106	-5699.247801	-5931.236557	-5737.446932	-59822.320619	-117977.759895	-87708.714629	-112509.159745
-5946.815723	-6203.994895	-5785.972570	-5697.996104	-130808.242358	-113931.937686	-122409.574379	-140165.934284
-195.600116	-5479.530153	-4837.520997	-5434.536092	-59684.499763	-117696.686709	-89104.826940	-111767.037125
-3407.299925	-4926.369181	-5811.028875	-5708.613182	-130815.551378	-113942.733579	-122417.933931	-140174.070319
-3366.776212	-5584.873925	-5423.762551	-5582.415233	-59740.155606	-117834.865193	-88459.643836	-112124.374464
-6483.324645	-6534.443085	-5784.698520	-5696.207964	-130807.974137	-113930.350713	-122409.104992	-140165.666064
-4910.342981	-5636.126475	-5717.866804	-5650.319833	-59790.357624	-117896.064269	-88103.960526	-112293.890094
-3882.229791	-5183.011911	-5802.982247	-5706.266249	-130813.450314	-113940.073721	-122415.586998	-140171.857497
1122.348144	-5447.298938	-4599.609029	-5391.710149	-59652.782637	-117658.979316	-89323.427000	-111662.587424
-5354.606253	-5839.482646	-5798.489547	-5700.857127	-130810.678698	-113935.335152	-122412.390698	-140168.929418
-6119.505300	-5698.845470	-5927.302650	-5736.396400	-59821.583011	-117977.692840	-87715.643670	-112507.036329
-5981.192706	-6222.122159	-5785.614942	-5697.102034	-130807.437695	-113931.177727	-122408.814419	-140165.554305
-303.357876	-5482.011197	-4849.769753	-5438.179426	-59685.684405	-117700.464153	-89083.458672	-111777.542445
-3370.576009	-4906.878460	-5810.783006	-5708.009685	-130814.880826	-113942.331248	-122417.397489	-140173.869154
-3231.235234	-5579.598913	-5395.018207	-5575.352082	-59735.707609	-117828.874925	-88486.510633	-112109.130574
-3366.776212	-5584.873925	-5423.762551	-5582.415233	-59740.155606	-117834.865193	-88459.643836	-112124.374464
-6483.324645	-6534.443085	-5784.698520	-5696.207964	-130807.974137	-113930.350713	-122409.104992	-140165.666064
-4910.342981	-5636.126475	-5717.866804	-5650.319833	-59790.357624	-117896.064269	-88103.960526	-112293.890094
-3882.229791	-5183.011911	-5802.982247	-5706.266249	-130813.450314	-113940.073721	-122415.586998	-140171.857497
1122.348144	-5447.298938	-4599.609029	-5391.710149	-59652.782637	-117658.979316	-89323.427000	-111662.587424
-5354.606253	-5839.482646	-5798.489547	-5700.857127	-130810.678698	-113935.335152	-122412.390698	-140168.929418
-6119.505300	-5698.845470	-5927.302650	-5736.396400	-59821.583011	-117977.692840	-87715.643670	-112507.036329
-5981.192706	-6222.122159	-5785.614942	-5697.102034	-130807.437695	-113931.177727	-122408.814419	-140165.554305
-303.357876	-5482.011197	-4849.769753	-5438.179426	-59685.684405	-117700.464153	-89083.458672	-111777.542445
-3370.576009	-4906.878460	-5810.783006	-5708.009685	-130814.880826	-113942.331248	-122417.397489	-140173.869154
-3231.235234	-5579.598913	-5395.018207	-5575.352082	-59735.707609	-117828.874925	-88486.510633	-112109.130574
-6474.428651	-6526.664677	-5783.871506	-5694.643342	-130806.342459	-113928.897849	-122407.719184	-140164.660235
-4990.831612	-5638.629870	-5730.339078	-5653.918463	-59790.737604	-117899.931121	-88078.926573	-112305.445946
-3930.286042	-5205.184842	-5801.507032	-5704.522813	-130811.706878	-113938.442044	-122414.000024	-140170.739909
1194.141948	-5444.057935	-4582.554648	-5387.619780	-59649.876910	-117655.559499	-89332.792381	-111655.613679
-5294.547116	-5807.519651	-5797.282552	-5699.091339	-130808.667041	-113933.681123	-122410.624911	-140167.633017
-6092.236172	-5694.978618	-5919.591298	-5732.238976	-59817.179718	-117974.161264	-87720.046964	-112501.493097
-6015.279116	-6240.361183	-5783.379767	-5694.732749	-130805.023707	-113928.875497	-122406.780411	-140163.833220
-414.580156	-5486.168621	-4864.968939	-5443.633252	-59688.545428	-117706.163848	-89063.364454	-111790.148829
-3343.709212	-4895.389664	-5814.001657	-5711.004819	-130817.697146	-113945.304030	-122420.482030	-140177.311322
-3098.085892	-5578.235457	-5369.850143	-5572.401651	-59735.394685	-117826.975027	-88517.847779	-112098.491144
-6470.248874	-6523.848358	-5787.470137	-5697.817290	-130809.337593	-113932.027093	-122410.982539	-140168.415328
-5077.355215	-5648.107010	-5749.516874	-5664.692004	-59798.359549	-117911.017586	-88061.849840	-112324.601391
-3985.383092	-5232.945708	-5807.206727	-5710.423673	-130817.563035	-113944.275849	-122420.057347	-140177.154860
1255.586893	-5447.388345	-4571.199962	-5390.324341	-59653.766114	-117659.113426	-89347.879809	-111656.083066
-3930.286042	-5205.184842	-5801.507032	-5704.522813	-130811.706878	-113938.442044	-122414.000024	-140170.739909
1194.141948	-5444.057935	-4582.554648	-5387.619780	-59649.876910	-117655.559499	-89332.792381	-111655.613679
-5294.547116	-5807.519651	-5797.282552	-5699.091339	-130808.667041	-113933.681123	-122410.624911	-140167.633017
-6092.236172	-5694.978618	-5919.591298	-5732.238976	-59817.179718	-117974.161264	-87720.046964	-112501.493097
-6015.279116	-6240.361183	-5783.379767	-5694.732749	-130805.023707	-113928.875497	-122406.780411	-140163.833220
-414.580156	-5486.168621	-4864.968939	-5443.633252	-59688.545428	-117706.163848	-89063.364454	-111790.148829
-3343.709212	-4895.389664	-5814.001657	-5711.004819	-130817.697146	-113945.304030	-122420.482030	-140177.311322
-3098.085892	-5578.235457	-5369.850143	-5572.401651	-59735.394685	-117826.975027	-88517.847779	-112098.491144
-6470.248874	-6523.848358	-5787.470137	-5697.817290	-130809.337593	-113932.027093	-122410.982539	-140168.415328
-5077.355215	-5648.107010	-5749.516874	-5664.692004	-59798.359549	-117911.017586	-88061.849840	-112324.601391
-3985.383092	-5232.945708	-5807.206727	-5710.423673	-130817.563035	-113944.275849	-122420.057347	-140177.154860
1255.586893	-5447.388345	-4571.199962	-5390.324341	-59653.766114	-117659.113426	-89347.879809	-111656.083066
-5241.998165	-5782.306884	-5803.429282	-5705.036903	-130814.344384	-113939.403169	-122416.570475	-140173.913857
-6073.505410	-5700.544202	-5921.357086	-5737.201063	-59822.454729	-117980.039773	-87734.933226	-112504.979969
-6055.221683	-6264.903398	-5788.364206	-5699.538374	-130809.829332	-113933.614067	-122411.764850	-140169.152936
-536.732440	-5491.555392	-4887.723015	-5450.115258	-59692.591094	-117712.981130	-89043.516105	-111804.364539
-3324.106732	-4886.583076	-5815.141596	-5711.921240	-130818.658271	-113946.265155	-122421.666672	-140178.808889
-2969.205733	-5574.748585	-5344.525617	-5567.059585	-59733.070103	-117822.951713	-88546.927398	-112085.214208
-6462.984558	-6518.014552	-5788.945352	-5699.091339	-130810.477532	-113933.435253	-122412.345995	-140170.024654
-5157.061536	-5652.555007	-5763.710232	-5670.212885	-59801.220572	-117917.097261	-88040.436869	-112337.900679
-4034.691040	-5256.079764	-5808.100797	-5711.451854	-130818.591215	-113945.482844	-122421.353748	-140178.786538
1309.275783	-5449.243539	-4560.806401	-5391.553687	-59656.269509	-117661.214490	-89360.352082	-111654.987831
-5186.275266	-5754.456610	-5807.609058	-5708.948458	-130818.077125	-113943.471187	-122420.660844	-140178.250096
-6049.767858	-5702.757025	-5920.060685	-5738.966851	-59824.645200	-117982.543168	-87747.852534	-112504.555286
-6091.096233	-6287.053977	-5791.940485	-5703.204060	-130813.405611	-113937.279753	-122415.497591	-140173.288008
-6073.505410	-5700.544202	-5921.357086	-5737.201063	-59822.454729	-117980.039773	-87734.933226	-112504.979969
-6055.221683	-6264.903398	-5788.364206	-5699.538374	-130809.829332	-113933.614067	-122411.764850	-140169.152936
-536.732440	-5491.555392	-4887.723015	-5450.115258	-59692.591094	-117712.981130	-89043.516105	-111804.364539
-3324.106732	-4886.583076	-5815.141596	-5711.921240	-130818.658271	-113946.265155	-122421.666672	-140178.808889
-2969.205733	-5574.748585	-5344.525617	-5567.059585	-59733.070103	-117822.951713	-88546.927398	-112085.214208
-6462.984558	-6518.014552	-5788.945352	-5699.091339	-130810.477532	-113933.435253	-122412.345995	-140170.024654
-5157.061536	-5652.555007	-5763.710232	-5670.212885	-59801.220572	-117917.097261	-88040.436869	-112337.900679
-4034.691040	-5256.079764	-5808.100797	-5711.451854	-130818.591215	-113945.482844	-122421.353748	-140178.786538
1309.275783	-5449.243539	-4560.806401	-5391.553687	-59656.269509	-117661.214490	-89360.352082	-111654.987831
-5186.275266	-5754.456610	-5807.609058	-5708.948458	-130818.077125	-113943.471187	-122420.660844	-140178.250096
-6049.767858	-5702.757025	-5920.060685	-5738.966851	-59824.645200	-117982.543168	-87747.852534	-112504.555286
-6091.096233	-6287.053977	-5791.940485	-5703.204060	-130813.405611	-113937.279753	-122415.497591	-140173.288008
-659.376461	-5496.830403	-4911.348809	-5456.619615	-59696.793222	-117719.641950	-89023.444238	-111818.043806
-3298.357522	-4874.580190	-5812.906422	-5709.998990	-130816.400744	-113944.186442	-122419.520905	-140177.132508
-2834.715287	-5566.299625	-5315.088369	-5557.046003	-59726.118711	-117813.966312	-88571.447262	-112066.930481
-6448.813552	-6505.877555	-5785.704349	-5695.492708	-130806.767143	-113929.769567	-122408.859123	-140166.895409
-5227.022496	-5651.996213	-5772.852096	-5670.928141	-59799.365377	-117918.237200	-88015.246453	-112346.014362
-4082.412014	-5277.358625	-5805.463291	-5708.881403	-130815.931358	-113942.845338	-122418.895056	-140176.573715
1361.958845	-5444.639080	-4550.524598	-5386.211620	-59652.402658	-117656.721789	-89365.492984	-111647.611755
-5121.432855	-5718.805578	-5804.144538	-5704.992200	-130813.964404	-113939.559631	-122416.793992	-140174.673817
-6014.876785	-5697.079682	-5910.516490	-5732.775418	-59819.370189	-117977.469322	-87754.513354	-112495.905160
-6117.940678	-6300.688541	-5788.364206	-5699.650133	-130809.717573	-113933.725826	-122412.100126	-140170.248171
-775.963161	-5498.037398	-4929.230205	-5459.055955	-59697.106146	-117722.570029	-88999.214947	-111828.236202
-3271.758946	-4860.722108	-5813.576974	-5710.468377	-130816.601910	-113944.722884	-122420.191457	-140178.071282
-2695.821547	-5563.125677	-5287.483965	-5551.726288	-59724.151757	-117809.920646	-88601.398599	-112053.519434
-2834.715287	-5566.299625	-5315.088369	-5557.046003	-59726.118711	-117813.966312	-88571.447262	-112066.930481
-6448.813552	-6505.877555	-5785.704349	-5695.492708	-130806.767143	-113929.769567	-122408.859123	-140166.895409
-5227.022496	-5651.996213	-5772.852096	-5670.928141	-59799.365377	-117918.237200	-88015.246453	-112346.014362
-4082.412014	-5277.358625	-5805.463291	-5708.881403	-130815.931358	-113942.845338	-122418.895056	-140176.573715
1361.958845	-5444.639080	-4550.524598	-5386.211620	-59652.402658	-117656.721789	-89365.492984	-111647.611755
-5121.432855	-5718.805578	-5804.144538	-5704.992200	-130813.964404	-113939.559631	-122416.793992	-140174.673817
-6014.876785	-5697.079682	-5910.516490	-5732.775418	-59819.370189	-117977.469322	-87754.513354	-112495.905160
-6117.940678	-6300.688541	-5788.364206	-5699.650133	-130809.717573	-113933.725826	-122412.100126	-140170.248171
-775.963161	-5498.037398	-4929.230205	-5459.055955	-59697.106146	-117722.570029	-88999.214947	-111828.236202
-3271.758946	-4860.722108	-5813.576974	-5710.468377	-130816.601910	-113944.722884	-122420.191457	-140178.071282
-2695.821547	-5563.125677	-5287.483965	-5551.726288	-59724.151757	-117809.920646	-88601.398599	-112053.519434
-6438.799970	-6498.322665	-5787.313674	-5696.744406	-130807.705916	-113930.998913	-122410.177876	-140168.571790
-5302.347875	-5657.986481	-5787.872468	-5677.857182	-59803.746319	-117925.635627	-87996.783912	-112360.431237
-4138.581948	-5305.365360	-5807.296134	-5710.915412	-130817.875960	-113944.968753	-122421.107879	-140179.188869
1405.075360	-5445.331984	-4544.333165	-5386.099861	-59653.587300	-117657.615859	-89374.992475	-111646.002429
-5063.653596	-5691.044711	-5808.033741	-5708.568479	-130817.339518	-113943.202966	-122420.437326	-140178.741834
-5985.238372	-5699.605429	-5908.326019	-5734.496502	-59821.918288	-117979.995070	-87770.293685	-112494.921684
-6152.719993	-6323.219099	-5793.303942	-5704.589868	-130814.500846	-113938.754968	-122417.285731	-140175.746700
-904.642153	-5506.441654	-4956.052298	-5468.644854	-59704.258705	-117732.516555	-88980.774758	-111845.692914
-3256.068022	-4856.385870	-5815.655686	-5712.658848	-130818.546512	-113946.891003	-122422.448983	-140180.597029
-2558.313615	-5557.425983	-5259.834857	-5544.350212	-59720.150795	-117803.796268	-88629.159466	-112038.029675
-6422.572604	-6484.755157	-5783.223305	-5692.408167	-130803.392029	-113926.975599	-122406.087507	-140164.771994
-5367.682024	-5654.164333	-5793.169831	-5675.420842	-59798.739529	-117923.422804	-87969.693598	-112365.259214
-4186.951123	-5324.654916	-5798.958933	-5702.846432	-130809.695221	-113937.033884	-122413.217713	-140171.611628
1441.307538	-5436.525397	-4531.346802	-5377.069757	-59645.540672	-117648.988086	-89374.478385	-111635.295944
-4138.581948	-5305.365360	-5807.296134	-5710.915412	-130817.875960	-113944.968753	-122421.107879	-140179.188869
1405.075360	-5445.331984	-4544.333165	-5386.099861	-59653.587300	-117657.615859	-89374.992475	-111646.002429
-5063.653596	-5691.044711	-5808.033741	-5708.568479	-130817.339518	-113943.202966	-122420.437326	-140178.741834
-5985.238372	-5699.605429	-5908.326019	-5734.496502	-59821.918288	-117979.995070	-87770.293685	-112494.921684
-6152.719993	-6323.219099	-5793.303942	-5704.589868	-130814.500846	-113938.754968	-122417.285731	-140175.746700
-904.642153	-5506.441654	-4956.052298	-5468.644854	-59704.258705	-117732.516555	-88980.774758	-111845.692914
-3256.068022	-4856.385870	-5815.655686	-5712.658848	-130818.546512	-113946.891003	-122422.448983	-140180.597029
-2558.313615	-5557.425983	-5259.834857	-5544.350212	-59720.150795	-117803.796268	-88629.159466	-112038.029675
-6422.572604	-6484.755157	-5783.223305	-5692.408167	-130803.392029	-113926.975599	-122406.087507	-140164.771994
-5367.682024	-5654.164333	-5793.169831	-5675.420842	-59798.739529	-117923.422804	-87969.693598	-112365.259214
-4186.951123	-5324.654916	-5798.958933	-5702.846432	-130809.695221	-113937.033884	-122413.217713	-140171.611628
1441.307538	-5436.525397	-4531.346802	-5377.069757	-59645.540672	-117648.988086	-89374.478385	-111635.295944
-4995.346665	-5652.197379	-5800.367093	-5700.924182	-130809.471704	-113935.603373	-122412.815382	-140171.365758
-5942.948871	-5689.569496	-5894.356179	-5723.946479	-59812.396444	-117970.272061	-87775.166366	-112481.510637
-6173.462412	-6331.958632	-5784.139727	-5695.783281	-130805.962480	-113930.194250	-122408.725012	-140167.543610
-1029.543701	-5503.133595	-4973.754880	-5466.812011	-59699.989522	-117730.862526	-88951.069290	-111851.750237
-3237.761943	-4848.361593	-5812.034704	-5709.239031	-130815.283157	-113943.806463	-122419.230332	-140177.847764
-2425.119570	-5552.665061	-5232.342211	-5537.756448	-59716.775682	-117798.342442	-88658.104975	-112023.255172
-6412.156691	-6477.446136	-5785.212610	-5694.419824	-130805.448390	-113929.166070	-122408.300329	-140167.320093
-5436.771266	-5660.668690	-5807.385541	-5682.752214	-59803.858078	-117931.335322	-87954.270894	-112379.631386
-4244.417458	-5354.092163	-5802.579916	-5706.847394	-130813.919701	-113941.168957	-122417.509248	-140176.305494
1477.204439	-5440.079324	-4520.841482	-5380.042539	-59649.273413	-117652.720827	-89385.006056	-111637.017028
-4935.600452	-5623.855367	-5804.032779	-5704.478109	-130813.047983	-113939.380817	-122416.525771	-140175.545535
-5906.739045	-5689.793013	-5889.282333	-5723.365333	-59812.977590	-117970.719096	-87791.326677	-112478.090820
-6203.123176	-6350.555283	-5785.525535	-5697.347903	-130807.370640	-113931.781224	-122410.446097	-140169.644674
-6173.462412	-6331.958632	-5784.139727	-5695.783281	-130805.962480	-113930.194250	-122408.725012	-140167.543610
-1029.543701	-5503.133595	-4973.754880	-5466.812011	-59699.989522	-117730.862526	-88951.069290	-111851.750237
-3237.761943	-4848.361593	-5812.034704	-5709.239031	-130815.283157	-113943.806463	-122419.230332	-140177.847764
-2425.119570	-5552.665061	-5232.342211	-5537.756448	-59716.775682	-117798.342442	-88658.104975	-112023.255172
-6412.156691	-6477.446136	-5785.212610	-5694.419824	-130805.448390	-113929.166070	-122408.300329	-140167.320093
-5436.771266	-5660.668690	-5807.385541	-5682.752214	-59803.858078	-117931.335322	-87954.270894	-112379.631386
-4244.417458	-5354.092163	-5802.579916	-5706.847394	-130813.919701	-113941.168957	-122417.509248	-140176.305494
1477.204439	-5440.079324	-4520.841482	-5380.042539	-59649.273413	-117652.720827	-89385.006056	-111637.017028
-4935.600452	-5623.855367	-5804.032779	-5704.478109	-130813.047983	-113939.380817	-122416.525771	-140175.545535
-5906.739045	-5689.793013	-5889.282333	-5723.365333	-59812.977590	-117970.719096	-87791.326677	-112478.090820
-6203.123176	-6350.555283	-5785.525535	-5697.347903	-130807.370640	-113931.781224	-122410.446097	-140169.644674
-1159.250874	-5507.089854	-4994.139671	-5472.042319	-59702.515269	-117736.294000	-88927.331737	-111865.340098
-3222.406295	-4839.778523	-5811.364151	-5708.568479	-130814.456143	-113943.158262	-122418.649187	-140177.579543
-2285.175298	-5549.245244	-5202.994371	-5532.459084	-59714.629914	-117794.229721	-88687.966906	-112010.157050
-6401.271391	-6469.935950	-5788.207744	-5697.325551	-130808.197654	-113932.071797	-122411.183704	-140170.672854
-5501.792491	-5665.116687	-5819.231965	-5688.273095	-59806.607343	-117937.146775	-87936.009519	-112392.371880
-4300.453281	-5379.796669	-5800.545907	-5705.148662	-130812.109210	-113939.492576	-122416.034033	-140175.053796
1506.976963	-5436.950080	-4509.576203	-5376.510963	-59646.412390	-117649.815100	-89387.487100	-111632.613734
-4870.378062	-5590.886544	-5803.697503	-5703.941668	-130812.109210	-113938.799672	-122416.034033	-140175.277314
-5863.063736	-5686.753176	-5880.229876	-5719.342019	-59809.937752	-117967.545148	-87803.597784	-112470.714744
-6228.045372	-6365.463896	-5784.564410	-5696.453833	-130806.297756	-113930.820099	-122409.663786	-140169.152936
-1287.661646	-5511.783720	-5014.971496	-5477.898476	-59705.733920	-117742.552488	-88902.767170	-111879.801676
-3204.413140	-4832.491855	-5812.459387	-5709.864880	-130815.596082	-113944.432312	-122420.169106	-140179.188869
-2142.504113	-5545.244282	-5172.841868	-5526.625279	-59711.925353	-117789.580558	-88716.264214	-111996.097803
-6385.312246	-6458.111877	-5788.610076	-5697.459662	-130808.130599	-113932.205907	-122411.474277	-140171.097537
-2285.175298	-5549.245244	-5202.994371	-5532.459084	-59714.629914	-117794.229721	-88687.966906	-112010.157050
-6401.271391	-6469.935950	-5788.207744	-5697.325551	-130808.197654	-113932.071797	-122411.183704	-140170.672854
-5501.792491	-5665.116687	-5819.231965	-5688.273095	-59806.607343	-117937.146775	-87936.009519	-112392.371880
-4300.453281	-5379.796669	-5800.545907	-5705.148662	-130812.109210	-113939.492576	-122416.034033	-140175.053796
1506.976963	-5436.950080	-4509.576203	-5376.510963	-59646.412390	-117649.815100	-89387.487100	-111632.613734
-4870.378062	-5590.886544	-5803.697503	-5703.941668	-130812.109210	-113938.799672	-122416.034033	-140175.277314
-5863.063736	-5686.753176	-5880.229876	-5719.342019	-59809.937752	-117967.545148	-87803.597784	-112470.714744
-6228.045372	-6365.463896	-5784.564410	-5696.453833	-130806.297756	-113930.820099	-122409.663786	-140169.152936
-1287.661646	-5511.783720	-5014.971496	-5477.898476	-59705.733920	-117742.552488	-88902.767170	-111879.801676
-3204.413140	-4832.491855	-5812.459387	-5709.864880	-130815.596082	-113944.432312	-122420.169106	-140179.188869
-2142.504113	-5545.244282	-5172.841868	-5526.625279	-59711.925353	-117789.580558	-88716.264214	-111996.097803
-6385.312246	-6458.111877	-5788.610076	-5697.459662	-130808.130599	-113932.205907	-122411.474277	-140171.097537
-5561.561055	-5668.648263	-5830.117265	-5692.430519	-59808.753110	-117942.064159	-87917.055239	-112403.391290
-4355.863256	-5405.814100	-5802.736378	-5707.383836	-130814.210274	-113941.683047	-122418.269207	-140177.758357
1531.005088	-5437.888853	-4502.669514	-5376.913294	-59647.798198	-117651.200909	-89392.248022	-111632.367865
-4805.669761	-5557.716555	-5806.066788	-5705.774511	-130813.740887	-113940.721922	-122417.911579	-140177.445433
-5820.751884	-5687.289618	-5875.133678	-5719.006743	-59810.854174	-117968.327459	-87819.959261	-112466.669079
-6254.196913	-6382.361815	-5788.095985	-5699.851298	-130809.628166	-113934.239916	-122413.195361	-140173.042139
-1412.697305	-5517.483415	-5039.089029	-5485.028682	-59710.248972	-117750.040323	-88879.476652	-111894.889104
-3184.296570	-4819.863119	-5815.208651	-5712.301220	-130817.853608	-113946.913355	-122422.560742	-140182.027540
-2004.415036	-5542.092686	-5144.589263	-5521.752598	-59710.047807	-117785.981928	-88743.801563	-111983.066736
-6370.537742	-6447.584206	-5791.962837	-5700.097168	-130810.499884	-113934.955172	-122414.312949	-140174.293837
-5621.530786	-5675.398490	-5843.684774	-5700.052464	-59813.961066	-117950.177842	-87901.610184	-112417.137613
-4410.960306	-5432.703249	-5806.335009	-5710.758950	-130817.585387	-113945.192271	-122421.867838	-140181.714616
1548.260635	-5441.509836	-4501.730740	-5380.131946	-59651.508588	-117655.179519	-89397.679496	-111635.094778
-4355.863256	-5405.814100	-5802.736378	-5707.383836	-130814.210274	-113941.683047	-122418.269207	-140177.758357
1531.005088	-5437.888853	-4502.669514	-5376.913294	-59647.798198	-117651.200909	-89392.248022	-111632.367865
-4805.669761	-5557.716555	-5806.066788	-5705.774511	-130813.740887	-113940.721922	-122417.911579	-140177.445433
-5820.751884	-5687.289618	-5875.133678	-5719.006743	-59810.854174	-117968.327459	-87819.959261	-112466.669079
-6254.196913	-6382.361815	-5788.095985	-5699.851298	-130809.628166	-113934.239916	-122413.195361	-140173.042139
-1412.697305	-5517.483415	-5039.089029	-5485.028682	-59710.248972	-117750.040323	-88879.476652	-111894.889104
-3184.296570	-4819.863119	-5815.208651	-5712.301220	-130817.853608	-113946.913355	-122422.560742	-140182.027540
-2004.415036	-5542.092686	-5144.589263	-5521.752598	-59710.047807	-117785.981928	-88743.801563	-111983.066736
-6370.537742	-6447.584206	-5791.962837	-5700.097168	-130810.499884	-113934.955172	-122414.312949	-140174.293837
-5621.530786	-5675.398490	-5843.684774	-5700.052464	-59813.961066	-117950.177842	-87901.610184	-112417.137613
-4410.960306	-5432.703249	-5806.335009	-5710.758950	-130817.585387	-113945.192271	-122421.867838	-140181.714616
1548.260635	-5441.509836	-4501.730740	-5380.131946	-59651.508588	-117655.179519	-89397.679496	-111635.094778
-4741.721420	-5526.915851	-5810.380675	-5709.551955	-130817.361869	-113944.521719	-122421.778431	-140181.602857
-5775.556657	-5686.909638	-5868.718728	-5717.620935	-59810.563601	-117967.813369	-87834.823171	-112461.259957
-6278.560314	-6398.343313	-5790.331160	-5701.505327	-130811.304547	-113936.095111	-122415.162315	-140175.277314
-1544.907873	-5524.971250	-5068.325110	-5493.723511	-59716.015722	-117758.958669	-88856.677873	-111911.965837
-3176.339349	-4818.298497	-5819.187262	-5715.877499	-130821.407535	-113950.556690	-122426.360539	-140186.296724
-1872.271523	-5541.824465	-5121.991649	-5519.584479	-59710.763062	-117784.998451	-88773.730549	-111973.321375
-6355.517370	-6437.592976	-5794.466233	-5702.019418	-130812.332727	-113936.899774	-122416.279902	-140176.640770
-5676.784298	-5678.214810	-5853.474838	-5703.762854	-59815.190412	-117954.268212	-87882.633553	-112427.397064
-4474.193391	-5463.392194	-5805.999733	-5710.378970	-130817.227759	-113944.812291	-122421.845486	-140181.915782
1554.988510	-5440.682821	-4503.652990	-5379.126117	-59650.614518	-117654.777188	-89397.992420	-111634.491281
-4680.298827	-5495.623409	-5808.972515	-5707.629705	-130815.238454	-113942.688876	-122420.057347	-140180.127642
-5725.667563	-5682.931028	-5858.727498	-5712.882365	-59806.853212	-117964.125331	-87848.144811	-112453.101570
-6300.196803	-6410.770882	-5787.738358	-5698.845470	-130808.622337	-113933.547012	-122412.815382	-140173.243305
-6278.560314	-6398.343313	-5790.331160	-5701.505327	-130811.304547	-113936.095111	-122415.162315	-140175.277314
-1544.907873	-5524.971250	-5068.325110	-5493.723511	-59716.015722	-117758.958669	-88856.677873	-111911.965837
-3176.339349	-4818.298497	-5819.187262	-5715.877499	-130821.407535	-113950.556690	-122426.360539	-140186.296724
-1872.271523	-5541.824465	-5121.991649	-5519.584479	-59710.763062	-117784.998451	-88773.730549	-111973.321375
-6355.517370	-6437.592976	-5794.466233	-5702.019418	-130812.332727	-113936.899774	-122416.279902	-140176.640770
-5676.784298	-5678.214810	-5853.474838	-5703.762854	-59815.190412	-117954.268212	-87882.633553	-112427.397064
-4474.193391	-5463.392194	-5805.999733	-5710.378970	-130817.227759	-113944.812291	-122421.845486	-140181.915782
1554.988510	-5440.682821	-4503.652990	-5379.126117	-59650.614518	-117654.777188	-89397.992420	-111634.491281
-4680.298827	-5495.623409	-5808.972515	-5707.629705	-130815.238454	-113942.688876	-122420.057347	-140180.127642
-5725.667563	-5682.931028	-5858.727498	-5712.882365	-59806.853212	-117964.125331	-87848.144811	-112453.101570
-6300.196803	-6410.770882	-5787.738358	-5698.845470	-130808.622337	-113933.547012	-122412.815382	-140173.243305
-1683.712206	-5524.859491	-5094.923686	-5495.198726	-59714.384045	-117760.724456	-88825.452486	-111922.895840
-3179.781518	-4819.416084	-5814.627506	-5711.340095	-130816.780724	-113946.175748	-122422.046652	-140182.139299
-1734.830646	-5533.308450	-5094.096672	-5509.280325	-59703.431690	-117775.834236	-88796.752846	-111955.708200
-6334.149102	-6420.940926	-5790.442919	-5697.817290	-130807.929433	-113932.764701	-122412.234236	-140172.773918
-5727.455703	-5677.477202	-5859.666271	-5703.896964	-59813.134052	-117955.050523	-87861.779375	-112434.415511
-4539.415781	-5495.086967	-5802.132881	-5706.780339	-130813.539721	-113941.325419	-122418.470373	-140178.786538
1551.009899	-5439.006441	-4507.855118	-5377.181515	-59649.139303	-117653.592545	-89397.098350	-111633.440749
-4624.754742	-5470.298883	-5810.224212	-5708.613182	-130816.065468	-113943.739408	-122421.085527	-140181.625209
-5677.097222	-5682.349882	-5851.686698	-5711.273040	-59806.897915	-117963.454779	-87867.032035	-112447.692448
-6324.023762	-6426.931194	-5788.297151	-5699.538374	-130809.315241	-113934.262268	-122413.552989	-140174.405596
-1823.902348	-5530.045096	-5123.399809	-5501.837194	-59718.228545	-117767.631145	-88800.329125	-111938.944392
-3187.157594	-4829.452017	-5815.409817	-5712.301220	-130817.630090	-113947.025114	-122423.007777	-140183.502756
-1602.284801	-5530.782703	-5070.269712	-5504.921735	-59702.515269	-117772.839102	-88826.391259	-111944.353514
-6318.681695	-6411.352028	-5793.013369	-5700.164223	-130810.365773	-113935.290448	-122414.827039	-140175.746700
-1734.830646	-5533.308450	-5094.096672	-5509.280325	-59703.431690	-117775.834236	-88796.752846	-111955.708200
-6334.149102	-6420.940926	-5790.442919	-5697.817290	-130807.929433	-113932.764701	-122412.234236	-140172.773918
-5727.455703	-5677.477202	-5859.666271	-5703.896964	-59813.134052	-117955.050523	-87861.779375	-112434.415511
-4539.415781	-5495.086967	-5802.132881	-5706.780339	-130813.539721	-113941.325419	-122418.470373	-140178.786538
1551.009899	-5439.006441	-4507.855118	-5377.181515	-59649.139303	-117653.592545	-89397.098350	-111633.440749
-4624.754742	-5470.298883	-5810.224212	-5708.613182	-130816.065468	-113943.739408	-122421.085527	-140181.625209
-5677.097222	-5682.349882	-5851.686698	-5711.273040	-59806.897915	-117963.454779	-87867.032035	-112447.692448
-6324.023762	-6426.931194	-5788.297151	-5699.538374	-130809.315241	-113934.262268	-122413.552989	-140174.405596
-1823.902348	-5530.045096	-5123.399809	-5501.837194	-59718.228545	-117767.631145	-88800.329125	-111938.944392
-3187.157594	-4829.452017	-5815.409817	-5712.301220	-130817.630090	-113947.025114	-122423.007777	-140183.502756
-1602.284801	-5530.782703	-5070.269712	-5504.921735	-59702.515269	-117772.839102	-88826.391259	-111944.353514
-6318.681695	-6411.352028	-5793.013369	-5700.164223	-130810.365773	-113935.290448	-122414.827039	-140175.746700
-5784.027968	-5683.445118	-5872.585579	-5710.602487	-59818.207898	-117962.314840	-87849.910599	-112447.871262
-4613.333000	-5534.113113	-5805.776215	-5710.557784	-130817.518332	-113945.348733	-122422.605446	-140183.368645
1539.811676	-5443.968528	-4518.382790	-5381.897733	-59654.593129	-117659.269888	-89402.820397	-111639.520423
-4572.406956	-5448.125952	-5815.119244	-5713.217641	-130820.647576	-113948.545033	-122425.913504	-140186.676703
-5627.588108	-5683.690987	-5846.612852	-5711.742426	-59809.200145	-117964.862939	-87889.830815	-112444.026762
-6351.270539	-6446.868950	-5793.795680	-5705.148662	-130814.836122	-113939.961963	-122419.409146	-140180.529974
-1965.500649	-5541.422134	-5160.034318	-5514.667096	-59728.689161	-117780.818675	-88782.514785	-111961.273785
-3201.172137	-4840.806704	-5821.176567	-5717.933860	-130823.061564	-113952.791864	-122428.796879	-140189.649485
-1471.281227	-5530.022744	-5049.795514	-5502.641857	-59703.364635	-117771.520349	-88857.840163	-111934.608154
-6300.666189	-6399.125624	-5794.935619	-5701.818252	-130811.729230	-113937.011532	-122416.570475	-140177.892468
-5831.324259	-5685.993217	-5881.347463	-5714.111711	-59819.884279	-117966.271098	-87836.186628	-112457.281346
-4674.912056	-5565.047928	-5804.502166	-5709.641362	-130816.490151	-113944.432312	-122421.733728	-140182.765148
1528.792266	-5440.906339	-4518.248679	-5379.059062	-59651.910919	-117656.833548	-89399.579394	-111637.575822
-4613.333000	-5534.113113	-5805.776215	-5710.557784	-130817.518332	-113945.348733	-122422.605446	-140183.368645
1539.811676	-5443.968528	-4518.382790	-5381.897733	-59654.593129	-117659.269888	-89402.820397	-111639.520423
-4572.406956	-5448.125952	-5815.119244	-5713.217641	-130820.647576	-113948.545033	-122425.913504	-140186.676703
-5627.588108	-5683.690987	-5846.612852	-5711.742426	-59809.200145	-117964.862939	-87889.830815	-112444.026762
-6351.270539	-6446.868950	-5793.795680	-5705.148662	-130814.836122	-113939.961963	-122419.409146	-140180.529974
-1965.500649	-5541.422134	-5160.034318	-5514.667096	-59728.689161	-117780.818675	-88782.514785	-111961.273785
-3201.172137	-4840.806704	-5821.176567	-5717.933860	-130823.061564	-113952.791864	-122428.796879	-140189.649485
-1471.281227	-5530.022744	-5049.795514	-5502.641857	-59703.364635	-117771.520349	-88857.840163	-111934.608154
-6300.666189	-6399.125624	-5794.935619	-5701.818252	-130811.729230	-113937.011532	-122416.570475	-140177.892468
-5831.324259	-5685.993217	-5881.347463	-5714.111711	-59819.884279	-117966.271098	-87836.186628	-112457.281346
-4674.912056	-5565.047928	-5804.502166	-5709.641362	-130816.490151	-113944.432312	-122421.733728	-140182.765148
1528.792266	-5440.906339	-4518.248679	-5379.059062	-59651.910919	-117656.833548	-89399.579394	-111637.575822
-4510.984362	-5417.749932	-5811.453558	-5709.619011	-130816.624262	-113944.856995	-122422.158411	-140183.368645
-5567.998358	-5677.387795	-5833.559434	-5704.500461	-59803.723968	-117958.537395	-87904.962946	-112432.403854
-6367.587312	-6456.681366	-5790.174698	-5701.862955	-130811.550416	-113936.720960	-122416.369309	-140177.847764
-2104.662610	-5541.422134	-5185.738824	-5516.343476	-59727.459815	-117782.606814	-88752.094060	-111972.382602
-3208.324696	-4845.321756	-5815.856852	-5712.792958	-130817.875960	-113947.740370	-122423.857143	-140185.000322
-1340.970557	-5520.187976	-5021.945241	-5491.287171	-59695.161545	-117761.193843	-88878.604934	-111916.167964
-6277.062747	-6382.384167	-5792.029892	-5698.778415	-130808.689393	-113934.061102	-122413.620044	-140175.232610
-5875.267789	-5685.836755	-5887.203620	-5714.961078	-59818.856099	-117967.388686	-87819.445171	-112463.875111
-4740.849702	-5596.720349	-5799.763596	-5705.081607	-130811.908044	-113939.917259	-122417.419841	-140178.831241
1499.399722	-5436.860673	-4526.719991	-5375.214562	-59648.178178	-117653.369028	-89393.432664	-111635.497109
-4454.725022	-5391.732501	-5809.196032	-5707.048560	-130814.009108	-113942.487710	-122419.833829	-140181.267581
-5509.995581	-5673.118612	-5822.003582	-5699.560726	-59800.415909	-117954.290563	-87922.531417	-112422.658494
-6383.971141	-6467.052575	-5788.028930	-5699.583077	-130809.270538	-113934.642248	-122414.312949	-140176.260790
-5567.998358	-5677.387795	-5833.559434	-5704.500461	-59803.723968	-117958.537395	-87904.962946	-112432.403854
-6367.587312	-6456.681366	-5790.174698	-5701.862955	-130811.550416	-113936.720960	-122416.369309	-140177.847764
-2104.662610	-5541.422134	-5185.738824	-5516.343476	-59727.459815	-117782.606814	-88752.094060	-111972.382602
-3208.324696	-4845.321756	-5815.856852	-5712.792958	-130817.875960	-113947.740370	-122423.857143	-140185.000322
-1340.970557	-5520.187976	-5021.945241	-5491.287171	-59695.161545	-117761.193843	-88878.604934	-111916.167964
-6277.062747	-6382.384167	-5792.029892	-5698.778415	-130808.689393	-113934.061102	-122413.620044	-140175.232610
-5875.267789	-5685.836755	-5887.203620	-5714.961078	-59818.856099	-117967.388686	-87819.445171	-112463.875111
-4740.849702	-5596.720349	-5799.763596	-5705.081607	-130811.908044	-113939.917259	-122417.419841	-140178.831241
1499.399722	-5436.860673	-4526.719991	-5375.214562	-59648.178178	-117653.369028	-89393.432664	-111635.497109
-4454.725022	-5391.732501	-5809.196032	-5707.048560	-130814.009108	-113942.487710	-122419.833829	-140181.267581
-5509.995581	-5673.118612	-5822.003582	-5699.560726	-59800.415909	-117954.290563	-87922.531417	-112422.658494
-6383.971141	-6467.052575	-5788.028930	-5699.583077	-130809.270538	-113934.642248	-122414.312949	-140176.260790
-2244.606882	-5544.193750	-5216.047790	-5520.992639	-59729.113845	-117787.211274	-88724.064973	-111986.464201
-3229.447094	-4861.347957	-5816.549756	-5713.552918	-130818.635919	-113948.723847	-122424.907675	-140186.430834
-1215.487863	-5517.930450	-5003.996790	-5487.800299	-59694.759213	-117758.645744	-88907.170463	-111905.550886
-6255.202741	-6367.609664	-5792.521631	-5698.845470	-130808.689393	-113934.374027	-122413.910617	-140175.947866
-5918.853690	-5688.876592	-5895.809042	-5719.073799	-59821.247735	-117971.948441	-87806.279994	-112473.262843
-4814.878680	-5637.199359	-5803.563393	-5709.127272	-130815.819599	-113944.074684	-122421.733728	-140183.458052
1464.687462	-5443.432086	-4549.742287	-5381.875382	-59655.598957	-117660.946269	-89397.746551	-111644.638973
-4411.720265	-5376.510963	-5813.085236	-5710.624839	-130817.473628	-113946.153396	-122423.499515	-140185.402654
-5454.227978	-5671.486935	-5813.621678	-5697.057330	-59800.259447	-117952.860052	-87942.536228	-112415.282418
-6402.925420	-6480.597732	-5790.241753	-5701.460624	-130811.237492	-113936.765663	-122416.481068	-140178.831241
-2389.133261	-5550.519294	-5251.162380	-5529.083971	-59735.059409	-117795.771992	-88700.349772	-112003.987968
-3252.715260	-4877.664730	-5817.734399	-5714.871671	-130819.887617	-113950.109655	-122426.338187	-140188.375436
-1100.577545	-5516.209366	-4990.049301	-5484.514592	-59695.250952	-117756.812901	-88935.870103	-111895.850229
-6255.202741	-6367.609664	-5792.521631	-5698.845470	-130808.689393	-113934.374027	-122413.910617	-140175.947866
-5918.853690	-5688.876592	-5895.809042	-5719.073799	-59821.247735	-117971.948441	-87806.279994	-112473.262843
-4814.878680	-5637.199359	-5803.563393	-5709.127272	-130815.819599	-113944.074684	-122421.733728	-140183.458052
1464.687462	-5443.432086	-4549.742287	-5381.875382	-59655.598957	-117660.946269	-89397.746551	-111644.638973
-4411.720265	-5376.510963	-5813.085236	-5710.624839	-130817.473628	-113946.153396	-122423.499515	-140185.402654
-5454.227978	-5671.486935	-5813.621678	-5697.057330	-59800.259447	-117952.860052	-87942.536228	-112415.282418
-6402.925420	-6480.597732	-5790.241753	-5701.460624	-130811.237492	-113936.765663	-122416.481068	-140178.831241
-2389.133261	-5550.519294	-5251.162380	-5529.083971	-59735.059409	-117795.771992	-88700.349772	-112003.987968
-3252.715260	-4877.664730	-5817.734399	-5714.871671	-130819.887617	-113950.109655	-122426.338187	-140188.375436
-1100.577545	-5516.209366	-4990.049301	-5484.514592	-59695.250952	-117756.812901	-88935.870103	-111895.850229
-6234.572081	-6354.377431	-5795.628523	-5701.505327	-130811.192788	-113937.145643	-122416.771640	-140179.188869
-5959.042127	-5692.966961	-5904.772091	-5723.968831	-59825.025180	-117977.536378	-87795.349991	-112483.052907
-4881.375120	-5668.916484	-5803.518689	-5708.993162	-130815.886654	-113944.275849	-122421.979597	-140184.195660
1426.488331	-5441.889816	-4564.807363	-5380.668387	-59654.861349	-117660.387476	-89393.991458	-111645.913022
-4357.472582	-5349.666518	-5811.386503	-5708.613182	-130815.305509	-113944.320553	-122421.800783	-140183.949790
-5388.513850	-5667.396565	-5800.970590	-5691.894077	-59797.174906	-117948.747331	-87960.909362	-112405.022967
-6416.492929	-6489.158450	-5790.666436	-5701.617086	-130811.326898	-113936.899774	-122416.928103	-140179.479442
-2524.450722	-5555.928416	-5281.806622	-5536.035363	-59739.328592	-117803.013957	-88675.047597	-112020.751777
-3276.296351	-4892.081605	-5817.846157	-5715.117540	-130819.932320	-113950.400227	-122426.785222	-140188.911878
-977.620599	-5511.806072	-4971.609112	-5478.390214	-59692.300521	-117751.940221	-88960.904057	-111883.512066
-6209.068740	-6336.674850	-5795.673227	-5701.192403	-130810.678698	-113936.855070	-122416.503419	-140179.144165
-5989.619313	-5693.548106	-5908.482481	-5725.131121	-59824.555793	-117979.413924	-87781.201337	-112489.244341
-4939.847283	-5696.811461	-5800.568259	-5706.333304	-130813.226797	-113941.414826	-122419.364443	-140181.893430
1401.744950	-5440.951042	-4566.975482	-5379.751966	-59653.743762	-117660.096903	-89387.598859	-111647.321182
-4298.821604	-5324.364343	-5812.548794	-5709.753121	-130816.244282	-113945.415788	-122422.873667	-140185.357950
1426.488331	-5441.889816	-4564.807363	-5380.668387	-59654.861349	-117660.387476	-89393.991458	-111645.913022
-4357.472582	-5349.666518	-5811.386503	-5708.613182	-130815.305509	-113944.320553	-122421.800783	-140183.949790
-5388.513850	-5667.396565	-5800.970590	-5691.894077	-59797.174906	-117948.747331	-87960.909362	-112405.022967
-6416.492929	-6489.158450	-5790.666436	-5701.617086	-130811.326898	-113936.899774	-122416.928103	-140179.479442
-2524.450722	-5555.928416	-5281.806622	-5536.035363	-59739.328592	-117803.013957	-88675.047597	-112020.751777
-3276.296351	-4892.081605	-5817.846157	-5715.117540	-130819.932320	-113950.400227	-122426.785222	-140188.911878
-977.620599	-5511.806072	-4971.609112	-5478.390214	-59692.300521	-117751.940221	-88960.904057	-111883.512066
-6209.068740	-6336.674850	-5795.673227	-5701.192403	-130810.678698	-113936.855070	-122416.503419	-140179.144165
-5989.619313	-5693.548106	-5908.482481	-5725.131121	-59824.555793	-117979.413924	-87781.201337	-112489.244341
-4939.847283	-5696.811461	-5800.568259	-5706.333304	-130813.226797	-113941.414826	-122419.364443	-140181.893430
1401.744950	-5440.951042	-4566.975482	-5379.751966	-59653.743762	-117660.096903	-89387.598859	-111647.321182
-4298.821604	-5324.364343	-5812.548794	-5709.753121	-130816.244282	-113945.415788	-122422.873667	-140185.357950
-5313.546099	-5664.423783	-5787.559544	-5687.736653	-59795.051491	-117945.729845	-87981.920002	-112395.299959
-6425.612441	-6494.746386	-5788.408910	-5699.292505	-130809.069372	-113934.754006	-122414.804687	-140177.691302
-2641.551511	-5556.218988	-5295.284724	-5537.957613	-59738.099246	-117805.316187	-88644.090431	-112031.413559
-3262.885304	-4880.816326	-5816.102721	-5713.508214	-130818.457105	-113948.880309	-122425.354710	-140187.906049
-831.641356	-5508.565069	-4936.360411	-5473.741051	-59690.445327	-117748.565107	-88986.876784	-111871.397420
-6182.000778	-6319.598117	-5799.473023	-5704.835737	-130814.322032	-113940.498405	-122420.325568	-140183.323942
-6018.408360	-5697.549069	-5914.472749	-5729.824988	-59827.550927	-117984.666584	-87773.020598	-112497.827410
-4988.216458	-5718.559708	-5801.529384	-5707.674409	-130814.523198	-113942.867689	-122420.906713	-140183.770977
1383.461223	-5442.605071	-4555.285520	-5381.718919	-59655.308384	-117662.689705	-89383.754359	-111650.964517
-4227.139560	-5286.656950	-5813.666381	-5710.826005	-130817.250111	-113946.511024	-122423.991254	-140186.855517
-5232.163397	-5660.646339	-5772.226247	-5682.886324	-59792.101060	-117941.974752	-88003.556490	-112384.325252
-6437.078886	-6502.748311	-5789.325331	-5700.387740	-130810.052849	-113935.893945	-122416.034033	-140179.322979
-2767.637702	-5562.321015	-5318.262317	-5545.691317	-59742.927223	-117813.362815	-88619.123533	-112048.289126
-2641.551511	-5556.218988	-5295.284724	-5537.957613	-59738.099246	-117805.316187	-88644.090431	-112031.413559
-3262.885304	-4880.816326	-5816.102721	-5713.508214	-130818.457105	-113948.880309	-122425.354710	-140187.906049
-831.641356	-5508.565069	-4936.360411	-5473.741051	-59690.445327	-117748.565107	-88986.876784	-111871.397420
-6182.000778	-6319.598117	-5799.473023	-5704.835737	-130814.322032	-113940.498405	-122420.325568	-140183.323942
-6018.408360	-5697.549069	-5914.472749	-5729.824988	-59827.550927	-117984.666584	-87773.020598	-112497.827410
-4988.216458	-5718.559708	-5801.529384	-5707.674409	-130814.523198	-113942.867689	-122420.906713	-140183.770977
1383.461223	-5442.605071	-4555.285520	-5381.718919	-59655.308384	-117662.689705	-89383.754359	-111650.964517
-4227.139560	-5286.656950	-5813.666381	-5710.826005	-130817.250111	-113946.511024	-122423.991254	-140186.855517
-5232.163397	-5660.646339	-5772.226247	-5682.886324	-59792.101060	-117941.974752	-88003.556490	-112384.325252
-6437.078886	-6502.748311	-5789.325331	-5700.387740	-130810.052849	-113935.893945	-122416.034033	-140179.322979
-2767.637702	-5562.321015	-5318.262317	-5545.691317	-59742.927223	-117813.362815	-88619.123533	-112048.289126
-3265.366347	-4882.157431	-5817.779102	-5715.586926	-130820.401707	-113950.959021	-122427.567533	-140190.431796
-690.534793	-5503.915906	-4905.090321	-5467.616673	-59687.249027	-117743.424206	-89011.016668	-111858.075781
-6148.160237	-6296.575820	-5796.589648	-5701.997066	-130811.259843	-113937.883250	-122417.486896	-140180.820546
-6042.481189	-5696.051502	-5915.858557	-5728.997973	-59825.248697	-117984.443067	-87760.078938	-112500.956655
-5042.531197	-5743.414848	-5799.562430	-5706.199194	-130812.958576	-113941.392474	-122419.610312	-140182.809852
1346.245569	-5441.688650	-4554.972596	-5381.383643	-59654.526073	-117662.801464	-89376.132414	-111652.797360
-4159.525533	-5252.615244	-5811.721779	-5708.903755	-130815.193750	-113944.812291	-122422.247818	-140185.469709
-5151.183027	-5656.287748	-5756.758840	-5677.521906	-59788.927113	-117937.616162	-88025.349441	-112372.679993
-6447.181874	-6509.833814	-5789.772366	-5701.013589	-130810.723401	-113936.609201	-122416.861047	-140180.552325
-2897.009599	-5565.293797	-5340.502303	-5550.429887	-59744.447141	-117818.302550	-88590.423893	-112061.878987
-3268.227371	-4881.062195	-5815.052189	-5713.239993	-130818.144181	-113948.880309	-122425.421765	-140188.710712
-557.877190	-5498.551488	-4877.620027	-5460.933502	-59683.404527	-117737.836270	-89034.441296	-111844.217699
-6115.280821	-6275.431070	-5797.304904	-5702.488804	-130811.773933	-113938.576155	-122418.269207	-140181.848726
-6068.208047	-5698.018455	-5920.306554	-5731.568424	-59826.545099	-117987.840532	-87752.077014	-112507.215143
-6042.481189	-5696.051502	-5915.858557	-5728.997973	-59825.248697	-117984.443067	-87760.078938	-112500.956655
-5042.531197	-5743.414848	-5799.562430	-5706.199194	-130812.958576	-113941.392474	-122419.610312	-140182.809852
1346.245569	-5441.688650	-4554.972596	-5381.383643	-59654.526073	-117662.801464	-89376.132414	-111652.797360
-4159.525533	-5252.615244	-5811.721779	-5708.903755	-130815.193750	-113944.812291	-122422.247818	-140185.469709
-5151.183027	-5656.287748	-5756.758840	-5677.521906	-59788.927113	-117937.616162	-88025.349441	-112372.679993
-6447.181874	-6509.833814	-5789.772366	-5701.013589	-130810.723401	-113936.609201	-122416.861047	-140180.552325
-2897.009599	-5565.293797	-5340.502303	-5550.429887	-59744.447141	-117818.302550	-88590.423893	-112061.878987
-3268.227371	-4881.062195	-5815.052189	-5713.239993	-130818.144181	-113948.880309	-122425.421765	-140188.710712
-557.877190	-5498.551488	-4877.620027	-5460.933502	-59683.404527	-117737.836270	-89034.441296	-111844.217699
-6115.280821	-6275.431070	-5797.304904	-5702.488804	-130811.773933	-113938.576155	-122418.269207	-140181.848726
-6068.208047	-5698.018455	-5920.306554	-5731.568424	-59826.545099	-117987.840532	-87752.077014	-112507.215143
-5100.645733	-5771.913322	-5800.814128	-5707.652057	-130814.769067	-113943.270021	-122421.465507	-140185.089729
1299.843347	-5444.370859	-4561.812229	-5384.289370	-59657.364745	-117666.578909	-89370.365664	-111658.765275
-4096.918296	-5222.105112	-5812.168814	-5709.417845	-130815.797247	-113945.594602	-122423.007777	-140186.542593
-5067.095765	-5651.459772	-5740.352659	-5671.419879	-59785.149668	-117932.788185	-88047.432965	-112360.297127
-6455.072040	-6515.108826	-5788.766538	-5700.231278	-130809.941090	-113936.050407	-122416.369309	-140180.217049
-3025.509778	-5569.518276	-5364.910408	-5556.241340	-59747.308165	-117824.538687	-88562.640674	-112077.145228
-3282.823060	-4888.393568	-5816.348590	-5714.916374	-130819.842913	-113950.824911	-122427.366367	-140190.923535
-431.053392	-5495.176374	-4852.183742	-5456.127877	-59681.549332	-117734.215287	-89058.603532	-111832.684199
-6081.663797	-6253.414601	-5796.097910	-5701.326513	-130810.589291	-113937.503271	-122417.173972	-140181.267581
-6088.861059	-5697.034979	-5921.737066	-5731.076685	-59824.667552	-117988.019346	-87741.303473	-112510.143222
-5158.827324	-5799.294209	-5797.707236	-5705.103958	-130812.265672	-113940.811329	-122419.073870	-140183.011017
1244.679242	-5443.923824	-4568.741270	-5384.267018	-59656.761248	-117667.025944	-89360.530896	-111661.760409
-4043.207055	-5199.038112	-5812.414683	-5709.931935	-130816.043117	-113946.041637	-122423.477164	-140187.391959
-4985.780118	-5648.308176	-5725.645211	-5667.105993	-59783.182714	-117929.480127	-88070.790538	-112349.590641
-5067.095765	-5651.459772	-5740.352659	-5671.419879	-59785.149668	-117932.788185	-88047.432965	-112360.297127
-6455.072040	-6515.108826	-5788.766538	-5700.231278	-130809.941090	-113936.050407	-122416.369309	-140180.217049
-3025.509778	-5569.518276	-5364.910408	-5556.241340	-59747.308165	-117824.538687	-88562.640674	-112077.145228
-3282.823060	-4888.393568	-5816.348590	-5714.916374	-130819.842913	-113950.824911	-122427.366367	-140190.923535
-431.053392	-5495.176374	-4852.183742	-5456.127877	-59681.549332	-117734.215287	-89058.603532	-111832.684199
-6081.663797	-6253.414601	-5796.097910	-5701.326513	-130810.589291	-113937.503271	-122417.173972	-140181.267581
-6088.861059	-5697.034979	-5921.737066	-5731.076685	-59824.667552	-117988.019346	-87741.303473	-112510.143222
-5158.827324	-5799.294209	-5797.707236	-5705.103958	-130812.265672	-113940.811329	-122419.073870	-140183.011017
1244.679242	-5443.923824	-4568.741270	-5384.267018	-59656.761248	-117667.025944	-89360.530896	-111661.760409
-4043.207055	-5199.038112	-5812.414683	-5709.931935	-130816.043117	-113946.041637	-122423.477164	-140187.391959
-4985.780118	-5648.308176	-5725.645211	-5667.105993	-59783.182714	-117929.480127	-88070.790538	-112349.590641
-6463.297482	-6520.696762	-5787.783061	-5699.560726	-130809.225835	-113935.335152	-122415.810515	-140180.082939
-3150.947768	-5571.999320	-5388.245629	-5560.264654	-59748.515159	-117828.807870	-88534.075145	-112090.243350
-3303.699589	-4897.848356	-5814.113416	-5713.172938	-130818.054774	-113949.170881	-122425.824097	-140189.694189
-313.013829	-5491.711854	-4831.016640	-5451.121086	-59679.515324	-117730.303732	-89081.245849	-111821.485975
-6050.192541	-6233.946232	-5796.969628	-5702.309990	-130811.528064	-113938.777320	-122418.358614	-140182.742796
-6110.743417	-5699.381912	-5926.453284	-5733.803598	-59826.656857	-117991.416811	-87735.715537	-112516.133489
-5214.036133	-5826.429227	-5797.595477	-5705.528641	-130812.735058	-113941.392474	-122419.900885	-140184.240363
1192.465567	-5445.242577	-4574.753889	-5386.077510	-59658.281166	-117669.305822	-89352.193696	-111666.901310
-3983.505545	-5170.271417	-5812.593497	-5710.200156	-130816.378393	-113946.555727	-122423.968902	-140188.196622
-4897.133100	-5643.927234	-5709.239031	-5661.383946	-59780.276988	-117924.920371	-88094.170462	-112337.453644
-6470.472392	-6526.329401	-5786.956046	-5698.979580	-130808.778800	-113935.111634	-122415.542294	-140180.261753
-3275.312874	-5577.050814	-5412.273754	-5566.947826	-59752.404362	-117835.669856	-88508.013011	-112106.023682
-3319.189348	-4907.437254	-5815.320410	-5714.737560	-130819.775858	-113950.735504	-122427.589885	-140191.974067
-188.268744	-5488.739072	-4808.217860	-5446.874255	-59678.062460	-117726.995674	-89104.558719	-111810.600675
-313.013829	-5491.711854	-4831.016640	-5451.121086	-59679.515324	-117730.303732	-89081.245849	-111821.485975
-6050.192541	-6233.946232	-5796.969628	-5702.309990	-130811.528064	-113938.777320	-122418.358614	-140182.742796
-6110.743417	-5699.381912	-5926.453284	-5733.803598	-59826.656857	-117991.416811	-87735.715537	-112516.133489
-5214.036133	-5826.429227	-5797.595477	-5705.528641	-130812.735058	-113941.392474	-122419.900885	-140184.240363
1192.465567	-5445.242577	-4574.753889	-5386.077510	-59658.281166	-117669.305822	-89352.193696	-111666.901310
-3983.505545	-5170.271417	-5812.593497	-5710.200156	-130816.378393	-113946.555727	-122423.968902	-140188.196622
-4897.133100	-5643.927234	-5709.239031	-5661.383946	-59780.276988	-117924.920371	-88094.170462	-112337.453644
-6470.472392	-6526.329401	-5786.956046	-5698.979580	-130808.778800	-113935.111634	-122415.542294	-140180.261753
-3275.312874	-5577.050814	-5412.273754	-5566.947826	-59752.404362	-117835.669856	-88508.013011	-112106.023682
-3319.189348	-4907.437254	-5815.320410	-5714.737560	-130819.775858	-113950.735504	-122427.589885	-140191.974067
-188.268744	-5488.739072	-4808.217860	-5446.874255	-59678.062460	-117726.995674	-89104.558719	-111810.600675
-6015.033247	-6212.555613	-5797.059035	-5702.488804	-130811.639823	-113938.978486	-122418.716242	-140183.413349
-6128.177777	-5699.538374	-5928.554348	-5734.474150	-59826.410988	-117992.377936	-87728.250054	-112519.218030
-5268.775555	-5853.541893	-5795.963799	-5704.522813	-130811.863340	-113940.543108	-122419.185629	-140183.681570
1130.998269	-5447.209531	-4585.415672	-5388.536202	-59659.868140	-117672.233900	-89342.895370	-111672.601005
-3929.011992	-5145.572739	-5812.794663	-5710.401322	-130816.668965	-113947.159224	-122424.550047	-140189.068340
-4808.687247	-5640.596824	-5693.682217	-5656.801838	-59778.287682	-117921.120575	-88118.936195	-112325.808385
-6477.647302	-6531.716172	-5786.754881	-5698.912525	-130808.912910	-113935.446910	-122415.944626	-140180.909953
-3402.270782	-5580.269465	-5436.212472	-5571.842858	-59754.527778	-117840.631943	-88479.648647	-112119.971170
-3338.881235	-4914.858033	-5811.252393	-5711.138929	-130816.132524	-113947.405094	-122424.304178	-140188.867174
-74.073681	-5480.647740	-4784.189735	-5437.620632	-59671.580454	-117718.591418	-89122.127190	-111795.043861
-5976.923523	-6187.991045	-5794.645047	-5700.141871	-130809.315241	-113936.989181	-122416.749289	-140181.692264
-6145.276862	-5700.208926	-5931.571833	-5735.681145	-59826.969782	-117994.166075	-87723.086801	-112523.040178
-5327.538291	-5883.470879	-5795.695579	-5704.522813	-130812.176265	-113940.945439	-122419.766774	-140184.597991
1056.186981	-5448.729449	-4598.647904	-5390.816079	-59661.544521	-117674.781999	-89332.345346	-111678.613624
1130.998269	-5447.209531	-4585.415672	-5388.536202	-59659.868140	-117672.233900	-89342.895370	-111672.601005
-3929.011992	-5145.572739	-5812.794663	-5710.401322	-130816.668965	-113947.159224	-122424.550047	-140189.068340
-4808.687247	-5640.596824	-5693.682217	-5656.801838	-59778.287682	-117921.120575	-88118.936195	-112325.808385
-6477.647302	-6531.716172	-5786.754881	-5698.912525	-130808.912910	-113935.446910	-122415.944626	-140180.909953
-3402.270782	-5580.269465	-5436.212472	-5571.842858	-59754.527778	-117840.631943	-88479.648647	-112119.971170
-3338.881235	-4914.858033	-5811.252393	-5711.138929	-130816.132524	-113947.405094	-122424.304178	-140188.867174
-74.073681	-5480.647740	-4784.189735	-5437.620632	-59671.580454	-117718.591418	-89122.127190	-111795.043861
-5976.923523	-6187.991045	-5794.645047	-5700.141871	-130809.315241	-113936.989181	-122416.749289	-140181.692264
-6145.276862	-5700.208926	-5931.571833	-5735.681145	-59826.969782	-117994.166075	-87723.086801	-112523.040178
-5327.538291	-5883.470879	-5795.695579	-5704.522813	-130812.176265	-113940.945439	-122419.766774	-140184.597991
1056.186981	-5448.729449	-4598.647904	-5390.816079	-59661.544521	-117674.781999	-89332.345346	-111678.613624
-3879.145250	-5125.009134	-5812.995829	-5710.736598	-130816.892483	-113947.673315	-122425.153545	-140189.984761
-4719.995525	-5637.802856	-5678.326568	-5652.845580	-59777.103040	-117918.103089	-88145.467716	-112314.766623
-6485.246895	-6538.175826	-5787.760709	-5700.253630	-130810.276367	-113936.966829	-122417.576303	-140182.899258
-3529.474560	-5587.220858	-5462.140496	-5580.582390	-59760.316880	-117849.527937	-88455.709929	-112137.606697
-3368.072613	-4934.214644	-5815.990963	-5716.324534	-130821.340480	-113952.858919	-122429.825059	-140194.745683
38.869684	-5483.195839	-4766.531857	-5438.849978	-59675.849637	-117720.960703	-89149.932760	-111790.215884
-5942.904168	-6169.573208	-5798.646009	-5704.008723	-130813.182093	-113941.124253	-122420.884361	-140186.184965
-6161.168952	-5702.779377	-5935.975127	-5738.564520	-59829.406122	-117997.675299	-87720.873978	-112528.158728
-5384.825812	-5912.326981	-5795.606172	-5704.880441	-130812.600948	-113941.481881	-122420.347920	-140185.670875
982.247410	-5451.143438	-4613.333000	-5393.833565	-59663.980861	-117678.313575	-89322.152951	-111685.609720
-3831.468979	-5104.400826	-5814.113416	-5712.010647	-130818.121829	-113949.148530	-122426.494649	-140191.817605
-4626.408771	-5634.226577	-5661.853333	-5648.017603	-59775.158438	-117914.370348	-88171.194574	-112302.920199
-6491.103052	-6542.534416	-5787.850116	-5700.611258	-130810.611643	-113937.570326	-122418.157449	-140183.793328
-3653.057355	-5591.333579	-5487.666188	-5586.170326	-59763.379069	-117855.384094	-88428.932539	-112152.247089
-6485.246895	-6538.175826	-5787.760709	-5700.253630	-130810.276367	-113936.966829	-122417.576303	-140182.899258
-3529.474560	-5587.220858	-5462.140496	-5580.582390	-59760.316880	-117849.527937	-88455.709929	-112137.606697
-3368.072613	-4934.214644	-5815.990963	-5716.324534	-130821.340480	-113952.858919	-122429.825059	-140194.745683
38.869684	-5483.195839	-4766.531857	-5438.849978	-59675.849637	-117720.960703	-89149.932760	-111790.215884
-5942.904168	-6169.573208	-5798.646009	-5704.008723	-130813.182093	-113941.124253	-122420.884361	-140186.184965
-6161.168952	-5702.779377	-5935.975127	-5738.564520	-59829.406122	-117997.675299	-87720.873978	-112528.158728
-5384.825812	-5912.326981	-5795.606172	-5704.880441	-130812.600948	-113941.481881	-122420.347920	-140185.670875
982.247410	-5451.143438	-4613.333000	-5393.833565	-59663.980861	-117678.313575	-89322.152951	-111685.609720
-3831.468979	-5104.400826	-5814.113416	-5712.010647	-130818.121829	-113949.148530	-122426.494649	-140191.817605
-4626.408771	-5634.226577	-5661.853333	-5648.017603	-59775.158438	-117914.370348	-88171.194574	-112302.920199
-6491.103052	-6542.534416	-5787.850116	-5700.611258	-130810.611643	-113937.570326	-122418.157449	-140183.793328
-3653.057355	-5591.333579	-5487.666188	-5586.170326	-59763.379069	-117855.384094	-88428.932539	-112152.247089
-3400.460291	-4949.145609	-5813.554622	-5714.201118	-130819.351175	-113951.070780	-122428.036920	-140193.248116
141.486542	-5478.010235	-4751.757354	-5432.412676	-59672.251007	-117715.417470	-89167.724749	-111777.944777
-5905.107368	-6146.059173	-5797.148442	-5702.622915	-130811.572768	-113939.872556	-122419.632664	-140185.268543
-6173.551819	-5704.031075	-5938.769095	-5740.218549	-59830.523709	-117999.709308	-87717.677679	-112531.556193
-5442.046278	-5942.613595	-5797.684884	-5707.585002	-130815.193750	-113944.275849	-122423.253646	-140188.844823
903.166938	-5456.574912	-4631.080285	-5400.092053	-59669.367632	-117684.683822	-89313.368715	-111695.891523
-3787.100767	-5087.569962	-5816.996791	-5715.184595	-130821.005204	-113952.255422	-122429.825059	-140195.304477
-4534.632508	-5632.974879	-5647.011774	-5645.313042	-59775.203142	-117912.604560	-88198.888385	-112292.996024
-6497.227430	-6547.965890	-5789.794718	-5702.712322	-130812.600948	-113939.693742	-122420.392623	-140186.430834
-3776.438984	-5597.502660	-5512.901308	-5594.127547	-59768.385860	-117863.363667	-88403.987992	-112169.010898
-3433.697335	-4967.496391	-5814.269878	-5715.385761	-130820.535817	-113952.233070	-122429.378024	-140195.103311
244.148105	-5476.646778	-4736.379354	-5429.976336	-59672.318062	-117713.852848	-89189.204775	-111770.233425
-5867.265864	-6124.847367	-5799.629486	-5704.969848	-130813.986756	-113942.331248	-122422.180763	-140188.174270
141.486542	-5478.010235	-4751.757354	-5432.412676	-59672.251007	-117715.417470	-89167.724749	-111777.944777
-5905.107368	-6146.059173	-5797.148442	-5702.622915	-130811.572768	-113939.872556	-122419.632664	-140185.268543
-6173.551819	-5704.031075	-5938.769095	-5740.218549	-59830.523709	-117999.709308	-87717.677679	-112531.556193
-5442.046278	-5942.613595	-5797.684884	-5707.585002	-130815.193750	-113944.275849	-122423.253646	-140188.844823
903.166938	-5456.574912	-4631.080285	-5400.092053	-59669.367632	-117684.683822	-89313.368715	-111695.891523
-3787.100767	-5087.569962	-5816.996791	-5715.184595	-130821.005204	-113952.255422	-122429.825059	-140195.304477
-4534.632508	-5632.974879	-5647.011774	-5645.313042	-59775.203142	-117912.604560	-88198.888385	-112292.996024
-6497.227430	-6547.965890	-5789.794718	-5702.712322	-130812.600948	-113939.693742	-122420.392623	-140186.430834
-3776.438984	-5597.502660	-5512.901308	-5594.127547	-59768.385860	-117863.363667	-88403.987992	-112169.010898
-3433.697335	-4967.496391	-5814.269878	-5715.385761	-130820.535817	-113952.233070	-122429.378024	-140195.103311
244.148105	-5476.646778	-4736.379354	-5429.976336	-59672.318062	-117713.852848	-89189.204775	-111770.233425
-5867.265864	-6124.847367	-5799.629486	-5704.969848	-130813.986756	-113942.331248	-122422.180763	-140188.174270
-6181.821964	-5704.992200	-5940.311365	-5741.403191	-59831.104854	-118001.475096	-87715.151932	-112534.439568
-5496.182203	-5970.240351	-5797.863698	-5707.964982	-130815.618433	-113944.789939	-122424.080661	-140190.096520
820.174911	-5460.397060	-4647.330004	-5404.495347	-59672.809800	-117689.623557	-89301.924622	-111705.100442
-3744.721859	-5070.135602	-5819.053151	-5716.950383	-130822.793343	-113954.423541	-122431.903771	-140197.964334
-4436.597757	-5631.164388	-5630.270318	-5641.982632	-59774.465534	-117910.279979	-88226.157513	-112282.423649
-6500.759006	-6550.871617	-5791.024064	-5703.673447	-130813.629128	-113940.744274	-122421.689024	-140188.129567
-3890.566992	-5602.509451	-5534.515445	-5600.721312	-59771.693918	-117870.113894	-88377.635286	-112184.657119
-3466.666158	-4985.623656	-5815.610983	-5716.793921	-130821.765163	-113953.797693	-122431.032053	-140197.092616
349.581283	-5475.395080	-4717.827406	-5427.495292	-59672.027489	-117712.198819	-89209.589566	-111762.320907
-5828.127960	-6102.987361	-5802.870489	-5707.830871	-130816.512503	-113945.304030	-122425.153545	-140191.594087
-6190.628551	-5709.574307	-5944.580548	-5746.007651	-59834.815244	-118006.705404	-87716.917719	-112540.586298
-5553.201503	-6000.571668	-5800.836480	-5710.826005	-130818.591215	-113947.963887	-122427.187553	-140193.672799
731.751410	-5464.196857	-4663.043280	-5409.010399	-59675.804934	-117694.295072	-89289.273535	-111714.219953
820.174911	-5460.397060	-4647.330004	-5404.495347	-59672.809800	-117689.623557	-89301.924622	-111705.100442
-3744.721859	-5070.135602	-5819.053151	-5716.950383	-130822.793343	-113954.423541	-122431.903771	-140197.964334
-4436.597757	-5631.164388	-5630.270318	-5641.982632	-59774.465534	-117910.279979	-88226.157513	-112282.423649
-6500.759006	-6550.871617	-5791.024064	-5703.673447	-130813.629128	-113940.744274	-122421.689024	-140188.129567
-3890.566992	-5602.509451	-5534.515445	-5600.721312	-59771.693918	-117870.113894	-88377.635286	-112184.657119
-3466.666158	-4985.623656	-5815.610983	-5716.793921	-130821.765163	-113953.797693	-122431.032053	-140197.092616
349.581283	-5475.395080	-4717.827406	-5427.495292	-59672.027489	-117712.198819	-89209.589566	-111762.320907
-5828.127960	-6102.987361	-5802.870489	-5707.830871	-130816.512503	-113945.304030	-122425.153545	-140191.594087
-6190.628551	-5709.574307	-5944.580548	-5746.007651	-59834.815244	-118006.705404	-87716.917719	-112540.586298
-5553.201503	-6000.571668	-5800.836480	-5710.826005	-130818.591215	-113947.963887	-122427.187553	-140193.672799
731.751410	-5464.196857	-4663.043280	-5409.010399	-59675.804934	-117694.295072	-89289.273535	-111714.219953
-3703.572298	-5053.975291	-5820.394256	-5718.269136	-130823.910931	-113955.675239	-122433.267228	-140199.685419
-4334.003250	-5628.191606	-5611.248983	-5637.556987	-59772.520932	-117906.726051	-88253.292531	-112270.621928
-6504.111767	-6553.933806	-5792.588686	-5705.014551	-130814.880826	-113942.241841	-122423.298350	-140190.141224
-4008.964182	-5608.767940	-5557.604797	-5608.477367	-59776.052508	-117877.937004	-88352.534277	-112201.420927
-3504.708827	-5004.980267	-5817.354419	-5718.760874	-130823.620358	-113955.697591	-122433.133117	-140199.596012
451.348776	-5474.925694	-4700.549507	-5425.707153	-59672.407469	-117711.170639	-89230.533150	-111755.280108
-5786.419605	-6079.607437	-5805.284477	-5709.887232	-130818.479457	-113947.427445	-122427.276960	-140194.119834
-6194.830679	-5711.809482	-5946.212226	-5748.198122	-59836.268107	-118009.409965	-87717.208292	-112543.961411
-5605.169309	-6026.946727	-5800.680018	-5710.893060	-130818.457105	-113947.941535	-122427.388719	-140194.321000
641.025679	-5465.225037	-4677.035472	-5410.686780	-59675.894341	-117696.150267	-89272.733244	-111721.104291
-3656.879503	-5031.847064	-5817.332067	-5715.072836	-130820.312300	-113952.389533	-122430.048577	-140196.846747
-4221.775141	-5619.563832	-5586.080919	-5627.163425	-59764.720173	-117897.226560	-88274.347874	-112252.628774
-6501.809538	-6551.296300	-5789.638256	-5701.751197	-130811.304547	-113938.956134	-122420.102050	-140187.257849
-4121.684029	-5611.651315	-5577.676663	-5612.567736	-59777.035985	-117882.072077	-88322.828808	-112214.586105
-4008.964182	-5608.767940	-5557.604797	-5608.477367	-59776.052508	-117877.937004	-88352.534277	-112201.420927
-3504.708827	-5004.980267	-5817.354419	-5718.760874	-130823.620358	-113955.697591	-122433.133117	-140199.596012
451.348776	-5474.925694	-4700.549507	-5425.707153	-59672.407469	-117711.170639	-89230.533150	-111755.280108
-5786.419605	-6079.607437	-5805.284477	-5709.887232	-130818.479457	-113947.427445	-122427.276960	-140194.119834
-6194.830679	-5711.809482	-5946.212226	-5748.198122	-59836.268107	-118009.409965	-87717.208292	-112543.961411
-5605.169309	-6026.946727	-5800.680018	-5710.893060	-130818.457105	-113947.941535	-122427.388719	-140194.321000
641.025679	-5465.225037	-4677.035472	-5410.686780	-59675.894341	-117696.150267	-89272.733244	-111721.104291
-3656.879503	-5031.847064	-5817.332067	-5715.072836	-130820.312300	-113952.389533	-122430.048577	-140196.846747
-4221.775141	-5619.563832	-5586.080919	-5627.163425	-59764.720173	-117897.226560	-88274.347874	-112252.628774
-6501.809538	-6551.296300	-5789.638256	-5701.751197	-130811.304547	-113938.956134	-122420.102050	-140187.257849
-4121.684029	-5611.651315	-5577.676663	-5612.567736	-59777.035985	-117882.072077	-88322.828808	-112214.586105
-3542.282110	-5022.638145	-5815.566279	-5716.928031	-130821.653404	-113953.954155	-122431.501440	-140198.344314
550.791687	-5470.589455	-4684.031568	-5420.007458	-59668.965300	-117706.387366	-89246.268779	-111744.439512
-5739.100962	-6052.047736	-5804.792739	-5708.970810	-130817.071297	-113946.555727	-122426.405242	-140193.605744
-6192.796671	-5710.311915	-5944.245272	-5746.655851	-59834.122340	-118008.448840	-87713.944937	-112543.156748
-5655.147809	-6052.517122	-5799.853003	-5710.177804	-130817.451276	-113947.114521	-122426.762870	-140194.052779
548.534161	-5469.471868	-4696.034455	-5415.693571	-59679.470620	-117701.537037	-89257.981093	-111731.341390
-3616.199328	-5016.983153	-5821.109512	-5718.537357	-130823.598006	-113955.898756	-122433.714263	-140200.735951
-4110.083474	-5619.608536	-5569.026538	-5625.643507	-59765.994223	-117896.690118	-88305.841482	-112243.017524
-6504.223526	-6553.732640	-5792.633390	-5704.321647	-130813.807942	-113941.817157	-122423.030129	-140190.655314
-4234.582691	-5617.395713	-5599.491966	-5619.921460	-59781.282816	-117889.671670	-88296.923136	-112230.880526
-3580.481241	-5042.307680	-5817.510881	-5718.894985	-130823.553303	-113956.144626	-122433.736614	-140201.048875
651.374537	-5470.075365	-4669.234713	-5418.420484	-59669.546446	-117705.761517	-89265.334817	-111738.136320
-5691.916429	-6025.717381	-5805.977381	-5709.663714	-130817.674794	-113947.494501	-122427.388719	-140194.946849
-6191.679083	-5711.496557	-5945.094638	-5747.929901	-59835.016410	-118010.281683	-87715.330746	-112545.213109
-6192.796671	-5710.311915	-5944.245272	-5746.655851	-59834.122340	-118008.448840	-87713.944937	-112543.156748
-5655.147809	-6052.517122	-5799.853003	-5710.177804	-130817.451276	-113947.114521	-122426.762870	-140194.052779
548.534161	-5469.471868	-4696.034455	-5415.693571	-59679.470620	-117701.537037	-89257.981093	-111731.341390
-3616.199328	-5016.983153	-5821.109512	-5718.537357	-130823.598006	-113955.898756	-122433.714263	-140200.735951
-4110.083474	-5619.608536	-5569.026538	-5625.643507	-59765.994223	-117896.690118	-88305.841482	-112243.017524
-6504.223526	-6553.732640	-5792.633390	-5704.321647	-130813.807942	-113941.817157	-122423.030129	-140190.655314
-4234.582691	-5617.395713	-5599.491966	-5619.921460	-59781.282816	-117889.671670	-88296.923136	-112230.880526
-3580.481241	-5042.307680	-5817.510881	-5718.894985	-130823.553303	-113956.144626	-122433.736614	-140201.048875
651.374537	-5470.075365	-4669.234713	-5418.420484	-59669.546446	-117705.761517	-89265.334817	-111738.136320
-5691.916429	-6025.717381	-5805.977381	-5709.663714	-130817.674794	-113947.494501	-122427.388719	-140194.946849
-6191.679083	-5711.496557	-5945.094638	-5747.929901	-59835.016410	-118010.281683	-87715.330746	-112545.213109
-5705.774511	-6078.802774	-5801.194108	-5711.317743	-130818.792381	-113948.545033	-122428.416899	-140196.019732
447.236055	-5471.260008	-4714.340534	-5418.286373	-59680.610559	-117704.599226	-89240.703194	-111739.656239
-3571.674653	-4993.603229	-5818.628468	-5715.788092	-130820.848742	-113953.462416	-122431.322626	-140198.791349
-3995.173156	-5611.852480	-5544.216102	-5616.278126	-59759.512217	-117888.442324	-88329.154352	-112226.097253
-6500.379026	-6549.664623	-5789.392387	-5700.745368	-130810.343422	-113938.509099	-122419.789126	-140187.727235
-4343.681555	-5618.848576	-5617.775693	-5622.871890	-59781.282816	-117892.867970	-88267.240020	-112242.972820
-3619.015648	-5059.853799	-5815.387465	-5716.838624	-130821.586349	-113954.378838	-122432.104937	-140199.707770
739.976852	-5466.789659	-4654.795486	-5414.061894	-59667.311271	-117702.140534	-89281.048093	-111729.150919
-5643.971937	-5999.319971	-5806.826747	-5710.088397	-130818.054774	-113948.187405	-122428.148678	-140196.064436
-6187.700473	-5711.250688	-5944.312327	-5747.661680	-59834.569375	-118010.572256	-87716.783609	-112545.235460
-5753.495485	-6103.613210	-5799.674189	-5709.775473	-130817.361869	-113947.449797	-122427.321664	-140195.438587
343.926292	-5476.222095	-4734.188883	-5424.343696	-59685.103260	-117710.723604	-89225.526360	-111751.703829
-3539.488141	-4984.662531	-5823.903480	-5720.951345	-130825.877884	-113958.782132	-122436.664693	-140204.580451
-3884.487317	-5612.791254	-5527.005258	-5615.473463	-59761.836798	-117888.621138	-88362.279637	-112217.357721
-3995.173156	-5611.852480	-5544.216102	-5616.278126	-59759.512217	-117888.442324	-88329.154352	-112226.097253
-6500.379026	-6549.664623	-5789.392387	-5700.745368	-130810.343422	-113938.509099	-122419.789126	-140187.727235
-4343.681555	-5618.848576	-5617.775693	-5622.871890	-59781.282816	-117892.867970	-88267.240020	-112242.972820
-3619.015648	-5059.853799	-5815.387465	-5716.838624	-130821.586349	-113954.378838	-122432.104937	-140199.707770
739.976852	-5466.789659	-4654.795486	-5414.061894	-59667.311271	-117702.140534	-89281.048093	-111729.150919
-5643.971937	-5999.319971	-5806.826747	-5710.088397	-130818.054774	-113948.187405	-122428.148678	-140196.064436
-6187.700473	-5711.250688	-5944.312327	-5747.661680	-59834.569375	-118010.572256	-87716.783609	-112545.235460
-5753.495485	-6103.613210	-5799.674189	-5709.775473	-130817.361869	-113947.449797	-122427.321664	-140195.438587
343.926292	-5476.222095	-4734.188883	-5424.343696	-59685.103260	-117710.723604	-89225.526360	-111751.703829
-3539.488141	-4984.662531	-5823.903480	-5720.951345	-130825.877884	-113958.782132	-122436.664693	-140204.580451
-3884.487317	-5612.791254	-5527.005258	-5615.473463	-59761.836798	-117888.621138	-88362.279637	-112217.357721
-6505.139948	-6554.850227	-5795.360302	-5706.623877	-130815.931358	-113944.409960	-122425.891152	-140194.164538
-4458.323653	-5628.839806	-5643.211978	-5634.427742	-59789.932941	-117904.624987	-88246.966987	-112263.447018
-3667.474230	-5086.206506	-5819.142558	-5720.727828	-130825.207332	-113958.223338	-122436.262362	-140204.267526
824.287632	-5467.415508	-4644.044297	-5413.838376	-59669.322928	-117702.721680	-89300.047076	-111724.524108
-5596.340370	-5973.838982	-5809.218384	-5712.100054	-130819.798210	-113950.288469	-122430.361501	-140198.679590
-6180.570266	-5710.669543	-5942.926519	-5747.236997	-59834.122340	-118010.773422	-87719.689336	-112544.654315
-5799.897706	-6127.127245	-5798.064863	-5708.344961	-130815.864303	-113946.019285	-122426.248780	-140194.656276
230.491189	-5476.512668	-4752.137333	-5425.953022	-59684.857391	-117712.422337	-89204.850996	-111759.079904
-3506.072284	-4969.083365	-5821.757713	-5718.827929	-130823.463896	-113956.859882	-122434.742443	-140203.060532
-3766.961845	-5608.410312	-5504.564107	-5609.617306	-59759.065182	-117883.793161	-88390.532242	-112203.320825
-6502.994180	-6552.726811	-5795.829689	-5707.003857	-130816.065468	-113944.879346	-122426.405242	-140195.125663
-4561.544008	-5632.304327	-5661.272187	-5639.143960	-59791.832839	-117909.520019	-88220.703688	-112276.612196
-3717.072751	-5111.508681	-5817.644992	-5719.453778	-130824.022689	-113957.284565	-122435.368292	-140203.731084
905.692685	-5464.174505	-4632.488445	-5409.368027	-59667.154809	-117699.279511	-89313.502826	-111716.186907
824.287632	-5467.415508	-4644.044297	-5413.838376	-59669.322928	-117702.721680	-89300.047076	-111724.524108
-5596.340370	-5973.838982	-5809.218384	-5712.100054	-130819.798210	-113950.288469	-122430.361501	-140198.679590
-6180.570266	-5710.669543	-5942.926519	-5747.236997	-59834.122340	-118010.773422	-87719.689336	-112544.654315
-5799.897706	-6127.127245	-5798.064863	-5708.344961	-130815.864303	-113946.019285	-122426.248780	-140194.656276
230.491189	-5476.512668	-4752.137333	-5425.953022	-59684.857391	-117712.422337	-89204.850996	-111759.079904
-3506.072284	-4969.083365	-5821.757713	-5718.827929	-130823.463896	-113956.859882	-122434.742443	-140203.060532
-3766.961845	-5608.410312	-5504.564107	-5609.617306	-59759.065182	-117883.793161	-88390.532242	-112203.320825
-6502.994180	-6552.726811	-5795.829689	-5707.003857	-130816.065468	-113944.879346	-122426.405242	-140195.125663
-4561.544008	-5632.304327	-5661.272187	-5639.143960	-59791.832839	-117909.520019	-88220.703688	-112276.612196
-3717.072751	-5111.508681	-5817.644992	-5719.453778	-130824.022689	-113957.284565	-122435.368292	-140203.731084
905.692685	-5464.174505	-4632.488445	-5409.368027	-59667.154809	-117699.279511	-89313.502826	-111716.186907
-5546.741849	-5947.061592	-5809.285439	-5711.921240	-130819.440582	-113950.333172	-122430.316798	-140199.059570
-6172.277769	-5712.211813	-5942.703002	-5748.354584	-59835.284631	-118012.628616	-87724.785534	-112545.436626
-5847.104591	-6153.949339	-5800.903535	-5711.273040	-130818.613567	-113949.148530	-122429.489783	-140198.210203
123.448685	-5481.899438	-4774.802002	-5432.077400	-59689.372443	-117718.904343	-89189.137720	-111771.485123
-3476.165649	-4958.019252	-5823.724666	-5720.638421	-130825.117925	-113958.759780	-122436.910562	-140205.496872
-3649.525779	-5605.325771	-5482.972322	-5604.811681	-59757.299394	-117880.082772	-88419.276585	-112190.647386
-6499.797881	-6549.955195	-5795.941448	-5706.713284	-130815.797247	-113944.968753	-122426.539353	-140195.729160
-4659.355242	-5636.349992	-5679.108879	-5644.620138	-59794.313883	-117915.242066	-88195.893251	-112290.470277
-3763.094993	-5132.407562	-5816.974439	-5718.850281	-130823.285082	-113956.770475	-122435.055367	-140203.932250
981.152175	-5460.553522	-4619.613841	-5405.054141	-59664.562007	-117695.747935	-89326.019803	-111708.028520
-5495.042264	-5918.764284	-5809.151329	-5711.340095	-130818.613567	-113949.863785	-122430.003873	-140199.171328
-6159.403164	-5711.161281	-5940.154903	-5747.259348	-59834.055285	-118012.203933	-87728.652385	-112543.670838
-5887.740062	-6174.892923	-5799.249506	-5709.551955	-130816.937186	-113947.650963	-122428.126327	-140197.450244
14.260413	-5484.358130	-4794.896221	-5435.564272	-59691.160582	-117722.927657	-89169.870516	-111781.454001
123.448685	-5481.899438	-4774.802002	-5432.077400	-59689.372443	-117718.904343	-89189.137720	-111771.485123
-3476.165649	-4958.019252	-5823.724666	-5720.638421	-130825.117925	-113958.759780	-122436.910562	-140205.496872
-3649.525779	-5605.325771	-5482.972322	-5604.811681	-59757.299394	-117880.082772	-88419.276585	-112190.647386
-6499.797881	-6549.955195	-5795.941448	-5706.713284	-130815.797247	-113944.968753	-122426.539353	-140195.729160
-4659.355242	-5636.349992	-5679.108879	-5644.620138	-59794.313883	-117915.242066	-88195.893251	-112290.470277
-3763.094993	-5132.407562	-5816.974439	-5718.850281	-130823.285082	-113956.770475	-122435.055367	-140203.932250
981.152175	-5460.553522	-4619.613841	-5405.054141	-59664.562007	-117695.747935	-89326.019803	-111708.028520
-5495.042264	-5918.764284	-5809.151329	-5711.340095	-130818.613567	-113949.863785	-122430.003873	-140199.171328
-6159.403164	-5711.161281	-5940.154903	-5747.259348	-59834.055285	-118012.203933	-87728.652385	-112543.670838
-5887.740062	-6174.892923	-5799.249506	-5709.551955	-130816.937186	-113947.650963	-122428.126327	-140197.450244
14.260413	-5484.358130	-4794.896221	-5435.564272	-59691.160582	-117722.927657	-89169.870516	-111781.454001
-3447.242492	-4946.485751	-5824.462274	-5721.197214	-130825.609663	-113959.609146	-122437.782280	-140206.927384
-3531.843845	-5601.414216	-5460.665281	-5599.402559	-59754.907758	-117875.925347	-88446.746879	-112177.571616
-6496.445119	-6547.317689	-5797.170794	-5707.473243	-130816.601910	-113946.041637	-122427.723995	-140197.383189
-4754.126639	-5640.932100	-5696.587944	-5650.565702	-59797.443127	-117921.612313	-88171.932181	-112304.663635
-3809.296049	-5155.139286	-5818.539061	-5720.593717	-130825.117925	-113958.826835	-122437.268190	-140206.547404
1054.376489	-5462.431069	-4611.567213	-5406.082321	-59667.512437	-117697.692537	-89342.537742	-111705.592180
-5443.789714	-5892.031597	-5811.252393	-5713.105883	-130820.155838	-113951.875442	-122432.060234	-140201.585317
-6144.114571	-5710.356618	-5937.562101	-5746.275872	-59833.205918	-118011.958064	-87732.765106	-112541.636830
-5928.867272	-6197.624647	-5799.607134	-5709.864880	-130817.183056	-113948.299163	-122428.930989	-140198.567831
-100.716961	-5487.912057	-4820.734837	-5440.459304	-59693.976902	-117727.845040	-89150.178629	-111792.652225
-3421.962669	-4936.136894	-5823.367038	-5719.945517	-130824.067393	-113958.648021	-122436.798803	-140206.279183
-3408.529271	-5594.619285	-5436.145417	-5591.132413	-59749.453932	-117868.415161	-88471.512612	-112160.740752
-6487.772642	-6539.159303	-5794.309770	-5704.299295	-130813.003279	-113942.867689	-122424.773565	-140194.723331
-4844.025355	-5642.206149	-5711.027171	-5653.404373	-59797.331369	-117924.562743	-88144.774812	-112315.414824
-4754.126639	-5640.932100	-5696.587944	-5650.565702	-59797.443127	-117921.612313	-88171.932181	-112304.663635
-3809.296049	-5155.139286	-5818.539061	-5720.593717	-130825.117925	-113958.826835	-122437.268190	-140206.547404
1054.376489	-5462.431069	-4611.567213	-5406.082321	-59667.512437	-117697.692537	-89342.537742	-111705.592180
-5443.789714	-5892.031597	-5811.252393	-5713.105883	-130820.155838	-113951.875442	-122432.060234	-140201.585317
-6144.114571	-5710.356618	-5937.562101	-5746.275872	-59833.205918	-118011.958064	-87732.765106	-112541.636830
-5928.867272	-6197.624647	-5799.607134	-5709.864880	-130817.183056	-113948.299163	-122428.930989	-140198.567831
-100.716961	-5487.912057	-4820.734837	-5440.459304	-59693.976902	-117727.845040	-89150.178629	-111792.652225
-3421.962669	-4936.136894	-5823.367038	-5719.945517	-130824.067393	-113958.648021	-122436.798803	-140206.279183
-3408.529271	-5594.619285	-5436.145417	-5591.132413	-59749.453932	-117868.415161	-88471.512612	-112160.740752
-6487.772642	-6539.159303	-5794.309770	-5704.299295	-130813.003279	-113942.867689	-122424.773565	-140194.723331
-4844.025355	-5642.206149	-5711.027171	-5653.404373	-59797.331369	-117924.562743	-88144.774812	-112315.414824
-3856.748802	-5176.932237	-5815.722742	-5718.023267	-130822.234550	-113956.234033	-122434.965960	-140204.647506
1119.777694	-5457.200761	-4603.274715	-5400.069702	-59663.153847	-117692.395174	-89350.718480	-111696.137392
-5388.759719	-5861.275597	-5809.531308	-5711.161281	-130817.808904	-113950.020248	-122430.249742	-140200.266564
-6123.506263	-5706.646229	-5931.862406	-5742.319613	-59829.473177	-118008.784116	-87735.514371	-112536.495928
-5962.193723	-6214.209642	-5796.075558	-5706.310952	-130813.360907	-113944.745236	-122425.511172	-140195.751512
-215.560224	-5487.845002	-4839.555006	-5441.442781	-59693.149888	-117729.208497	-89126.798704	-111800.207114
-3385.886954	-4919.440141	-5820.081332	-5716.749217	-130820.491114	-113955.362315	-122433.669559	-140203.664029
-3283.337150	-5587.645541	-5410.150338	-5582.392881	-59743.955403	-117860.949679	-88496.367752	-112144.200461
-6480.016587	-6532.766704	-5793.348645	-5703.069950	-130811.505712	-113941.794806	-122423.857143	-140194.276296
-4930.347792	-5644.754248	-5725.689915	-5657.159466	-59798.650122	-117928.921333	-88119.874969	-112327.127138
-3901.921678	-5197.965228	-5813.264050	-5715.586926	-130819.731154	-113954.110617	-122432.842545	-140203.082884
1182.273171	-5452.663356	-4592.322361	-5394.682931	-59659.734030	-117688.036583	-89359.100385	-111687.979005
-5332.075695	-5830.832521	-5808.234907	-5709.373141	-130815.976061	-113948.477977	-122428.796879	-140199.327791
-6104.082597	-5705.796862	-5928.531996	-5741.023212	-59828.757921	-118008.404137	-87742.175191	-112533.925478
-5388.759719	-5861.275597	-5809.531308	-5711.161281	-130817.808904	-113950.020248	-122430.249742	-140200.266564
-6123.506263	-5706.646229	-5931.862406	-5742.319613	-59829.473177	-118008.784116	-87735.514371	-112536.495928
-5962.193723	-6214.209642	-5796.075558	-5706.310952	-130813.360907	-113944.745236	-122425.511172	-140195.751512
-215.560224	-5487.845002	-4839.555006	-5441.442781	-59693.149888	-117729.208497	-89126.798704	-111800.207114
-3385.886954	-4919.440141	-5820.081332	-5716.749217	-130820.491114	-113955.362315	-122433.669559	-140203.664029
-3283.337150	-5587.645541	-5410.150338	-5582.392881	-59743.955403	-117860.949679	-88496.367752	-112144.200461
-6480.016587	-6532.766704	-5793.348645	-5703.069950	-130811.505712	-113941.794806	-122423.857143	-140194.276296
-4930.347792	-5644.754248	-5725.689915	-5657.159466	-59798.650122	-117928.921333	-88119.874969	-112327.127138
-3901.921678	-5197.965228	-5813.264050	-5715.586926	-130819.731154	-113954.110617	-122432.842545	-140203.082884
1182.273171	-5452.663356	-4592.322361	-5394.682931	-59659.734030	-117688.036583	-89359.100385	-111687.979005
-5332.075695	-5830.832521	-5808.234907	-5709.373141	-130815.976061	-113948.477977	-122428.796879	-140199.327791
-6104.082597	-5705.796862	-5928.531996	-5741.023212	-59828.757921	-118008.404137	-87742.175191	-112533.925478
-6000.079930	-6235.935537	-5797.394311	-5707.719112	-130814.769067	-113946.242803	-122427.299312	-140198.076093
-328.369478	-5493.209421	-4861.839695	-5447.813028	-59697.866106	-117736.226944	-89108.604384	-111813.729920
-3360.182447	-4907.593716	-5822.763541	-5719.342019	-130822.972157	-113958.245690	-122436.709396	-140207.061494
-3159.061451	-5585.611532	-5387.396263	-5578.593085	-59743.374257	-117858.490987	-88526.095572	-112132.577554
-6475.725052	-6529.369239	-5795.606172	-5704.947496	-130813.360907	-113943.918221	-122426.092318	-140196.958506
-5017.318430	-5650.856274	-5743.034869	-5664.490839	-59803.343988	-117936.655037	-88099.065494	-112342.572193
-3955.163533	-5224.563804	-5815.633335	-5717.933860	-130822.033384	-113956.703419	-122435.547106	-140206.234480
1242.377012	-5452.439839	-4583.202849	-5393.945324	-59660.337527	-117688.103639	-89370.611533	-111684.648595
-5274.922284	-5801.104701	-5807.921983	-5708.590830	-130815.037288	-113947.941535	-122428.282789	-140199.171328
-6080.434451	-5702.600563	-5922.720542	-5737.715153	-59825.718084	-118005.856038	-87747.405499	-112529.276315
-6034.479265	-6254.576892	-5795.539116	-5705.550993	-130812.735058	-113944.544070	-122425.734690	-140196.846747
-448.375994	-5495.221078	-4880.704568	-5451.322252	-59698.693120	-117739.713817	-89085.850309	-111824.145833
-3338.590662	-4900.128233	-5823.098817	-5719.498482	-130823.083916	-113958.826835	-122437.201135	-140208.134378
-6000.079930	-6235.935537	-5797.394311	-5707.719112	-130814.769067	-113946.242803	-122427.299312	-140198.076093
-328.369478	-5493.209421	-4861.839695	-5447.813028	-59697.866106	-117736.226944	-89108.604384	-111813.729920
-3360.182447	-4907.593716	-5822.763541	-5719.342019	-130822.972157	-113958.245690	-122436.709396	-140207.061494
-3159.061451	-5585.611532	-5387.396263	-5578.593085	-59743.374257	-117858.490987	-88526.095572	-112132.577554
-6475.725052	-6529.369239	-5795.606172	-5704.947496	-130813.360907	-113943.918221	-122426.092318	-140196.958506
-5017.318430	-5650.856274	-5743.034869	-5664.490839	-59803.343988	-117936.655037	-88099.065494	-112342.572193
-3955.163533	-5224.563804	-5815.633335	-5717.933860	-130822.033384	-113956.703419	-122435.547106	-140206.234480
1242.377012	-5452.439839	-4583.202849	-5393.945324	-59660.337527	-117688.103639	-89370.611533	-111684.648595
-5274.922284	-5801.104701	-5807.921983	-5708.590830	-130815.037288	-113947.941535	-122428.282789	-140199.171328
-6080.434451	-5702.600563	-5922.720542	-5737.715153	-59825.718084	-118005.856038	-87747.405499	-112529.276315
-6034.479265	-6254.576892	-5795.539116	-5705.550993	-130812.735058	-113944.544070	-122425.734690	-140196.846747
-448.375994	-5495.221078	-4880.704568	-5451.322252	-59698.693120	-117739.713817	-89085.850309	-111824.145833
-3338.590662	-4900.128233	-5823.098817	-5719.498482	-130823.083916	-113958.826835	-122437.201135	-140208.134378
-3034.741048	-5582.526992	-5363.189323	-5574.055681	-59741.653173	-117855.026466	-88554.906971	-112120.261743
-6469.533619	-6524.876538	-5796.768462	-5705.886269	-130814.098515	-113945.147567	-122427.254609	-140198.768997
-5099.036407	-5655.125458	-5757.541151	-5670.257589	-59806.003845	-117942.690008	-88076.601991	-112356.117351
-4008.226574	-5250.760049	-5816.639163	-5719.297316	-130823.195675	-113958.200986	-122437.134080	-140208.313192
1299.686885	-5454.607958	-4573.233971	-5395.487594	-59662.997384	-117690.450572	-89383.240269	-111683.866284
-5223.222700	-5776.875410	-5813.509919	-5713.977601	-130820.088782	-113953.551823	-122433.870725	-140205.295706
-6060.563750	-5707.205022	-5923.882833	-5741.961985	-59830.076674	-118010.728718	-87761.531801	-112531.757359
-6074.019500	-6279.499087	-5800.411797	-5710.468377	-130817.518332	-113949.617916	-122430.920295	-140202.591145
-569.969484	-5500.853717	-4905.671466	-5458.295996	-59703.208173	-117746.978134	-89065.890201	-111838.652115
-3320.373991	-4892.238068	-5822.629431	-5718.805578	-130822.011032	-113958.111579	-122436.642341	-140208.067323
-2906.531442	-5578.391919	-5339.071791	-5568.400689	-59738.747446	-117850.354952	-88582.936058	-112106.694234
-6462.246950	-6519.288602	-5798.288381	-5706.914450	-130814.992585	-113946.265155	-122428.551010	-140200.355971
-6469.533619	-6524.876538	-5796.768462	-5705.886269	-130814.098515	-113945.147567	-122427.254609	-140198.768997
-5099.036407	-5655.125458	-5757.541151	-5670.257589	-59806.003845	-117942.690008	-88076.601991	-112356.117351
-4008.226574	-5250.760049	-5816.639163	-5719.297316	-130823.195675	-113958.200986	-122437.134080	-140208.313192
1299.686885	-5454.607958	-4573.233971	-5395.487594	-59662.997384	-117690.450572	-89383.240269	-111683.866284
-5223.222700	-5776.875410	-5813.509919	-5713.977601	-130820.088782	-113953.551823	-122433.870725	-140205.295706
-6060.563750	-5707.205022	-5923.882833	-5741.961985	-59830.076674	-118010.728718	-87761.531801	-112531.757359
-6074.019500	-6279.499087	-5800.411797	-5710.468377	-130817.518332	-113949.617916	-122430.920295	-140202.591145
-569.969484	-5500.853717	-4905.671466	-5458.295996	-59703.208173	-117746.978134	-89065.890201	-111838.652115
-3320.373991	-4892.238068	-5822.629431	-5718.805578	-130822.011032	-113958.111579	-122436.642341	-140208.067323
-2906.531442	-5578.391919	-5339.071791	-5568.400689	-59738.747446	-117850.354952	-88582.936058	-112106.694234
-6462.246950	-6519.288602	-5798.288381	-5706.914450	-130814.992585	-113946.265155	-122428.551010	-140200.355971
-5178.005121	-5658.433516	-5771.354529	-5674.884400	-59807.791985	-117947.517985	-88054.451412	-112368.477865
-4061.468430	-5276.889238	-5816.147425	-5718.738522	-130822.435715	-113957.753951	-122436.843507	-140208.514358
1347.206694	-5454.295034	-4569.233009	-5394.571173	-59663.399716	-117690.294110	-89392.762112	-111681.005261
-5168.282112	-5749.539226	-5815.320410	-5715.452816	-130821.206370	-113955.071742	-122435.412995	-140207.329715
-6034.658079	-5706.400359	-5920.083036	-5740.576177	-59829.540232	-118010.371090	-87771.813604	-112528.359893
-6106.742454	-6298.721588	-5799.830651	-5710.088397	-130816.847779	-113949.237937	-122430.652074	-140202.814663
-695.228660	-5504.720569	-4930.034868	-5463.392194	-59706.113899	-117752.320200	-89044.164305	-111851.258499
-3302.112615	-4888.326512	-5823.657611	-5720.124331	-130822.905102	-113959.340925	-122437.983446	-140209.810759
-2779.417071	-5573.474535	-5314.060189	-5561.762221	-59735.439388	-117844.834071	-88610.249890	-112092.143249
-6452.725107	-6511.845471	-5797.193145	-5705.863918	-130813.495018	-113945.125216	-122427.545181	-140199.908936
-5257.644386	-5661.361594	-5785.279666	-5679.086528	-59809.602476	-117951.988334	-88032.457296	-112380.123124
-4122.086361	-5306.058265	-5814.359285	-5717.240956	-130820.826390	-113956.234033	-122435.569457	-140207.866157
1379.013226	-5451.210493	-4569.322416	-5391.084300	-59661.298652	-117687.410735	-89398.707676	-111675.730249
-5114.749684	-5722.024229	-5814.024009	-5714.111711	-130819.574692	-113953.887099	-122434.295408	-140206.726218
-5168.282112	-5749.539226	-5815.320410	-5715.452816	-130821.206370	-113955.071742	-122435.412995	-140207.329715
-6034.658079	-5706.400359	-5920.083036	-5740.576177	-59829.540232	-118010.371090	-87771.813604	-112528.359893
-6106.742454	-6298.721588	-5799.830651	-5710.088397	-130816.847779	-113949.237937	-122430.652074	-140202.814663
-695.228660	-5504.720569	-4930.034868	-5463.392194	-59706.113899	-117752.320200	-89044.164305	-111851.258499
-3302.112615	-4888.326512	-5823.657611	-5720.124331	-130822.905102	-113959.340925	-122437.983446	-140209.810759
-2779.417071	-5573.474535	-5314.060189	-5561.762221	-59735.439388	-117844.834071	-88610.249890	-112092.143249
-6452.725107	-6511.845471	-5797.193145	-5705.863918	-130813.495018	-113945.125216	-122427.545181	-140199.908936
-5257.644386	-5661.361594	-5785.279666	-5679.086528	-59809.602476	-117951.988334	-88032.457296	-112380.123124
-4122.086361	-5306.058265	-5814.359285	-5717.240956	-130820.826390	-113956.234033	-122435.569457	-140207.866157
1379.013226	-5451.210493	-4569.322416	-5391.084300	-59661.298652	-117687.410735	-89398.707676	-111675.730249
-5114.749684	-5722.024229	-5814.024009	-5714.111711	-130819.574692	-113953.887099	-122434.295408	-140206.726218
-6008.171261	-5703.986371	-5915.255060	-5737.983374	-59828.087369	-118008.292378	-87781.402502	-112523.509565
-6138.996022	-6317.094721	-5798.087215	-5708.724941	-130815.327861	-113947.986239	-122429.601542	-140202.322924
-829.205016	-5507.335723	-4959.092135	-5467.527266	-59708.304370	-117756.567032	-89020.493808	-111863.171978
-3297.038769	-4887.767719	-5822.897652	-5719.632592	-130822.279253	-113958.983297	-122437.692873	-140210.146035
-2658.248265	-5568.266579	-5291.909610	-5555.235512	-59732.332496	-117839.290838	-88637.653129	-112077.771077
-6441.303365	-6502.301276	-5794.667398	-5703.360522	-130810.790457	-113942.822986	-122425.332359	-140198.143148
-5332.813303	-5661.942740	-5796.947276	-5681.120536	-59809.446014	-117954.245860	-88008.742095	-112389.577912
-4184.090100	-5335.294346	-5810.961820	-5714.245822	-130817.719497	-113953.484768	-122432.931952	-140205.698038
1406.729389	-5446.628385	-4569.702395	-5386.301027	-59657.834131	-117683.208607	-89402.127493	-111669.382354
-5057.775087	-5692.184650	-5810.671247	-5710.714246	-130815.797247	-113950.556690	-122430.987350	-140203.954602
-5976.252970	-5699.963057	-5907.923687	-5733.423618	-59824.600497	-118004.447878	-87790.723180	-112516.021730
-6169.573208	-6335.244338	-5797.170794	-5707.942630	-130814.389087	-113947.338038	-122429.109803	-140202.322924
-961.795564	-5512.208404	-4987.992941	-5473.584589	-59712.484147	-117763.071390	-88998.343229	-111877.432391
-3292.613124	-4890.852259	-5823.948184	-5720.593717	-130823.128620	-113960.145588	-122439.033978	-140211.889471
-3297.038769	-4887.767719	-5822.897652	-5719.632592	-130822.279253	-113958.983297	-122437.692873	-140210.146035
-2658.248265	-5568.266579	-5291.909610	-5555.235512	-59732.332496	-117839.290838	-88637.653129	-112077.771077
-6441.303365	-6502.301276	-5794.667398	-5703.360522	-130810.790457	-113942.822986	-122425.332359	-140198.143148
-5332.813303	-5661.942740	-5796.947276	-5681.120536	-59809.446014	-117954.245860	-88008.742095	-112389.577912
-4184.090100	-5335.294346	-5810.961820	-5714.245822	-130817.719497	-113953.484768	-122432.931952	-140205.698038
1406.729389	-5446.628385	-4569.702395	-5386.301027	-59657.834131	-117683.208607	-89402.127493	-111669.382354
-5057.775087	-5692.184650	-5810.671247	-5710.714246	-130815.797247	-113950.556690	-122430.987350	-140203.954602
-5976.252970	-5699.963057	-5907.923687	-5733.423618	-59824.600497	-118004.447878	-87790.723180	-112516.021730
-6169.573208	-6335.244338	-5797.170794	-5707.942630	-130814.389087	-113947.338038	-122429.109803	-140202.322924
-961.795564	-5512.208404	-4987.992941	-5473.584589	-59712.484147	-117763.071390	-88998.343229	-111877.432391
-3292.613124	-4890.852259	-5823.948184	-5720.593717	-130823.128620	-113960.145588	-122439.033978	-140211.889471
-2535.425429	-5565.740832	-5270.966026	-5550.698108	-59731.505481	-117835.982780	-88666.822155	-112065.589376
-6433.524958	-6497.249782	-5797.506070	-5706.199194	-130813.472666	-113945.795768	-122428.260437	-140201.786483
-5406.372894	-5669.117650	-5812.638201	-5689.167164	-59815.637447	-117962.650116	-87992.715894	-112404.553581
-4241.467028	-5365.536256	-5814.068712	-5717.844453	-130821.161666	-113957.128102	-122436.865859	-140209.989573
1432.724468	-5449.131781	-4565.589674	-5388.379739	-59661.410411	-117686.091982	-89411.291708	-111670.231720
-5003.080368	-5666.055461	-5812.794663	-5712.971772	-130817.652442	-113952.747161	-122433.334283	-140206.592108
-5946.122819	-5699.650133	-5903.855670	-5732.596604	-59825.136939	-118004.380823	-87803.642488	-112512.490155
-6198.675179	-6353.013975	-5797.953105	-5708.948458	-130815.171399	-113948.477977	-122430.406205	-140204.066360
-1089.155804	-5515.158834	-5011.104645	-5478.144345	-59714.786376	-117767.541738	-88974.985656	-111889.234112
-3279.269133	-4882.984445	-5821.243622	-5718.023267	-130820.245245	-113957.821007	-122436.597638	-140210.101331
-2409.763921	-5559.236474	-5245.038002	-5542.852645	-59726.856318	-117829.120794	-88691.654943	-112049.786693
-6419.733932	-6486.140965	-5795.717930	-5704.120482	-130811.215140	-113944.119387	-122426.584056	-140200.512433
-5468.846019	-5669.207057	-5821.131864	-5690.642380	-59814.989247	-117964.482959	-87971.034702	-112412.555505
-4294.418310	-5389.586734	-5809.955992	-5713.731732	-130816.825428	-113953.350658	-122433.066062	-140206.770922
-4241.467028	-5365.536256	-5814.068712	-5717.844453	-130821.161666	-113957.128102	-122436.865859	-140209.989573
1432.724468	-5449.131781	-4565.589674	-5388.379739	-59661.410411	-117686.091982	-89411.291708	-111670.231720
-5003.080368	-5666.055461	-5812.794663	-5712.971772	-130817.652442	-113952.747161	-122433.334283	-140206.592108
-5946.122819	-5699.650133	-5903.855670	-5732.596604	-59825.136939	-118004.380823	-87803.642488	-112512.490155
-6198.675179	-6353.013975	-5797.953105	-5708.948458	-130815.171399	-113948.477977	-122430.406205	-140204.066360
-1089.155804	-5515.158834	-5011.104645	-5478.144345	-59714.786376	-117767.541738	-88974.985656	-111889.234112
-3279.269133	-4882.984445	-5821.243622	-5718.023267	-130820.245245	-113957.821007	-122436.597638	-140210.101331
-2409.763921	-5559.236474	-5245.038002	-5542.852645	-59726.856318	-117829.120794	-88691.654943	-112049.786693
-6419.733932	-6486.140965	-5795.717930	-5704.120482	-130811.215140	-113944.119387	-122426.584056	-140200.512433
-5468.846019	-5669.207057	-5821.131864	-5690.642380	-59814.989247	-117964.482959	-87971.034702	-112412.555505
-4294.418310	-5389.586734	-5809.955992	-5713.731732	-130816.825428	-113953.350658	-122433.066062	-140206.770922
1459.188933	-5444.639080	-4560.649939	-5383.417652	-59657.655318	-117681.867502	-89412.565757	-111664.241453
-4944.630557	-5637.199359	-5812.124111	-5711.809482	-130816.311338	-113952.009553	-122432.551972	-140206.435645
-5910.672952	-5698.554897	-5898.290086	-5730.853168	-59824.689904	-118003.576160	-87817.232349	-112507.438661
-6223.955002	-6368.101402	-5797.103738	-5708.099092	-130814.366736	-113947.896832	-122430.026225	-140204.133416
-1211.263384	-5517.617526	-5030.729476	-5481.810031	-59716.283943	-117771.565052	-88950.398737	-111900.834668
-3261.074813	-4874.893114	-5821.757713	-5718.582060	-130820.625224	-113958.558614	-122437.536411	-140211.375381
-2276.972208	-5555.995471	-5218.707647	-5537.912910	-59725.336400	-117825.231591	-88720.242825	-112037.068550
-6407.820452	-6477.759061	-5797.193145	-5705.394531	-130812.422134	-113945.684009	-122428.349844	-140202.635849
-5534.761314	-5674.347958	-5834.520559	-5696.677351	-59819.169023	-117970.987316	-87954.002673	-112425.519517
-4353.292805	-5417.861690	-5812.079407	-5716.011610	-130819.306471	-113955.921108	-122435.994141	-140210.011925
1480.087814	-5447.142476	-4557.900674	-5385.697530	-59660.762210	-117684.750877	-89419.897130	-111665.582557
-4884.794937	-5607.873870	-5814.515747	-5713.999953	-130818.479457	-113954.401190	-122435.234181	-140209.341372
-5870.640978	-5695.313894	-5890.131699	-5726.718095	-59822.119453	-118000.446916	-87829.302291	-112500.219047
-6248.296052	-6382.250057	-5794.622695	-5705.886269	-130812.064506	-113945.885175	-122428.215734	-140202.635849
-6223.955002	-6368.101402	-5797.103738	-5708.099092	-130814.366736	-113947.896832	-122430.026225	-140204.133416
-1211.263384	-5517.617526	-5030.729476	-5481.810031	-59716.283943	-117771.565052	-88950.398737	-111900.834668
-3261.074813	-4874.893114	-5821.757713	-5718.582060	-130820.625224	-113958.558614	-122437.536411	-140211.375381
-2276.972208	-5555.995471	-5218.707647	-5537.912910	-59725.336400	-117825.231591	-88720.242825	-112037.068550
-6407.820452	-6477.759061	-5797.193145	-5705.394531	-130812.422134	-113945.684009	-122428.349844	-140202.635849
-5534.761314	-5674.347958	-5834.520559	-5696.677351	-59819.169023	-117970.987316	-87954.002673	-112425.519517
-4353.292805	-5417.861690	-5812.079407	-5716.011610	-130819.306471	-113955.921108	-122435.994141	-140210.011925
1480.087814	-5447.142476	-4557.900674	-5385.697530	-59660.762210	-117684.750877	-89419.897130	-111665.582557
-4884.794937	-5607.873870	-5814.515747	-5713.999953	-130818.479457	-113954.401190	-122435.234181	-140209.341372
-5870.640978	-5695.313894	-5890.131699	-5726.718095	-59822.119453	-118000.446916	-87829.302291	-112500.219047
-6248.296052	-6382.250057	-5794.622695	-5705.886269	-130812.064506	-113945.885175	-122428.215734	-140202.635849
-1344.479781	-5521.663192	-5056.098706	-5487.129746	-59719.301429	-117777.197692	-88925.677708	-111914.379825
-3254.816324	-4874.423727	-5822.584727	-5719.610240	-130821.474590	-113959.698553	-122438.788109	-140213.029410
-2144.001680	-5551.145142	-5192.220830	-5531.095628	-59722.005990	-117819.710710	-88746.997863	-112022.606972
-6390.140222	-6463.498648	-5793.058073	-5701.393569	-130808.130599	-113941.705399	-122424.415937	-140199.216032
-5592.115890	-5673.632702	-5841.270785	-5696.699702	-59817.403235	-117971.613165	-87932.410888	-112432.135633
-4411.966135	-5445.287281	-5808.301962	-5712.681200	-130815.685489	-113952.545995	-122432.663731	-140207.329715
1489.810823	-5442.538016	-4555.330223	-5380.578981	-59656.783599	-117680.481694	-89418.623080	-111660.218139
-4825.160483	-5577.095518	-5809.911288	-5709.484900	-130813.562073	-113949.953192	-122430.652074	-140205.429817
-5828.284422	-5689.614199	-5879.939303	-5720.169034	-59817.246773	-117994.702517	-87840.455811	-112490.227817
-6271.273645	-6395.415234	-5791.158174	-5702.846432	-130808.935262	-113942.912393	-122425.421765	-140200.400674
-1479.551372	-5523.540738	-5080.842087	-5490.348398	-59720.419016	-117780.729268	-88898.922670	-111926.092139
-3253.966958	-4874.356672	-5820.416608	-5717.620935	-130819.373526	-113957.798655	-122436.999969	-140211.688305
-2021.402362	-5545.981889	-5168.572684	-5524.412456	-59718.764987	-117814.011015	-88772.747072	-112008.279503
-6378.338501	-6455.496723	-5794.868564	-5703.204060	-130809.784628	-113943.650001	-122426.427594	-140201.741779
-2144.001680	-5551.145142	-5192.220830	-5531.095628	-59722.005990	-117819.710710	-88746.997863	-112022.606972
-6390.140222	-6463.498648	-5793.058073	-5701.393569	-130808.130599	-113941.705399	-122424.415937	-140199.216032
-5592.115890	-5673.632702	-5841.270785	-5696.699702	-59817.403235	-117971.613165	-87932.410888	-112432.135633
-4411.966135	-5445.287281	-5808.301962	-5712.681200	-130815.685489	-113952.545995	-122432.663731	-140207.329715
1489.810823	-5442.538016	-4555.330223	-5380.578981	-59656.783599	-117680.481694	-89418.623080	-111660.218139
-4825.160483	-5577.095518	-5809.911288	-5709.484900	-130813.562073	-113949.953192	-122430.652074	-140205.429817
-5828.284422	-5689.614199	-5879.939303	-5720.169034	-59817.246773	-117994.702517	-87840.455811	-112490.227817
-6271.273645	-6395.415234	-5791.158174	-5702.846432	-130808.935262	-113942.912393	-122425.421765	-140200.400674
-1479.551372	-5523.540738	-5080.842087	-5490.348398	-59720.419016	-117780.729268	-88898.922670	-111926.092139
-3253.966958	-4874.356672	-5820.416608	-5717.620935	-130819.373526	-113957.798655	-122436.999969	-140211.688305
-2021.402362	-5545.981889	-5168.572684	-5524.412456	-59718.764987	-117814.011015	-88772.747072	-112008.279503
-6378.338501	-6455.496723	-5794.868564	-5703.204060	-130809.784628	-113943.650001	-122426.427594	-140201.741779
-5654.387850	-5679.511211	-5855.039460	-5703.785205	-59822.834709	-117978.877482	-87918.418696	-112445.569032
-4474.998054	-5476.445612	-5810.783006	-5715.653982	-130818.501808	-113955.675239	-122435.994141	-140211.017753
1499.131501	-5445.510798	-4556.268997	-5383.618818	-59660.672803	-117683.901511	-89424.367478	-111663.079162
-4769.012900	-5549.915797	-5811.498262	-5710.937764	-130814.769067	-113951.584870	-122432.373158	-140207.530881
-5785.994921	-5687.624894	-5873.032614	-5717.777397	-59816.643276	-117993.003785	-87856.102032	-112483.812867
-6296.374654	-6411.732007	-5791.873430	-5703.919316	-130809.784628	-113944.119387	-122426.740518	-140202.211166
-1614.712371	-5527.809921	-5107.597125	-5496.696293	-59724.196461	-117786.965404	-88874.402806	-111940.531366
-3250.748307	-4872.970864	-5819.835463	-5717.240956	-130818.725326	-113957.463379	-122436.821155	-140212.045933
-1887.649523	-5541.265671	-5143.203454	-5518.444540	-59716.283943	-117809.004224	-88799.904442	-111994.354367
-6360.658271	-6442.353897	-5793.482756	-5701.974714	-130808.264710	-113942.420655	-122425.377062	-140201.138282
-5705.260420	-5678.751252	-5861.342652	-5704.411054	-59821.739474	-117979.883311	-87898.145664	-112452.051038
-4530.005697	-5501.077235	-5806.245602	-5711.585964	-130814.322032	-113951.607222	-122431.970827	-140207.575584
1503.624201	-5442.158036	-4553.430325	-5380.489574	-59658.571739	-117681.532226	-89423.026374	-111659.994621
1499.131501	-5445.510798	-4556.268997	-5383.618818	-59660.672803	-117683.901511	-89424.367478	-111663.079162
-4769.012900	-5549.915797	-5811.498262	-5710.937764	-130814.769067	-113951.584870	-122432.373158	-140207.530881
-5785.994921	-5687.624894	-5873.032614	-5717.777397	-59816.643276	-117993.003785	-87856.102032	-112483.812867
-6296.374654	-6411.732007	-5791.873430	-5703.919316	-130809.784628	-113944.119387	-122426.740518	-140202.211166
-1614.712371	-5527.809921	-5107.597125	-5496.696293	-59724.196461	-117786.965404	-88874.402806	-111940.531366
-3250.748307	-4872.970864	-5819.835463	-5717.240956	-130818.725326	-113957.463379	-122436.821155	-140212.045933
-1887.649523	-5541.265671	-5143.203454	-5518.444540	-59716.283943	-117809.004224	-88799.904442	-111994.354367
-6360.658271	-6442.353897	-5793.482756	-5701.974714	-130808.264710	-113942.420655	-122425.377062	-140201.138282
-5705.260420	-5678.751252	-5861.342652	-5704.411054	-59821.739474	-117979.883311	-87898.145664	-112452.051038
-4530.005697	-5501.077235	-5806.245602	-5711.585964	-130814.322032	-113951.607222	-122431.970827	-140207.575584
1503.624201	-5442.158036	-4553.430325	-5380.489574	-59658.571739	-117681.532226	-89423.026374	-111659.994621
-4708.506728	-5521.350267	-5812.682904	-5712.100054	-130815.707840	-113952.747161	-122433.490745	-140209.229613
-5739.369183	-5686.596714	-5866.282388	-5716.548051	-59817.045607	-117992.601453	-87873.871669	-112478.448448
-6316.670038	-6424.628964	-5791.694616	-5703.807557	-130809.427000	-113944.052332	-122426.718167	-140202.837015
-1739.993899	-5530.469779	-5127.870158	-5501.345456	-59726.521042	-117791.793381	-88848.608893	-111953.495378
-3238.477199	-4867.628797	-5821.444788	-5718.827929	-130820.044079	-113959.206815	-122438.542239	-140214.191701
-1753.047318	-5540.773933	-5118.303611	-5516.991677	-59718.027379	-117808.668948	-88831.062774	-111985.346614
-6348.096591	-6435.156636	-5800.680018	-5708.680237	-130814.791419	-113949.372047	-122432.395510	-140208.424951
-5759.105773	-5686.484955	-5875.044271	-5713.642325	-59829.048494	-117989.561616	-87887.819158	-112467.093762
-4586.868535	-5528.927508	-5810.604192	-5715.810444	-130818.658271	-113956.010515	-122436.597638	-140212.671782
1509.279193	-5444.661432	-4550.256377	-5383.462356	-59662.058611	-117685.175560	-89427.295557	-111663.034459
-4646.480637	-5489.722549	-5815.119244	-5713.821139	-130817.406573	-113954.848225	-122435.569457	-140211.822416
-5688.138984	-5684.428595	-5857.520504	-5714.134063	-59816.017427	-117990.992128	-87890.858995	-112471.765276
-6337.166588	-6437.816493	-5793.192183	-5704.835737	-130810.633994	-113945.415788	-122428.238085	-140204.692209
-1869.477554	-5534.113113	-5152.881760	-5507.000447	-59729.404417	-117797.627186	-88823.239663	-111967.688735
-1739.993899	-5530.469779	-5127.870158	-5501.345456	-59726.521042	-117791.793381	-88848.608893	-111953.495378
-3238.477199	-4867.628797	-5821.444788	-5718.827929	-130820.044079	-113959.206815	-122438.542239	-140214.191701
-1753.047318	-5540.773933	-5118.303611	-5516.991677	-59718.027379	-117808.668948	-88831.062774	-111985.346614
-6348.096591	-6435.156636	-5800.680018	-5708.680237	-130814.791419	-113949.372047	-122432.395510	-140208.424951
-5759.105773	-5686.484955	-5875.044271	-5713.642325	-59829.048494	-117989.561616	-87887.819158	-112467.093762
-4586.868535	-5528.927508	-5810.604192	-5715.810444	-130818.658271	-113956.010515	-122436.597638	-140212.671782
1509.279193	-5444.661432	-4550.256377	-5383.462356	-59662.058611	-117685.175560	-89427.295557	-111663.034459
-4646.480637	-5489.722549	-5815.119244	-5713.821139	-130817.406573	-113954.848225	-122435.569457	-140211.822416
-5688.138984	-5684.428595	-5857.520504	-5714.134063	-59816.017427	-117990.992128	-87890.858995	-112471.765276
-6337.166588	-6437.816493	-5793.192183	-5704.835737	-130810.633994	-113945.415788	-122428.238085	-140204.692209
-1869.477554	-5534.113113	-5152.881760	-5507.000447	-59729.404417	-117797.627186	-88823.239663	-111967.688735
-3237.113742	-4865.371271	-5819.679000	-5716.771569	-130817.987718	-113957.396323	-122436.821155	-140212.962355
-1620.367363	-5533.308450	-5091.436814	-5508.475662	-59712.350036	-117801.091707	-88854.085070	-111969.387468
-6326.281288	-6418.705752	-5798.757768	-5706.042732	-130812.153913	-113947.025114	-122430.070928	-140206.636811
-5802.334047	-5686.194382	-5880.565152	-5714.804615	-59827.975610	-117991.103886	-87869.781300	-112474.112210
-4645.787733	-5556.576616	-5807.318486	-5712.368275	-130815.081992	-113952.925974	-122433.535449	-140210.011925
1504.875899	-5440.302842	-4552.200979	-5379.528449	-59658.281166	-117681.800447	-89422.177007	-111660.151083
-4587.092052	-5461.134668	-5813.599326	-5711.742426	-130815.014936	-113952.903623	-122433.714263	-140210.235442
-5633.488969	-5681.075833	-5847.395163	-5710.334266	-59813.558735	-117988.175808	-87905.879367	-112464.031573
-6356.992585	-6451.272243	-5795.405006	-5706.556822	-130812.377430	-113947.293335	-122430.361501	-140207.217956
-1997.217774	-5541.958575	-5180.284998	-5516.768159	-59736.378161	-117807.663120	-88800.709105	-111986.464201
-3243.372231	-4872.568533	-5825.691620	-5722.538319	-130823.754468	-113963.341887	-122442.833774	-140219.489064
-1490.123748	-5533.487264	-5069.599160	-5507.447482	-59714.339341	-117801.359928	-88882.427082	-111961.676116
-6309.137500	-6407.552231	-5802.311695	-5708.791996	-130814.880826	-113949.953192	-122433.110766	-140210.101331
-5847.015184	-5690.620028	-5889.885830	-5720.504310	-59831.618945	-117997.362375	-87855.185611	-112485.712765
-6326.281288	-6418.705752	-5798.757768	-5706.042732	-130812.153913	-113947.025114	-122430.070928	-140206.636811
-5802.334047	-5686.194382	-5880.565152	-5714.804615	-59827.975610	-117991.103886	-87869.781300	-112474.112210
-4645.787733	-5556.576616	-5807.318486	-5712.368275	-130815.081992	-113952.925974	-122433.535449	-140210.011925
1504.875899	-5440.302842	-4552.200979	-5379.528449	-59658.281166	-117681.800447	-89422.177007	-111660.151083
-4587.092052	-5461.134668	-5813.599326	-5711.742426	-130815.014936	-113952.903623	-122433.714263	-140210.235442
-5633.488969	-5681.075833	-5847.395163	-5710.334266	-59813.558735	-117988.175808	-87905.879367	-112464.031573
-6356.992585	-6451.272243	-5795.405006	-5706.556822	-130812.377430	-113947.293335	-122430.361501	-140207.217956
-1997.217774	-5541.958575	-5180.284998	-5516.768159	-59736.378161	-117807.663120	-88800.709105	-111986.464201
-3243.372231	-4872.568533	-5825.691620	-5722.538319	-130823.754468	-113963.341887	-122442.833774	-140219.489064
-1490.123748	-5533.487264	-5069.599160	-5507.447482	-59714.339341	-117801.359928	-88882.427082	-111961.676116
-6309.137500	-6407.552231	-5802.311695	-5708.791996	-130814.880826	-113949.953192	-122433.110766	-140210.101331
-5847.015184	-5690.620028	-5889.885830	-5720.504310	-59831.618945	-117997.362375	-87855.185611	-112485.712765
-4705.601001	-5586.505602	-5809.240736	-5714.022304	-130816.937186	-113954.758818	-122435.658864	-140212.627079
1494.124710	-5440.615766	-4553.162104	-5380.243704	-59659.286995	-117683.275662	-89420.031240	-111662.207444
-4531.458560	-5434.357278	-5813.353457	-5711.071874	-130814.143218	-113952.277774	-122433.311931	-140210.280145
-5577.475497	-5677.276036	-5836.509864	-5706.042732	-59810.854174	-117985.068915	-87920.139780	-112455.739076
-6373.421117	-6461.621101	-5794.533288	-5705.305124	-130811.081029	-113946.421617	-122429.579190	-140206.860329
-2125.963822	-5543.254977	-5205.408359	-5520.009162	-59736.802845	-117811.239399	-88771.249505	-111998.668253
-3252.759964	-4880.011663	-5821.713009	-5718.470301	-130819.641747	-113959.519739	-122439.168088	-140216.248061
-1361.601217	-5524.457160	-5043.447619	-5497.322142	-59707.075024	-117792.352175	-88901.336658	-111944.755846
-6283.544753	-6388.374435	-5797.774291	-5703.762854	-130809.695221	-113945.236974	-122428.327492	-140205.899204
-5881.906257	-5687.736653	-5891.696321	-5718.693819	-59827.908555	-117996.222436	-87835.024337	-112489.221989
-4761.435659	-5613.707675	-5806.960858	-5711.943592	-130814.813771	-113952.925974	-122433.893077	-140211.353029
1481.473622	-5441.822760	-4554.927892	-5381.830678	-59661.008079	-117685.488485	-89418.153693	-111665.023764
-4478.082595	-5410.619725	-5815.789797	-5713.351752	-130816.378393	-113954.870576	-122435.725920	-140213.275279
-4531.458560	-5434.357278	-5813.353457	-5711.071874	-130814.143218	-113952.277774	-122433.311931	-140210.280145
-5577.475497	-5677.276036	-5836.509864	-5706.042732	-59810.854174	-117985.068915	-87920.139780	-112455.739076
-6373.421117	-6461.621101	-5794.533288	-5705.305124	-130811.081029	-113946.421617	-122429.579190	-140206.860329
-2125.963822	-5543.254977	-5205.408359	-5520.009162	-59736.802845	-117811.239399	-88771.249505	-111998.668253
-3252.759964	-4880.011663	-5821.713009	-5718.470301	-130819.641747	-113959.519739	-122439.168088	-140216.248061
-1361.601217	-5524.457160	-5043.447619	-5497.322142	-59707.075024	-117792.352175	-88901.336658	-111944.755846
-6283.544753	-6388.374435	-5797.774291	-5703.762854	-130809.695221	-113945.236974	-122428.327492	-140205.899204
-5881.906257	-5687.736653	-5891.696321	-5718.693819	-59827.908555	-117996.222436	-87835.024337	-112489.221989
-4761.435659	-5613.707675	-5806.960858	-5711.943592	-130814.813771	-113952.925974	-122433.893077	-140211.353029
1481.473622	-5441.822760	-4554.927892	-5381.830678	-59661.008079	-117685.488485	-89418.153693	-111665.023764
-4478.082595	-5410.619725	-5815.789797	-5713.351752	-130816.378393	-113954.870576	-122435.725920	-140213.275279
-5517.326953	-5674.057385	-5825.602213	-5702.153528	-59808.484889	-117982.297299	-87937.104754	-112446.932488
-6386.787461	-6469.533619	-5792.052244	-5702.824080	-130808.555282	-113943.985277	-122427.276960	-140205.072189
-2250.753611	-5544.529026	-5224.407342	-5522.981944	-59737.071066	-117814.770974	-88741.454630	-112010.425271
-3252.022356	-4879.072890	-5821.444788	-5718.403246	-130819.418230	-113959.609146	-122439.324551	-140216.873910
-1226.976660	-5521.216157	-5016.402008	-5492.829441	-59705.711568	-117789.267634	-88927.219978	-111932.864718
-6262.042375	-6374.158725	-5800.389445	-5706.176842	-130811.997451	-113947.740370	-122430.875591	-140208.916689
-5922.675839	-5692.676388	-5900.882888	-5724.617031	-59832.177738	-118002.905608	-87823.759058	-112500.129640
-4820.354857	-5641.177969	-5809.017218	-5714.178767	-130817.093649	-113955.339963	-122436.418824	-140214.325811
1464.419241	-5442.739182	-4554.682023	-5382.970617	-59662.483294	-117687.455438	-89415.739705	-111667.437752
-4415.609469	-5379.081414	-5816.393294	-5713.821139	-130816.758372	-113955.563480	-122436.463527	-140214.482273
-5452.439839	-5670.257589	-5813.219346	-5697.683179	-59805.802680	-117978.743372	-87954.784984	-112437.164776
-6400.220859	-6478.116689	-5791.828727	-5702.712322	-130808.398820	-113944.029980	-122427.366367	-140205.720390
-2374.604627	-5549.133485	-5247.966081	-5529.128674	-59740.602641	-117821.185925	-88716.264214	-112025.155070
-3249.586016	-4875.921294	-5820.818939	-5718.157377	-130819.194713	-113959.430332	-122439.279847	-140217.276241
-3252.022356	-4879.072890	-5821.444788	-5718.403246	-130819.418230	-113959.609146	-122439.324551	-140216.873910
-1226.976660	-5521.216157	-5016.402008	-5492.829441	-59705.711568	-117789.267634	-88927.219978	-111932.864718
-6262.042375	-6374.158725	-5800.389445	-5706.176842	-130811.997451	-113947.740370	-122430.875591	-140208.916689
-5922.675839	-5692.676388	-5900.882888	-5724.617031	-59832.177738	-118002.905608	-87823.759058	-112500.129640
-4820.354857	-5641.177969	-5809.017218	-5714.178767	-130817.093649	-113955.339963	-122436.418824	-140214.325811
1464.419241	-5442.739182	-4554.682023	-5382.970617	-59662.483294	-117687.455438	-89415.739705	-111667.437752
-4415.609469	-5379.081414	-5816.393294	-5713.821139	-130816.758372	-113955.563480	-122436.463527	-140214.482273
-5452.439839	-5670.257589	-5813.219346	-5697.683179	-59805.802680	-117978.743372	-87954.784984	-112437.164776
-6400.220859	-6478.116689	-5791.828727	-5702.712322	-130808.398820	-113944.029980	-122427.366367	-140205.720390
-2374.604627	-5549.133485	-5247.966081	-5529.128674	-59740.602641	-117821.185925	-88716.264214	-112025.155070
-3249.586016	-4875.921294	-5820.818939	-5718.157377	-130819.194713	-113959.430332	-122439.279847	-140217.276241
-1094.341409	-5515.583517	-4988.909362	-5485.520421	-59701.420033	-117782.986794	-88950.689310	-111918.336084
-6234.482674	-6354.377431	-5798.243677	-5703.762854	-130809.516407	-113945.549899	-122428.774527	-140207.173253
-5949.408525	-5689.457737	-5901.061702	-5722.091284	-59828.020314	-118000.782192	-87807.218767	-112501.917780
-4867.718204	-5661.272187	-5802.892840	-5708.412016	-130811.393954	-113949.707323	-122431.054405	-140209.274317
1450.471753	-5439.699345	-4551.843351	-5379.997835	-59659.532864	-117684.907339	-89409.727086	-111665.716668
-4350.968224	-5347.207826	-5814.135768	-5711.541261	-130814.478494	-113953.462416	-122434.362463	-140212.716486
-5381.674216	-5665.027280	-5798.646009	-5691.245877	-59801.377034	-117973.222491	-87973.001656	-112425.340703
-6410.122682	-6483.883439	-5789.705311	-5700.477147	-130806.364811	-113942.085378	-122425.511172	-140204.200471
-2493.717074	-5548.597044	-5265.400441	-5530.223910	-59738.725095	-117822.281161	-88687.341057	-112034.185175
-3243.863969	-4868.679329	-5813.956954	-5711.518909	-130812.578596	-113952.993030	-122432.931952	-140211.330677
-962.555523	-5504.340590	-4956.476981	-5472.846982	-59691.629969	-117771.319183	-88968.503650	-111898.375976
-6202.899659	-6330.841044	-5792.365169	-5697.973752	-130803.704954	-113939.917259	-122423.074832	-140202.010000
-5978.242276	-5688.630723	-5903.185118	-5721.688953	-59826.209822	-118001.005709	-87794.232404	-112505.404652
-4920.401266	-5685.277961	-5802.445805	-5708.412016	-130811.617471	-113949.953192	-122431.322626	-140210.146035
-4867.718204	-5661.272187	-5802.892840	-5708.412016	-130811.393954	-113949.707323	-122431.054405	-140209.274317
1450.471753	-5439.699345	-4551.843351	-5379.997835	-59659.532864	-117684.907339	-89409.727086	-111665.716668
-4350.968224	-5347.207826	-5814.135768	-5711.541261	-130814.478494	-113953.462416	-122434.362463	-140212.716486
-5381.674216	-5665.027280	-5798.646009	-5691.245877	-59801.377034	-117973.222491	-87973.001656	-112425.340703
-6410.122682	-6483.883439	-5789.705311	-5700.477147	-130806.364811	-113942.085378	-122425.511172	-140204.200471
-2493.717074	-5548.597044	-5265.400441	-5530.223910	-59738.725095	-117822.281161	-88687.341057	-112034.185175
-3243.863969	-4868.679329	-5813.956954	-5711.518909	-130812.578596	-113952.993030	-122432.931952	-140211.330677
-962.555523	-5504.340590	-4956.476981	-5472.846982	-59691.629969	-117771.319183	-88968.503650	-111898.375976
-6202.899659	-6330.841044	-5792.365169	-5697.973752	-130803.704954	-113939.917259	-122423.074832	-140202.010000
-5978.242276	-5688.630723	-5903.185118	-5721.688953	-59826.209822	-118001.005709	-87794.232404	-112505.404652
-4920.401266	-5685.277961	-5802.445805	-5708.412016	-130811.617471	-113949.953192	-122431.322626	-140210.146035
1423.470846	-5441.465132	-4551.306909	-5381.651864	-59661.365707	-117687.276624	-89407.290746	-111668.801209
-4291.490232	-5317.725875	-5815.342762	-5713.016476	-130815.841951	-113955.161149	-122436.016492	-140214.884605
-5314.708390	-5663.417955	-5787.581895	-5688.362502	-59800.348854	-117971.277889	-87994.928717	-112416.377654
-6423.198452	-6492.913543	-5788.900648	-5700.231278	-130806.208349	-113941.973620	-122425.511172	-140204.736913
-2624.988869	-5553.939111	-5290.657913	-5536.728267	-59742.614298	-117829.187850	-88661.837716	-112049.339658
-3260.247798	-4880.458698	-5817.287364	-5715.385761	-130816.601910	-113957.284565	-122437.245838	-140216.136302
-844.873589	-5507.514537	-4937.925033	-5474.121031	-59696.212077	-117773.889634	-88999.416113	-111892.653929
-6183.118365	-6320.089855	-5797.394311	-5703.181708	-130809.091724	-113945.594602	-122428.752175	-140207.977916
-6013.446273	-5692.385816	-5910.985876	-5726.025191	-59829.204956	-118005.587817	-87784.889374	-112513.540687
-4982.762633	-5716.615107	-5800.702369	-5707.272077	-130810.589291	-113949.170881	-122430.696777	-140209.721352
1377.292142	-5442.493313	-4563.332148	-5383.015321	-59662.662108	-117688.841246	-89401.814568	-111672.288081
-4243.992775	-5297.095215	-5815.141596	-5712.949421	-130815.886654	-113955.362315	-122436.284713	-140215.510454
-5254.224569	-5661.406298	-5777.702424	-5685.300313	-59799.901819	-117969.176825	-88015.246453	-112408.219267
-6439.090543	-6504.737616	-5790.286456	-5701.862955	-130807.907082	-113943.918221	-122427.567533	-140207.217956
-6423.198452	-6492.913543	-5788.900648	-5700.231278	-130806.208349	-113941.973620	-122425.511172	-140204.736913
-2624.988869	-5553.939111	-5290.657913	-5536.728267	-59742.614298	-117829.187850	-88661.837716	-112049.339658
-3260.247798	-4880.458698	-5817.287364	-5715.385761	-130816.601910	-113957.284565	-122437.245838	-140216.136302
-844.873589	-5507.514537	-4937.925033	-5474.121031	-59696.212077	-117773.889634	-88999.416113	-111892.653929
-6183.118365	-6320.089855	-5797.394311	-5703.181708	-130809.091724	-113945.594602	-122428.752175	-140207.977916
-6013.446273	-5692.385816	-5910.985876	-5726.025191	-59829.204956	-118005.587817	-87784.889374	-112513.540687
-4982.762633	-5716.615107	-5800.702369	-5707.272077	-130810.589291	-113949.170881	-122430.696777	-140209.721352
1377.292142	-5442.493313	-4563.332148	-5383.015321	-59662.662108	-117688.841246	-89401.814568	-111672.288081
-4243.992775	-5297.095215	-5815.141596	-5712.949421	-130815.886654	-113955.362315	-122436.284713	-140215.510454
-5254.224569	-5661.406298	-5777.702424	-5685.300313	-59799.901819	-117969.176825	-88015.246453	-112408.219267
-6439.090543	-6504.737616	-5790.286456	-5701.862955	-130807.907082	-113943.918221	-122427.567533	-140207.217956
-2761.960359	-5560.130544	-5321.905651	-5544.618433	-59748.045772	-117837.145071	-88636.669652	-112066.371687
-3289.372121	-4896.931934	-5817.287364	-5716.033961	-130817.160704	-113958.133931	-122438.117556	-140217.343297
-737.607567	-5504.340590	-4922.748199	-5469.583627	-59694.982731	-117770.223948	-89021.946671	-111882.036851
-6160.520752	-6305.874146	-5798.623657	-5704.746330	-130810.499884	-113947.203928	-122430.450908	-140210.056628
-6048.426753	-5697.526717	-5920.127740	-5731.881348	-59834.368209	-118012.047471	-87776.842746	-112524.090710
-5051.270729	-5752.556712	-5803.921020	-5711.116578	-130814.456143	-113953.171844	-122434.787146	-140214.482273
1322.798589	-5445.153170	-4578.397224	-5386.099861	-59666.081925	-117692.551636	-89395.913708	-111678.479514
-4199.333990	-5277.962122	-5813.644029	-5711.742426	-130814.500846	-113954.334134	-122435.323588	-140214.862253
-5186.565839	-5656.533618	-5763.821991	-5679.511211	-59796.683168	-117964.371200	-88032.323185	-112397.244560
-6450.735802	-6513.544203	-5790.062939	-5702.019418	-130808.041192	-113944.208794	-122428.081623	-140207.955564
-2887.711273	-5565.405555	-5346.157294	-5551.681584	-59752.784342	-117844.319981	-88611.345126	-112082.241426
-3307.566441	-4909.650077	-5816.974439	-5715.855147	-130817.071297	-113958.066876	-122438.162260	-140217.745628
-624.977127	-5499.624371	-4900.530565	-5464.018043	-59692.367577	-117765.530081	-89042.085593	-111870.413944
-6132.089333	-6287.188087	-5796.857869	-5702.801729	-130808.421172	-113945.371085	-122428.662768	-140208.626116
-6160.520752	-6305.874146	-5798.623657	-5704.746330	-130810.499884	-113947.203928	-122430.450908	-140210.056628
-6048.426753	-5697.526717	-5920.127740	-5731.881348	-59834.368209	-118012.047471	-87776.842746	-112524.090710
-5051.270729	-5752.556712	-5803.921020	-5711.116578	-130814.456143	-113953.171844	-122434.787146	-140214.482273
1322.798589	-5445.153170	-4578.397224	-5386.099861	-59666.081925	-117692.551636	-89395.913708	-111678.479514
-4199.333990	-5277.962122	-5813.644029	-5711.742426	-130814.500846	-113954.334134	-122435.323588	-140214.862253
-5186.565839	-5656.533618	-5763.821991	-5679.511211	-59796.683168	-117964.371200	-88032.323185	-112397.244560
-6450.735802	-6513.544203	-5790.062939	-5702.019418	-130808.041192	-113944.208794	-122428.081623	-140207.955564
-2887.711273	-5565.405555	-5346.157294	-5551.681584	-59752.784342	-117844.319981	-88611.345126	-112082.241426
-3307.566441	-4909.650077	-5816.974439	-5715.855147	-130817.071297	-113958.066876	-122438.162260	-140217.745628
-624.977127	-5499.624371	-4900.530565	-5464.018043	-59692.367577	-117765.530081	-89042.085593	-111870.413944
-6132.089333	-6287.188087	-5796.857869	-5702.801729	-130808.421172	-113945.371085	-122428.662768	-140208.626116
-6070.890256	-5696.096205	-5921.491196	-5731.099037	-59832.624773	-118011.846305	-87764.303418	-112526.907030
-5106.077207	-5778.708253	-5801.283515	-5708.702589	-130812.131561	-113950.914317	-122432.708434	-140212.649430
1279.056225	-5445.667260	-4585.348616	-5387.016283	-59666.864236	-117694.004499	-89388.627039	-111682.100497
-4148.930806	-5256.772668	-5814.985134	-5713.083531	-130815.663137	-113955.675239	-122436.731748	-140216.560986
-5113.900317	-5654.343147	-5751.752049	-5676.404318	-59795.766746	-117962.001915	-88054.809040	-112388.080345
-6460.727031	-6520.585003	-5790.040587	-5701.930011	-130807.996489	-113944.298201	-122428.059271	-140208.402599
-3016.144397	-5568.624207	-5372.778222	-5556.531913	-59755.019516	-117849.259716	-88584.925364	-112095.697176
-3329.381744	-4921.027115	-5816.572108	-5715.698685	-130816.847779	-113957.955117	-122438.117556	-140218.237366
-511.251451	-5496.830403	-4883.520887	-5459.726508	-59691.205286	-117762.222023	-89066.247829	-111859.573348
-6103.881431	-6269.440802	-5797.751939	-5703.628743	-130809.114076	-113946.354562	-122429.556838	-140210.056628
-6095.454823	-5698.219621	-5926.743856	-5733.714191	-59834.368209	-118014.662625	-87758.536668	-112532.360856
-5159.497876	-5806.022084	-5800.344741	-5708.322609	-130811.751582	-113950.534338	-122432.373158	-140212.761189
1225.769666	-5445.555502	-4597.463262	-5387.195097	-59667.087754	-117694.496238	-89381.586240	-111684.335671
-4094.727825	-5233.862130	-5813.442864	-5711.697723	-130814.098515	-113954.267079	-122435.278885	-140215.622212
1279.056225	-5445.667260	-4585.348616	-5387.016283	-59666.864236	-117694.004499	-89388.627039	-111682.100497
-4148.930806	-5256.772668	-5814.985134	-5713.083531	-130815.663137	-113955.675239	-122436.731748	-140216.560986
-5113.900317	-5654.343147	-5751.752049	-5676.404318	-59795.766746	-117962.001915	-88054.809040	-112388.080345
-6460.727031	-6520.585003	-5790.040587	-5701.930011	-130807.996489	-113944.298201	-122428.059271	-140208.402599
-3016.144397	-5568.624207	-5372.778222	-5556.531913	-59755.019516	-117849.259716	-88584.925364	-112095.697176
-3329.381744	-4921.027115	-5816.572108	-5715.698685	-130816.847779	-113957.955117	-122438.117556	-140218.237366
-511.251451	-5496.830403	-4883.520887	-5459.726508	-59691.205286	-117762.222023	-89066.247829	-111859.573348
-6103.881431	-6269.440802	-5797.751939	-5703.628743	-130809.114076	-113946.354562	-122429.556838	-140210.056628
-6095.454823	-5698.219621	-5926.743856	-5733.714191	-59834.368209	-118014.662625	-87758.536668	-112532.360856
-5159.497876	-5806.022084	-5800.344741	-5708.322609	-130811.751582	-113950.534338	-122432.373158	-140212.761189
1225.769666	-5445.555502	-4597.463262	-5387.195097	-59667.087754	-117694.496238	-89381.586240	-111684.335671
-4094.727825	-5233.862130	-5813.442864	-5711.697723	-130814.098515	-113954.267079	-122435.278885	-140215.622212
-5040.854817	-5650.006908	-5738.005726	-5670.682272	-59792.928075	-117957.129235	-88077.071378	-112376.032755
-6467.410203	-6525.502387	-5788.095985	-5700.477147	-130806.342459	-113942.733579	-122426.673463	-140207.620288
-3136.016802	-5571.328768	-5394.861745	-5560.532875	-59756.941766	-117853.439492	-88560.070224	-112107.588304
-3341.272872	-4929.185501	-5815.409817	-5715.184595	-130816.177227	-113957.396323	-122437.715225	-140218.170311
-401.146758	-5491.801261	-4863.717242	-5453.155095	-59688.076042	-117756.701142	-89087.951373	-111846.542281
-6072.410175	-6249.480694	-5796.209669	-5702.421749	-130807.705916	-113945.058160	-122428.349844	-140209.162558
-6118.767693	-5700.611258	-5931.974164	-5736.463456	-59836.849253	-118017.993035	-87754.178077	-112537.859385
-5217.880633	-5835.191111	-5800.970590	-5709.708418	-130812.846817	-113951.786036	-122433.803670	-140214.616384
1165.777584	-5447.075420	-4610.986067	-5388.871478	-59669.010004	-117696.664357	-89374.992475	-111689.096593
-4047.878569	-5212.583269	-5813.532271	-5712.077703	-130814.322032	-113954.691762	-122435.904734	-140216.628041
-4963.987167	-5646.788257	-5724.728790	-5666.144868	-59791.206991	-117953.575308	-88100.518358	-112365.326269
-6476.596770	-6532.587890	-5788.252448	-5700.812423	-130806.834198	-113943.314724	-122427.478126	-140208.626116
-3260.963054	-5578.414271	-5421.348562	-5568.959483	-59763.088496	-117862.156673	-88537.629072	-112124.955609
-3136.016802	-5571.328768	-5394.861745	-5560.532875	-59756.941766	-117853.439492	-88560.070224	-112107.588304
-3341.272872	-4929.185501	-5815.409817	-5715.184595	-130816.177227	-113957.396323	-122437.715225	-140218.170311
-401.146758	-5491.801261	-4863.717242	-5453.155095	-59688.076042	-117756.701142	-89087.951373	-111846.542281
-6072.410175	-6249.480694	-5796.209669	-5702.421749	-130807.705916	-113945.058160	-122428.349844	-140209.162558
-6118.767693	-5700.611258	-5931.974164	-5736.463456	-59836.849253	-118017.993035	-87754.178077	-112537.859385
-5217.880633	-5835.191111	-5800.970590	-5709.708418	-130812.846817	-113951.786036	-122433.803670	-140214.616384
1165.777584	-5447.075420	-4610.986067	-5388.871478	-59669.010004	-117696.664357	-89374.992475	-111689.096593
-4047.878569	-5212.583269	-5813.532271	-5712.077703	-130814.322032	-113954.691762	-122435.904734	-140216.628041
-4963.987167	-5646.788257	-5724.728790	-5666.144868	-59791.206991	-117953.575308	-88100.518358	-112365.326269
-6476.596770	-6532.587890	-5788.252448	-5700.812423	-130806.834198	-113943.314724	-122427.478126	-140208.626116
-3260.963054	-5578.414271	-5421.348562	-5568.959483	-59763.088496	-117862.156673	-88537.629072	-112124.955609
-3369.190200	-4945.882254	-5817.265012	-5717.419769	-130818.412401	-113959.743257	-122440.218620	-140221.076038
-292.584335	-5490.817784	-4847.087544	-5450.495237	-59688.187800	-117754.913003	-89111.532463	-111838.026266
-6043.598776	-6232.068686	-5797.483718	-5703.718150	-130808.957614	-113946.600431	-122429.825059	-140211.174215
-6135.755019	-5699.672484	-5932.778827	-5735.658793	-59835.195224	-118017.769518	-87745.684415	-112540.027504
-5272.977683	-5860.873265	-5795.919096	-5704.992200	-130808.376468	-113947.449797	-122429.534486	-140210.727180
1103.997362	-5447.321289	-4621.491387	-5389.139699	-59668.853541	-117697.469020	-89363.391920	-111693.008148
-4009.657086	-5199.261629	-5814.001657	-5712.569441	-130814.858474	-113955.518777	-122436.597638	-140217.745628
-4885.264323	-5644.798952	-5711.407150	-5662.523885	-59790.156459	-117950.982505	-88123.518303	-112355.670316
-6484.889267	-6539.114599	-5788.118337	-5701.192403	-130807.057715	-113943.828814	-122427.902809	-140209.520186
-3381.751881	-5581.387053	-5442.962699	-5573.183962	-59764.541359	-117866.492911	-88509.287060	-112137.919621
-3398.470986	-4961.349662	-5815.588631	-5716.458644	-130817.495980	-113959.028001	-122439.413958	-140220.584300
-187.307619	-5489.856659	-4830.480198	-5448.103601	-59688.858353	-117753.706009	-89132.744269	-111830.024341
-6016.687276	-6217.182424	-5801.462329	-5707.719112	-130813.047983	-113950.959021	-122434.228353	-140215.845730
-6159.827847	-5707.629705	-5942.770057	-5743.772476	-59842.973631	-118026.643160	-87745.304435	-112550.935155
-6135.755019	-5699.672484	-5932.778827	-5735.658793	-59835.195224	-118017.769518	-87745.684415	-112540.027504
-5272.977683	-5860.873265	-5795.919096	-5704.992200	-130808.376468	-113947.449797	-122429.534486	-140210.727180
1103.997362	-5447.321289	-4621.491387	-5389.139699	-59668.853541	-117697.469020	-89363.391920	-111693.008148
-4009.657086	-5199.261629	-5814.001657	-5712.569441	-130814.858474	-113955.518777	-122436.597638	-140217.745628
-4885.264323	-5644.798952	-5711.407150	-5662.523885	-59790.156459	-117950.982505	-88123.518303	-112355.670316
-6484.889267	-6539.114599	-5788.118337	-5701.192403	-130807.057715	-113943.828814	-122427.902809	-140209.520186
-3381.751881	-5581.387053	-5442.962699	-5573.183962	-59764.541359	-117866.492911	-88509.287060	-112137.919621
-3398.470986	-4961.349662	-5815.588631	-5716.458644	-130817.495980	-113959.028001	-122439.413958	-140220.584300
-187.307619	-5489.856659	-4830.480198	-5448.103601	-59688.858353	-117753.706009	-89132.744269	-111830.024341
-6016.687276	-6217.182424	-5801.462329	-5707.719112	-130813.047983	-113950.959021	-122434.228353	-140215.845730
-6159.827847	-5707.629705	-5942.770057	-5743.772476	-59842.973631	-118026.643160	-87745.304435	-112550.935155
-5334.847311	-5894.579696	-5802.825785	-5712.457682	-130816.043117	-113955.094094	-122437.335245	-140219.042029
1039.177303	-5454.317385	-4636.958794	-5396.493423	-59676.028451	-117705.448592	-89357.736928	-111704.094613
-3966.652330	-5180.799089	-5817.913213	-5716.749217	-130818.837085	-113959.855015	-122440.822117	-140222.439494
-4806.362665	-5645.469504	-5700.588906	-5662.032147	-59792.302226	-117951.317781	-88149.222809	-112348.696571
-6495.863974	-6548.390573	-5792.745148	-5705.998028	-130811.796285	-113948.701495	-122432.864896	-140214.862253
-3502.317190	-5590.372454	-5470.880028	-5583.510468	-59772.476229	-117877.109990	-88487.382351	-112156.918604
-3429.852835	-4980.169830	-5818.896689	-5719.967868	-130820.826390	-113962.604280	-122443.146699	-140224.652317
-78.611085	-5488.359092	-4814.968087	-5444.884949	-59688.679539	-117751.560241	-89153.710205	-111821.418920
-5982.779680	-6196.261191	-5801.663494	-5707.897926	-130812.869169	-113950.959021	-122434.295408	-140216.359820
-6171.897789	-5708.322609	-5944.044106	-5744.465380	-59842.861872	-118027.760747	-87739.738851	-112553.907937
-5386.055158	-5919.948926	-5801.887012	-5711.742426	-130815.193750	-113954.468245	-122436.776452	-140218.796160
975.430128	-5455.770249	-4645.519512	-5398.482728	-59677.078983	-117707.393194	-89346.695166	-111709.324921
-3917.545547	-5159.788449	-5817.689695	-5716.615107	-130818.390050	-113959.609146	-122440.643303	-140222.595957
-4715.435769	-5641.401487	-5683.042786	-5656.332452	-59789.262389	-117946.601563	-88172.312161	-112336.224298
-3966.652330	-5180.799089	-5817.913213	-5716.749217	-130818.837085	-113959.855015	-122440.822117	-140222.439494
-4806.362665	-5645.469504	-5700.588906	-5662.032147	-59792.302226	-117951.317781	-88149.222809	-112348.696571
-6495.863974	-6548.390573	-5792.745148	-5705.998028	-130811.796285	-113948.701495	-122432.864896	-140214.862253
-3502.317190	-5590.372454	-5470.880028	-5583.510468	-59772.476229	-117877.109990	-88487.382351	-112156.918604
-3429.852835	-4980.169830	-5818.896689	-5719.967868	-130820.826390	-113962.604280	-122443.146699	-140224.652317
-78.611085	-5488.359092	-4814.968087	-5444.884949	-59688.679539	-117751.560241	-89153.710205	-111821.418920
-5982.779680	-6196.261191	-5801.663494	-5707.897926	-130812.869169	-113950.959021	-122434.295408	-140216.359820
-6171.897789	-5708.322609	-5944.044106	-5744.465380	-59842.861872	-118027.760747	-87739.738851	-112553.907937
-5386.055158	-5919.948926	-5801.887012	-5711.742426	-130815.193750	-113954.468245	-122436.776452	-140218.796160
975.430128	-5455.770249	-4645.519512	-5398.482728	-59677.078983	-117707.393194	-89346.695166	-111709.324921
-3917.545547	-5159.788449	-5817.689695	-5716.615107	-130818.390050	-113959.609146	-122440.643303	-140222.595957
-4715.435769	-5641.401487	-5683.042786	-5656.332452	-59789.262389	-117946.601563	-88172.312161	-112336.224298
-6500.021398	-6551.542169	-5792.946314	-5706.109787	-130811.818637	-113948.992067	-122433.066062	-140215.532805
-3617.003991	-5595.826280	-5491.242467	-5590.238344	-59776.499543	-117883.882568	-88463.086005	-112171.983680
-3445.655518	-4985.713063	-5820.774236	-5722.113636	-130822.949806	-113964.794751	-122445.337170	-140227.401582
31.895939	-5488.426148	-4793.577468	-5443.700307	-59689.998292	-117751.023799	-89176.643095	-111813.953437
-5947.687441	-6175.921103	-5804.993904	-5711.004819	-130815.730192	-113954.289431	-122437.469356	-140219.891396
-6182.380758	-5710.267211	-5946.413391	-5746.588796	-59844.337087	-118030.286495	-87737.011938	-112557.327754
-5433.574967	-5943.418258	-5802.736378	-5712.815310	-130816.199579	-113955.541129	-122437.938742	-140220.405486
913.448741	-5459.547694	-4652.314443	-5402.528394	-59680.543504	-117711.975302	-89337.776820	-111716.700997
-3861.487372	-5133.636908	-5819.679000	-5718.269136	-130819.842913	-113961.330230	-122442.386740	-140224.808779
-4619.233861	-5638.160484	-5665.586074	-5651.638586	-59787.295435	-117942.757063	-88197.010839	-112323.796728
-6500.893116	-6551.564521	-5791.359340	-5704.411054	-130809.963442	-113947.181576	-122431.434385	-140214.258756
-3723.375943	-5596.385073	-5507.291020	-5592.227649	-59775.739583	-117885.983632	-88433.782868	-112181.773744
-3455.736155	-4987.724720	-5817.622640	-5719.118502	-130819.775858	-113961.866672	-122442.431443	-140224.808779
-3445.655518	-4985.713063	-5820.774236	-5722.113636	-130822.949806	-113964.794751	-122445.337170	-140227.401582
31.895939	-5488.426148	-4793.577468	-5443.700307	-59689.998292	-117751.023799	-89176.643095	-111813.953437
-5947.687441	-6175.921103	-5804.993904	-5711.004819	-130815.730192	-113954.289431	-122437.469356	-140219.891396
-6182.380758	-5710.267211	-5946.413391	-5746.588796	-59844.337087	-118030.286495	-87737.011938	-112557.327754
-5433.574967	-5943.418258	-5802.736378	-5712.815310	-130816.199579	-113955.541129	-122437.938742	-140220.405486
913.448741	-5459.547694	-4652.314443	-5402.528394	-59680.543504	-117711.975302	-89337.776820	-111716.700997
-3861.487372	-5133.636908	-5819.679000	-5718.269136	-130819.842913	-113961.330230	-122442.386740	-140224.808779
-4619.233861	-5638.160484	-5665.586074	-5651.638586	-59787.295435	-117942.757063	-88197.010839	-112323.796728
-6500.893116	-6551.564521	-5791.359340	-5704.411054	-130809.963442	-113947.181576	-122431.434385	-140214.258756
-3723.375943	-5596.385073	-5507.291020	-5592.227649	-59775.739583	-117885.983632	-88433.782868	-112181.773744
-3455.736155	-4987.724720	-5817.622640	-5719.118502	-130819.775858	-113961.866672	-122442.431443	-140224.808779
148.415583	-5483.642874	-4768.901142	-5437.642984	-59686.511420	-117745.771139	-89195.217394	-111801.481164
-5906.962562	-6151.781219	-5805.552698	-5711.429502	-130816.043117	-113954.602355	-122438.050501	-140220.740762
-6189.555668	-5711.295391	-5948.000365	-5747.795790	-59845.007640	-118031.985227	-87734.799115	-112559.473522
-5478.837249	-5964.853581	-5801.685846	-5711.921240	-130815.305509	-113954.691762	-122437.357597	-140220.092561
847.622853	-5460.844095	-4662.059803	-5404.450644	-59681.549332	-117714.098717	-89326.153913	-111721.864250
-3807.597316	-5106.926573	-5820.483663	-5719.140854	-130820.647576	-113962.246652	-122443.325513	-140226.038125
-4524.574223	-5635.590033	-5649.224597	-5647.682327	-59785.954331	-117939.761929	-88222.424772	-112312.777318
-6504.894078	-6555.029041	-5793.348645	-5706.288601	-130811.997451	-113949.282640	-122433.691911	-140216.806855
-3830.709020	-5601.928306	-5529.531006	-5599.156690	-59780.098174	-117893.046784	-88410.805274	-112196.660006
-3478.557286	-4997.358322	-5817.890861	-5719.342019	-130820.066431	-113962.246652	-122443.012588	-140225.635794
249.557227	-5479.328988	-4751.466781	-5432.166807	-59683.493934	-117741.211383	-89210.975374	-111790.752326
-5864.784821	-6125.026181	-5802.423454	-5707.741464	-130812.332727	-113951.160187	-122434.429519	-140217.611518
-6193.288409	-5708.859051	-5946.011060	-5745.560616	-59842.504244	-118030.398253	-87728.518275	-112558.668859
-5527.049962	-5987.808822	-5799.942410	-5710.088397	-130813.450314	-113952.903623	-122435.681216	-140218.840864
-5478.837249	-5964.853581	-5801.685846	-5711.921240	-130815.305509	-113954.691762	-122437.357597	-140220.092561
847.622853	-5460.844095	-4662.059803	-5404.450644	-59681.549332	-117714.098717	-89326.153913	-111721.864250
-3807.597316	-5106.926573	-5820.483663	-5719.140854	-130820.647576	-113962.246652	-122443.325513	-140226.038125
-4524.574223	-5635.590033	-5649.224597	-5647.682327	-59785.954331	-117939.761929	-88222.424772	-112312.777318
-6504.894078	-6555.029041	-5793.348645	-5706.288601	-130811.997451	-113949.282640	-122433.691911	-140216.806855
-3830.709020	-5601.928306	-5529.531006	-5599.156690	-59780.098174	-117893.046784	-88410.805274	-112196.660006
-3478.557286	-4997.358322	-5817.890861	-5719.342019	-130820.066431	-113962.246652	-122443.012588	-140225.635794
249.557227	-5479.328988	-4751.466781	-5432.166807	-59683.493934	-117741.211383	-89210.975374	-111790.752326
-5864.784821	-6125.026181	-5802.423454	-5707.741464	-130812.332727	-113951.160187	-122434.429519	-140217.611518
-6193.288409	-5708.859051	-5946.011060	-5745.560616	-59842.504244	-118030.398253	-87728.518275	-112558.668859
-5527.049962	-5987.808822	-5799.942410	-5710.088397	-130813.450314	-113952.903623	-122435.681216	-140218.840864
766.821297	-5458.832438	-4674.599132	-5402.863670	-59679.023585	-117712.981130	-89307.669021	-111724.948791
-3762.782069	-5085.692416	-5815.990963	-5714.290525	-130815.663137	-113957.530434	-122438.698702	-140221.701887
-4425.779513	-5627.521053	-5627.386943	-5638.048725	-59778.757069	-117931.111804	-88239.792078	-112296.527600
-6503.418863	-6552.838570	-5789.682959	-5702.153528	-130807.705916	-113945.281678	-122429.802707	-140213.252927
-3939.271443	-5604.386998	-5547.881788	-5602.978838	-59780.880485	-117896.958339	-88381.546841	-112209.154631
-3510.252060	-5014.233889	-5816.102721	-5717.553880	-130818.211236	-113960.503216	-122441.269152	-140224.540558
344.440382	-5474.053976	-4733.250109	-5425.483635	-59678.844771	-117735.198764	-89223.469999	-111779.352937
-5826.049248	-6102.249754	-5801.976419	-5706.869746	-130811.259843	-113950.422579	-122433.781318	-140217.231538
-6197.512889	-5709.529604	-5946.547502	-5746.097058	-59841.990154	-118031.314675	-87724.338499	-112560.881682
-5574.860343	-6012.351038	-5799.093044	-5709.127272	-130812.511541	-113952.121312	-122435.189478	-140218.706753
688.545488	-5462.140496	-4688.121937	-5406.998742	-59681.661091	-117717.138555	-89294.325029	-111733.643619
-3721.990135	-5068.414517	-5816.214480	-5714.067008	-130815.327861	-113957.396323	-122438.721053	-140222.081867
-4329.264680	-5622.603669	-5608.410312	-5631.946699	-59774.957272	-117925.769737	-88261.808546	-112283.720050
-6504.894078	-6553.933806	-5788.990055	-5701.080644	-130806.677736	-113944.365256	-122429.109803	-140213.029410
-4425.779513	-5627.521053	-5627.386943	-5638.048725	-59778.757069	-117931.111804	-88239.792078	-112296.527600
-6503.418863	-6552.838570	-5789.682959	-5702.153528	-130807.705916	-113945.281678	-122429.802707	-140213.252927
-3939.271443	-5604.386998	-5547.881788	-5602.978838	-59780.880485	-117896.958339	-88381.546841	-112209.154631
-3510.252060	-5014.233889	-5816.102721	-5717.553880	-130818.211236	-113960.503216	-122441.269152	-140224.540558
344.440382	-5474.053976	-4733.250109	-5425.483635	-59678.844771	-117735.198764	-89223.469999	-111779.352937
-5826.049248	-6102.249754	-5801.976419	-5706.869746	-130811.259843	-113950.422579	-122433.781318	-140217.231538
-6197.512889	-5709.529604	-5946.547502	-5746.097058	-59841.990154	-118031.314675	-87724.338499	-112560.881682
-5574.860343	-6012.351038	-5799.093044	-5709.127272	-130812.511541	-113952.121312	-122435.189478	-140218.706753
688.545488	-5462.140496	-4688.121937	-5406.998742	-59681.661091	-117717.138555	-89294.325029	-111733.643619
-3721.990135	-5068.414517	-5816.214480	-5714.067008	-130815.327861	-113957.396323	-122438.721053	-140222.081867
-4329.264680	-5622.603669	-5608.410312	-5631.946699	-59774.957272	-117925.769737	-88261.808546	-112283.720050
-6504.894078	-6553.933806	-5788.990055	-5701.080644	-130806.677736	-113944.365256	-122429.109803	-140213.029410
-4045.598691	-5607.628001	-5567.372509	-5608.007980	-59782.847438	-117901.965130	-88355.238838	-112222.722140
-3547.311252	-5034.037534	-5816.885032	-5718.269136	-130819.127657	-113961.464341	-122442.520850	-140226.172236
435.099058	-5473.696348	-4722.364810	-5424.611917	-59680.074117	-117735.064654	-89242.603093	-111774.055573
-5788.565372	-6081.484983	-5803.742207	-5708.210851	-130812.578596	-113951.853091	-122435.323588	-140219.265547
-6201.536203	-5710.222508	-5947.866255	-5747.482866	-59843.063038	-118033.236925	-87724.137333	-112563.698001
-5625.442341	-6039.173131	-5800.657666	-5710.848357	-130814.232625	-113953.998858	-122437.178783	-140221.008983
599.965525	-5466.700252	-4704.863394	-5412.743141	-59686.287902	-117723.128822	-89282.523308	-111744.461864
-3691.122376	-5058.669157	-5821.176567	-5718.939688	-130820.267596	-113962.648983	-122443.929010	-140227.736858
-4237.242548	-5624.794140	-5595.982742	-5632.930175	-59778.868828	-117927.736691	-88292.519843	-112277.886245
-6511.376084	-6560.214646	-5794.153308	-5706.199194	-130811.706878	-113949.617916	-122434.474222	-140218.706753
-4154.921073	-5615.071132	-5589.523088	-5616.926326	-59789.374148	-117911.084641	-88333.356480	-112240.111797
-3582.068215	-5050.644881	-5818.740227	-5720.280793	-130820.982852	-113963.587757	-122444.733673	-140228.720335
527.367059	-5471.908208	-4703.723455	-5421.706190	-59679.560027	-117733.052997	-89260.193915	-111766.433628
-3547.311252	-5034.037534	-5816.885032	-5718.269136	-130819.127657	-113961.464341	-122442.520850	-140226.172236
435.099058	-5473.696348	-4722.364810	-5424.611917	-59680.074117	-117735.064654	-89242.603093	-111774.055573
-5788.565372	-6081.484983	-5803.742207	-5708.210851	-130812.578596	-113951.853091	-122435.323588	-140219.265547
-6201.536203	-5710.222508	-5947.866255	-5747.482866	-59843.063038	-118033.236925	-87724.137333	-112563.698001
-5625.442341	-6039.173131	-5800.657666	-5710.848357	-130814.232625	-113953.998858	-122437.178783	-140221.008983
599.965525	-5466.700252	-4704.863394	-5412.743141	-59686.287902	-117723.128822	-89282.523308	-111744.461864
-3691.122376	-5058.669157	-5821.176567	-5718.939688	-130820.267596	-113962.648983	-122443.929010	-140227.736858
-4237.242548	-5624.794140	-5595.982742	-5632.930175	-59778.868828	-117927.736691	-88292.519843	-112277.886245
-6511.376084	-6560.214646	-5794.153308	-5706.199194	-130811.706878	-113949.617916	-122434.474222	-140218.706753
-4154.921073	-5615.071132	-5589.523088	-5616.926326	-59789.374148	-117911.084641	-88333.356480	-112240.111797
-3582.068215	-5050.644881	-5818.740227	-5720.280793	-130820.982852	-113963.587757	-122444.733673	-140228.720335
527.367059	-5471.908208	-4703.723455	-5421.706190	-59679.560027	-117733.052997	-89260.193915	-111766.433628
-5745.851188	-6056.696899	-5803.183413	-5707.517947	-130811.684526	-113951.450759	-122434.898905	-140219.153788
-6198.742235	-5707.674409	-5944.737011	-5744.800656	-59840.358477	-118031.180564	-87721.075144	-112561.731048
-5667.351862	-6058.060355	-5795.919096	-5706.221545	-130809.784628	-113949.707323	-122432.887248	-140217.231538
513.978364	-5464.845057	-4715.905156	-5411.536147	-59684.119783	-117722.234752	-89264.664264	-111748.105198
-3649.749297	-5037.144427	-5815.745093	-5713.508214	-130814.545550	-113957.195158	-122438.586943	-140222.864178
-4129.775361	-5614.892318	-5570.904085	-5621.553137	-59770.352813	-117917.387833	-88312.122323	-112259.334297
-6506.235183	-6554.783172	-5789.280628	-5701.348865	-130806.722439	-113944.856995	-122429.668597	-140214.437570
-4249.893635	-5614.154710	-5602.352989	-5617.216899	-59787.183677	-117911.844601	-88305.685020	-112248.516053
-3609.270288	-5058.825619	-5813.487567	-5715.519871	-130816.020765	-113958.782132	-122440.039806	-140224.428800
618.115141	-5466.633197	-4684.143327	-5415.380647	-59675.290844	-117727.554468	-89273.984942	-111755.570681
-5701.594734	-6030.388895	-5802.468157	-5706.713284	-130810.589291	-113950.623745	-122434.071891	-140218.818512
-6194.584810	-5706.892098	-5943.194740	-5743.951290	-59839.263241	-118030.957047	-87722.304490	-112561.149902
-5709.060217	-6078.176925	-5793.929791	-5704.679275	-130808.063544	-113948.187405	-122431.568495	-140216.248061
-6198.742235	-5707.674409	-5944.737011	-5744.800656	-59840.358477	-118031.180564	-87721.075144	-112561.731048
-5667.351862	-6058.060355	-5795.919096	-5706.221545	-130809.784628	-113949.707323	-122432.887248	-140217.231538
513.978364	-5464.845057	-4715.905156	-5411.536147	-59684.119783	-117722.234752	-89264.664264	-111748.105198
-3649.749297	-5037.144427	-5815.745093	-5713.508214	-130814.545550	-113957.195158	-122438.586943	-140222.864178
-4129.775361	-5614.892318	-5570.904085	-5621.553137	-59770.352813	-117917.387833	-88312.122323	-112259.334297
-6506.235183	-6554.783172	-5789.280628	-5701.348865	-130806.722439	-113944.856995	-122429.668597	-140214.437570
-4249.893635	-5614.154710	-5602.352989	-5617.216899	-59787.183677	-117911.844601	-88305.685020	-112248.516053
-3609.270288	-5058.825619	-5813.487567	-5715.519871	-130816.020765	-113958.782132	-122440.039806	-140224.428800
618.115141	-5466.633197	-4684.143327	-5415.380647	-59675.290844	-117727.554468	-89273.984942	-111755.570681
-5701.594734	-6030.388895	-5802.468157	-5706.713284	-130810.589291	-113950.623745	-122434.071891	-140218.818512
-6194.584810	-5706.892098	-5943.194740	-5743.951290	-59839.263241	-118030.957047	-87722.304490	-112561.149902
-5709.060217	-6078.176925	-5793.929791	-5704.679275	-130808.063544	-113948.187405	-122431.568495	-140216.248061
427.275947	-5465.605016	-4725.717571	-5412.966658	-59684.209190	-117724.157002	-89248.816877	-111754.520149
-3604.822291	-5015.552642	-5815.454521	-5713.530566	-130814.411439	-113957.262213	-122438.743405	-140223.311212
-4024.342182	-5612.344219	-5551.301605	-5617.418065	-59768.922301	-117914.280941	-88339.190285	-112247.800797
-6506.168128	-6554.738468	-5790.085291	-5702.265287	-130807.571805	-113945.929878	-122430.897943	-140215.957489
-4351.392907	-5617.999210	-5621.374324	-5622.447207	-59789.597665	-117917.253723	-88281.500433	-112261.748286
-3649.682242	-5080.171535	-5812.302925	-5714.759912	-130815.350212	-113958.200986	-122439.615123	-140224.317041
697.240317	-5462.632234	-4673.973283	-5410.463263	-59672.586283	-117723.642912	-89287.217174	-111746.495872
-5656.824190	-6004.930258	-5800.232983	-5704.567516	-130808.421172	-113948.612088	-122432.104937	-140217.186834
-6190.807365	-5705.036903	-5941.563063	-5742.319613	-59837.564509	-118029.973570	-87721.857455	-112559.652336
-5754.858941	-6102.585030	-5793.639218	-5705.036903	-130808.309413	-113948.545033	-122432.015530	-140217.164483
321.731010	-5470.053014	-4751.533836	-5418.599298	-59688.724242	-117730.035511	-89234.735278	-111765.539559
-3580.861220	-5008.243621	-5817.935564	-5716.458644	-130817.071297	-113960.324402	-122441.693835	-140226.663974
-3930.308393	-5609.907879	-5535.789494	-5613.819434	-59768.385860	-117911.531676	-88365.475937	-112237.116663
-4024.342182	-5612.344219	-5551.301605	-5617.418065	-59768.922301	-117914.280941	-88339.190285	-112247.800797
-6506.168128	-6554.738468	-5790.085291	-5702.265287	-130807.571805	-113945.929878	-122430.897943	-140215.957489
-4351.392907	-5617.999210	-5621.374324	-5622.447207	-59789.597665	-117917.253723	-88281.500433	-112261.748286
-3649.682242	-5080.171535	-5812.302925	-5714.759912	-130815.350212	-113958.200986	-122439.615123	-140224.317041
697.240317	-5462.632234	-4673.973283	-5410.463263	-59672.586283	-117723.642912	-89287.217174	-111746.495872
-5656.824190	-6004.930258	-5800.232983	-5704.567516	-130808.421172	-113948.612088	-122432.104937	-140217.186834
-6190.807365	-5705.036903	-5941.563063	-5742.319613	-59837.564509	-118029.973570	-87721.857455	-112559.652336
-5754.858941	-6102.585030	-5793.639218	-5705.036903	-130808.309413	-113948.545033	-122432.015530	-140217.164483
321.731010	-5470.053014	-4751.533836	-5418.599298	-59688.724242	-117730.035511	-89234.735278	-111765.539559
-3580.861220	-5008.243621	-5817.935564	-5716.458644	-130817.071297	-113960.324402	-122441.693835	-140226.663974
-3930.308393	-5609.907879	-5535.789494	-5613.819434	-59768.385860	-117911.531676	-88365.475937	-112237.116663
-6506.704570	-6555.185503	-5789.839421	-5702.421749	-130807.616509	-113946.242803	-122431.255571	-140216.695096
-4461.117621	-5623.251870	-5644.418972	-5629.510359	-59794.313883	-117924.138060	-88258.835764	-112276.791010
-3706.120396	-5110.905184	-5812.504090	-5715.653982	-130816.132524	-113959.229166	-122440.822117	-140225.948718
755.578370	-5461.984034	-4677.281341	-5408.988048	-59673.770925	-117722.748843	-89302.192843	-111741.489082
-5620.547309	-5986.579476	-5801.819957	-5706.534470	-130810.119904	-113950.713152	-122434.295408	-140219.779637
-6192.416691	-5706.981505	-5944.647604	-5744.487732	-59840.425532	-118032.365207	-87726.081935	-112561.909862
-5805.038608	-6130.591766	-5794.533288	-5706.646229	-130809.896387	-113950.333172	-122434.071891	-140219.578471
207.625354	-5474.389252	-4784.994398	-5424.231937	-59693.440460	-117735.534040	-89219.625499	-111776.849541
-3571.607598	-5010.389389	-5816.303887	-5715.251650	-130815.707840	-113959.273870	-122440.822117	-140226.172236
-3840.655546	-5604.901088	-5519.562128	-5607.695056	-59765.904816	-117906.167258	-88388.945268	-112224.018541
-6506.816328	-6555.274910	-5787.760709	-5701.080644	-130806.051887	-113944.924050	-122430.115632	-140215.979840
-4565.164991	-5626.492873	-5663.753231	-5634.293632	-59797.398424	-117929.055444	-88234.450011	-112289.799725
-3760.681005	-5139.023678	-5810.246564	-5714.469339	-130814.634957	-113958.022172	-122439.816289	-140225.322869
811.971821	-5458.184237	-4672.565123	-5405.188251	-59672.116896	-117719.060805	-89313.793399	-111734.045951
-4461.117621	-5623.251870	-5644.418972	-5629.510359	-59794.313883	-117924.138060	-88258.835764	-112276.791010
-3706.120396	-5110.905184	-5812.504090	-5715.653982	-130816.132524	-113959.229166	-122440.822117	-140225.948718
755.578370	-5461.984034	-4677.281341	-5408.988048	-59673.770925	-117722.748843	-89302.192843	-111741.489082
-5620.547309	-5986.579476	-5801.819957	-5706.534470	-130810.119904	-113950.713152	-122434.295408	-140219.779637
-6192.416691	-5706.981505	-5944.647604	-5744.487732	-59840.425532	-118032.365207	-87726.081935	-112561.909862
-5805.038608	-6130.591766	-5794.533288	-5706.646229	-130809.896387	-113950.333172	-122434.071891	-140219.578471
207.625354	-5474.389252	-4784.994398	-5424.231937	-59693.440460	-117735.534040	-89219.625499	-111776.849541
-3571.607598	-5010.389389	-5816.303887	-5715.251650	-130815.707840	-113959.273870	-122440.822117	-140226.172236
-3840.655546	-5604.901088	-5519.562128	-5607.695056	-59765.904816	-117906.167258	-88388.945268	-112224.018541
-6506.816328	-6555.274910	-5787.760709	-5701.080644	-130806.051887	-113944.924050	-122430.115632	-140215.979840
-4565.164991	-5626.492873	-5663.753231	-5634.293632	-59797.398424	-117929.055444	-88234.450011	-112289.799725
-3760.681005	-5139.023678	-5810.246564	-5714.469339	-130814.634957	-113958.022172	-122439.816289	-140225.322869
811.971821	-5458.184237	-4672.565123	-5405.188251	-59672.116896	-117719.060805	-89313.793399	-111734.045951
-5581.118832	-5965.233560	-5800.098872	-5705.640400	-130808.734096	-113949.729675	-122433.490745	-140219.243195
-6192.774319	-5709.037865	-5947.463923	-5746.879369	-59843.912404	-118035.092120	-87731.513409	-112564.726182
-5852.603120	-6157.190342	-5795.114433	-5708.702589	-130811.639823	-113952.344829	-122436.284713	-140222.148922
95.374894	-5479.641912	-4810.318924	-5431.004516	-59699.274266	-117742.127805	-89206.057990	-111789.634739
-3560.409374	-5009.092988	-5818.270840	-5718.425598	-130818.568864	-113962.447818	-122444.130176	-140229.882625
-3748.923987	-5604.699922	-5506.151081	-5606.197489	-59768.542322	-117905.474353	-88419.701269	-112216.038968
-6510.616125	-6558.650024	-5789.079462	-5704.209888	-130808.868207	-113948.165053	-122433.378987	-140219.623175
-4671.291074	-5634.606556	-5687.446080	-5644.038992	-59806.026197	-117938.845508	-88217.887368	-112308.172859
-3821.365991	-5171.389004	-5812.302925	-5718.336191	-130818.322995	-113961.978431	-122443.817251	-140229.703811
864.721938	-5462.207551	-4676.387271	-5408.965696	-59678.643606	-117723.039415	-89334.938149	-111734.515337
-5546.339517	-5949.185008	-5803.429282	-5710.624839	-130813.427962	-113954.848225	-122438.609295	-140224.741724
-6191.075586	-5710.490729	-5950.369650	-5748.332232	-59847.645145	-118037.081425	-87741.862266	-112566.156693
-6192.774319	-5709.037865	-5947.463923	-5746.879369	-59843.912404	-118035.092120	-87731.513409	-112564.726182
-5852.603120	-6157.190342	-5795.114433	-5708.702589	-130811.639823	-113952.344829	-122436.284713	-140222.148922
95.374894	-5479.641912	-4810.318924	-5431.004516	-59699.274266	-117742.127805	-89206.057990	-111789.634739
-3560.409374	-5009.092988	-5818.270840	-5718.425598	-130818.568864	-113962.447818	-122444.130176	-140229.882625
-3748.923987	-5604.699922	-5506.151081	-5606.197489	-59768.542322	-117905.474353	-88419.701269	-112216.038968
-6510.616125	-6558.650024	-5789.079462	-5704.209888	-130808.868207	-113948.165053	-122433.378987	-140219.623175
-4671.291074	-5634.606556	-5687.446080	-5644.038992	-59806.026197	-117938.845508	-88217.887368	-112308.172859
-3821.365991	-5171.389004	-5812.302925	-5718.336191	-130818.322995	-113961.978431	-122443.817251	-140229.703811
864.721938	-5462.207551	-4676.387271	-5408.965696	-59678.643606	-117723.039415	-89334.938149	-111734.515337
-5546.339517	-5949.185008	-5803.429282	-5710.624839	-130813.427962	-113954.848225	-122438.609295	-140224.741724
-6191.075586	-5710.490729	-5950.369650	-5748.332232	-59847.645145	-118037.081425	-87741.862266	-112566.156693
-5897.418368	-6181.352577	-5791.448747	-5707.383836	-130810.186960	-113951.070780	-122435.100071	-140221.411314
-28.990213	-5479.999540	-4840.896111	-5432.971470	-59700.972998	-117743.647724	-89189.472996	-111797.390794
-3545.545464	-5004.734397	-5811.565317	-5713.463511	-130813.182093	-113957.373972	-122439.078681	-140225.322869
-3651.805657	-5595.781576	-5486.190973	-5596.228611	-59763.312014	-117895.818400	-88445.919865	-112197.978759
-6504.290581	-6552.302128	-5781.390462	-5698.599601	-130802.855587	-113942.420655	-122427.746347	-140214.437570
-4768.275293	-5632.572548	-5702.175880	-5643.614309	-59805.355645	-117938.085549	-88195.133292	-112314.788975
-3870.830401	-5193.025493	-5805.530346	-5713.463511	-130813.159742	-113957.038695	-122438.944571	-140225.434628
920.757761	-5456.373746	-4674.085042	-5402.707208	-59675.939044	-117716.780927	-89348.773879	-111723.674741
-5496.361017	-5919.881871	-5797.550773	-5706.132139	-130808.532930	-113950.199062	-122433.937780	-140220.629003
-6175.764641	-5705.282772	-5945.027583	-5743.146627	-59845.432323	-118031.895820	-87750.177115	-112558.087713
-5928.934327	-6196.082377	-5786.151384	-5703.740502	-130806.074239	-113947.226280	-122431.322626	-140218.080904
-126.913205	-5481.631217	-4855.692965	-5435.698382	-59704.102242	-117746.106416	-89176.754853	-111804.319835
-3501.601935	-4980.527458	-5812.012352	-5714.603450	-130813.807942	-113958.357448	-122440.173917	-140226.753381
-3519.036295	-5591.445338	-5461.626406	-5590.283047	-59762.172075	-117890.498685	-88480.207441	-112181.706689
-3651.805657	-5595.781576	-5486.190973	-5596.228611	-59763.312014	-117895.818400	-88445.919865	-112197.978759
-6504.290581	-6552.302128	-5781.390462	-5698.599601	-130802.855587	-113942.420655	-122427.746347	-140214.437570
-4768.275293	-5632.572548	-5702.175880	-5643.614309	-59805.355645	-117938.085549	-88195.133292	-112314.788975
-3870.830401	-5193.025493	-5805.530346	-5713.463511	-130813.159742	-113957.038695	-122438.944571	-140225.434628
920.757761	-5456.373746	-4674.085042	-5402.707208	-59675.939044	-117716.780927	-89348.773879	-111723.674741
-5496.361017	-5919.881871	-5797.550773	-5706.132139	-130808.532930	-113950.199062	-122433.937780	-140220.629003
-6175.764641	-5705.282772	-5945.027583	-5743.146627	-59845.432323	-118031.895820	-87750.177115	-112558.087713
-5928.934327	-6196.082377	-5786.151384	-5703.740502	-130806.074239	-113947.226280	-122431.322626	-140218.080904
-126.913205	-5481.631217	-4855.692965	-5435.698382	-59704.102242	-117746.106416	-89176.754853	-111804.319835
-3501.601935	-4980.527458	-5812.012352	-5714.603450	-130813.807942	-113958.357448	-122440.173917	-140226.753381
-3519.036295	-5591.445338	-5461.626406	-5590.283047	-59762.172075	-117890.498685	-88480.207441	-112181.706689
-6486.699758	-6535.806541	-5784.519706	-5700.477147	-130804.397858	-113944.320553	-122429.758004	-140216.873910
-4547.395354	-5630.627946	-5578.794250	-5641.848521	-59797.554886	-117937.124424	-88181.230507	-112311.257399
-2307.527042	-3947.005146	-5831.167797	-5714.290525	-130813.964404	-113958.312745	-122440.688007	-140227.580396
2926.513902	-5418.599298	-3307.678200	-5355.746192	-59596.053910	-117677.978298	-89377.071187	-111629.819766
-4008.628906	-4907.593716	-5882.912085	-5711.585964	-130815.484323	-113958.357448	-122442.856126	-140230.039088
-4653.610844	-5626.872853	-5541.846817	-5659.729917	-59680.677614	-117958.671505	-87809.923328	-112380.637214
-4314.266660	-4956.253464	-5897.999513	-5709.730769	-130815.529026	-113957.865710	-122443.079644	-140230.419067
2514.280679	-5411.312629	-2253.592283	-5355.969710	-59548.377639	-117681.018136	-89264.708968	-111644.080179
1291.997885	-851.266188	-5901.776958	-5716.503348	-130821.429887	-113967.007573	-122449.695760	-140236.878721
-584.811042	-5512.007238	-4150.763649	-5501.636028	-59599.943113	-117818.459012	-88630.366460	-112003.339768
-5775.981340	-5942.792409	-5877.905295	-5699.516022	-130811.595119	-113952.478940	-122438.788109	-140226.418105
-2744.570702	-5559.102363	-4927.464417	-5567.685433	-59643.640774	-117878.138170	-88304.455674	-112166.328688
27.447942	-1757.540018	-5890.310513	-5710.960115	-130820.088782	-113965.085323	-122448.198193	-140235.582320
3503.658295	-5376.130983	-1739.435105	-5309.813358	-59513.285400	-117646.149414	-89539.456611	-111548.906451
2926.513902	-5418.599298	-3307.678200	-5355.746192	-59596.053910	-117677.978298	-89377.071187	-111629.819766
-4008.628906	-4907.593716	-5882.912085	-5711.585964	-130815.484323	-113958.357448	-122442.856126	-140230.039088
-4653.610844	-5626.872853	-5541.846817	-5659.729917	-59680.677614	-117958.671505	-87809.923328	-112380.637214
-4314.266660	-4956.253464	-5897.999513	-5709.730769	-130815.529026	-113957.865710	-122443.079644	-140230.419067
2514.280679	-5411.312629	-2253.592283	-5355.969710	-59548.377639	-117681.018136	-89264.708968	-111644.080179
1291.997885	-851.266188	-5901.776958	-5716.503348	-130821.429887	-113967.007573	-122449.695760	-140236.878721
-584.811042	-5512.007238	-4150.763649	-5501.636028	-59599.943113	-117818.459012	-88630.366460	-112003.339768
-5775.981340	-5942.792409	-5877.905295	-5699.516022	-130811.595119	-113952.478940	-122438.788109	-140226.418105
-2744.570702	-5559.102363	-4927.464417	-5567.685433	-59643.640774	-117878.138170	-88304.455674	-112166.328688
27.447942	-1757.540018	-5890.310513	-5710.960115	-130820.088782	-113965.085323	-122448.198193	-140235.582320
3503.658295	-5376.130983	-1739.435105	-5309.813358	-59513.285400	-117646.149414	-89539.456611	-111548.906451
-3150.120753	-4216.969516	-5875.290141	-5700.208926	-130814.411439	-113957.239861	-122442.118519	-140229.726163
-4823.260584	-5622.246042	-5575.262675	-5657.181818	-59681.258760	-117965.779360	-87935.920112	-112395.590531
-4756.942958	-5335.406105	-5857.721669	-5696.163260	-130812.310375	-113954.222376	-122439.749234	-140227.490989
1724.772361	-5411.133815	-2831.608395	-5360.149486	-59552.333898	-117693.244540	-89324.768105	-111674.679717
854.149563	-1599.043798	-5877.659425	-5705.863918	-130820.781686	-113966.269966	-122449.293429	-140236.901073
-1062.490173	-5506.732226	-4363.149925	-5497.657418	-59602.088881	-117823.197582	-88721.315708	-112012.861611
-5917.087903	-6078.489849	-5842.880111	-5687.468432	-130809.002317	-113949.729675	-122436.441176	-140224.518207
-3498.271525	-5565.338500	-5194.545411	-5578.011939	-59659.398754	-117895.728993	-88328.282634	-112210.428680
-720.888462	-2814.106979	-5860.515637	-5701.058293	-130819.485285	-113964.280661	-122447.974676	-140235.738782
3107.853604	-5376.488611	-2535.268967	-5312.741436	-59524.125996	-117656.207699	-89586.551736	-111571.213492
-3501.914859	-4643.172579	-5849.675041	-5691.290580	-130814.187922	-113957.150454	-122442.297333	-140230.396715
-5163.722356	-5623.587146	-5645.558911	-5660.244007	-59690.624141	-117975.971756	-87970.207688	-112418.992808
-5082.227896	-5610.511376	-5835.392277	-5689.100109	-130813.964404	-113955.786998	-122441.649132	-140229.882625
1152.165371	-5416.252365	-3405.154157	-5369.246646	-59565.208502	-117708.354319	-89328.232626	-111709.995474
-4756.942958	-5335.406105	-5857.721669	-5696.163260	-130812.310375	-113954.222376	-122439.749234	-140227.490989
1724.772361	-5411.133815	-2831.608395	-5360.149486	-59552.333898	-117693.244540	-89324.768105	-111674.679717
854.149563	-1599.043798	-5877.659425	-5705.863918	-130820.781686	-113966.269966	-122449.293429	-140236.901073
-1062.490173	-5506.732226	-4363.149925	-5497.657418	-59602.088881	-117823.197582	-88721.315708	-112012.861611
-5917.087903	-6078.489849	-5842.880111	-5687.468432	-130809.002317	-113949.729675	-122436.441176	-140224.518207
-3498.271525	-5565.338500	-5194.545411	-5578.011939	-59659.398754	-117895.728993	-88328.282634	-112210.428680
-720.888462	-2814.106979	-5860.515637	-5701.058293	-130819.485285	-113964.280661	-122447.974676	-140235.738782
3107.853604	-5376.488611	-2535.268967	-5312.741436	-59524.125996	-117656.207699	-89586.551736	-111571.213492
-3501.914859	-4643.172579	-5849.675041	-5691.290580	-130814.187922	-113957.150454	-122442.297333	-140230.396715
-5163.722356	-5623.587146	-5645.558911	-5660.244007	-59690.624141	-117975.971756	-87970.207688	-112418.992808
-5082.227896	-5610.511376	-5835.392277	-5689.100109	-130813.964404	-113955.786998	-122441.649132	-140229.882625
1152.165371	-5416.252365	-3405.154157	-5369.246646	-59565.208502	-117708.354319	-89328.232626	-111709.995474
159.859676	-2463.005777	-5854.570073	-5696.923220	-130819.865265	-113965.353544	-122448.846394	-140236.968128
-1429.103485	-5501.770139	-4590.511869	-5493.499994	-59606.469823	-117825.544515	-88763.895782	-112019.410672
-6000.303447	-6158.285577	-5820.885995	-5678.058347	-130807.661212	-113948.388570	-122435.234181	-140223.847654
-3958.024556	-5568.132468	-5343.788009	-5584.315131	-59668.585321	-117907.910694	-88318.403163	-112241.899936
-1403.957773	-3458.664234	-5839.057963	-5691.581153	-130817.920663	-113962.738390	-122446.700626	-140235.001175
2804.853356	-5373.716995	-3023.699286	-5312.182642	-59530.764464	-117661.259194	-89606.958879	-111583.953987
-3781.401072	-4879.363463	-5830.854873	-5683.132193	-130813.651480	-113956.815178	-122442.207926	-140230.664936
-5354.606253	-5621.866062	-5685.903810	-5659.864027	-59696.636760	-117981.537340	-87984.892784	-112432.627372
-5303.487814	-5775.422546	-5815.208651	-5679.019472	-130811.416305	-113953.350658	-122439.570420	-140228.161541
717.245128	-5415.984144	-3779.545877	-5372.398242	-59572.182247	-117716.378595	-89312.407590	-111733.822433
-433.690898	-3006.242574	-5836.532216	-5688.474260	-130818.814733	-113964.459475	-122448.131138	-140236.543445
-1660.220523	-5499.110281	-4729.651478	-5491.063653	-59613.130643	-117828.673760	-88797.870433	-112022.562268
-6056.205160	-6211.102749	-5808.704294	-5674.213847	-130810.857512	-113951.830739	-122439.056330	-140227.960375
-1429.103485	-5501.770139	-4590.511869	-5493.499994	-59606.469823	-117825.544515	-88763.895782	-112019.410672
-6000.303447	-6158.285577	-5820.885995	-5678.058347	-130807.661212	-113948.388570	-122435.234181	-140223.847654
-3958.024556	-5568.132468	-5343.788009	-5584.315131	-59668.585321	-117907.910694	-88318.403163	-112241.899936
-1403.957773	-3458.664234	-5839.057963	-5691.581153	-130817.920663	-113962.738390	-122446.700626	-140235.001175
2804.853356	-5373.716995	-3023.699286	-5312.182642	-59530.764464	-117661.259194	-89606.958879	-111583.953987
-3781.401072	-4879.363463	-5830.854873	-5683.132193	-130813.651480	-113956.815178	-122442.207926	-140230.664936
-5354.606253	-5621.866062	-5685.903810	-5659.864027	-59696.636760	-117981.537340	-87984.892784	-112432.627372
-5303.487814	-5775.422546	-5815.208651	-5679.019472	-130811.416305	-113953.350658	-122439.570420	-140228.161541
717.245128	-5415.984144	-3779.545877	-5372.398242	-59572.182247	-117716.378595	-89312.407590	-111733.822433
-433.690898	-3006.242574	-5836.532216	-5688.474260	-130818.814733	-113964.459475	-122448.131138	-140236.543445
-1660.220523	-5499.110281	-4729.651478	-5491.063653	-59613.130643	-117828.673760	-88797.870433	-112022.562268
-6056.205160	-6211.102749	-5808.704294	-5674.213847	-130810.857512	-113951.830739	-122439.056330	-140227.960375
-4288.539802	-5573.385128	-5444.080287	-5591.981780	-59679.872951	-117920.472374	-88303.539253	-112269.236120
-1910.314192	-3875.703082	-5823.925832	-5684.853278	-130818.300643	-113963.118370	-122447.482937	-140236.185817
2570.316502	-5371.146544	-3349.163037	-5310.796834	-59536.777083	-117664.589603	-89619.364097	-111591.397118
-3938.466780	-5016.044380	-5817.644992	-5677.611313	-130814.791419	-113958.133931	-122443.750196	-140232.631890
-5472.914037	-5621.150806	-5713.731732	-5659.349937	-59702.738786	-117986.253558	-87997.275650	-112440.919869
-5459.614749	-5884.566114	-5800.635314	-5671.598693	-130810.745753	-113952.791864	-122439.346902	-140228.385058
363.349958	-5417.906394	-4038.580243	-5376.622722	-59580.161819	-117724.916962	-89294.280326	-111754.788370
-830.635527	-3349.677128	-5823.523500	-5682.506345	-130819.239416	-113965.130027	-122448.980504	-140237.884550
-1795.001542	-5493.745863	-4814.543404	-5484.782813	-59615.879907	-117827.556172	-88826.637128	-112017.935457
-6089.196335	-6242.574005	-5796.343779	-5667.977711	-130811.013974	-113952.143663	-122439.548068	-140228.943852
-4542.567377	-5575.150916	-5513.102473	-5595.312189	-59686.332606	-117928.340188	-88283.869718	-112288.860952
-2281.755481	-4159.033794	-5812.101759	-5679.712377	-130819.351175	-113964.437123	-122448.824042	-140237.996309
2390.116738	-5370.945379	-3575.675616	-5311.221517	-59543.773180	-117669.305822	-89631.568150	-111597.745013
2570.316502	-5371.146544	-3349.163037	-5310.796834	-59536.777083	-117664.589603	-89619.364097	-111591.397118
-3938.466780	-5016.044380	-5817.644992	-5677.611313	-130814.791419	-113958.133931	-122443.750196	-140232.631890
-5472.914037	-5621.150806	-5713.731732	-5659.349937	-59702.738786	-117986.253558	-87997.275650	-112440.919869
-5459.614749	-5884.566114	-5800.635314	-5671.598693	-130810.745753	-113952.791864	-122439.346902	-140228.385058
363.349958	-5417.906394	-4038.580243	-5376.622722	-59580.161819	-117724.916962	-89294.280326	-111754.788370
-830.635527	-3349.677128	-5823.523500	-5682.506345	-130819.239416	-113965.130027	-122448.980504	-140237.884550
-1795.001542	-5493.745863	-4814.543404	-5484.782813	-59615.879907	-117827.556172	-88826.637128	-112017.935457
-6089.196335	-6242.574005	-5796.343779	-5667.977711	-130811.013974	-113952.143663	-122439.548068	-140228.943852
-4542.567377	-5575.150916	-5513.102473	-5595.312189	-59686.332606	-117928.340188	-88283.869718	-112288.860952
-2281.755481	-4159.033794	-5812.101759	-5679.712377	-130819.351175	-113964.437123	-122448.824042	-140237.996309
2390.116738	-5370.945379	-3575.675616	-5311.221517	-59543.773180	-117669.305822	-89631.568150	-111597.745013
-4030.734781	-5097.069454	-5807.251430	-5673.096260	-130816.132524	-113959.810312	-122445.381873	-140234.777657
-5548.842913	-5618.468597	-5732.373086	-5656.600673	-59705.823327	-117988.131104	-88006.126941	-112444.585555
-5587.489079	-5968.966302	-5788.163041	-5664.937873	-130810.008146	-113952.210719	-122438.832812	-140228.452114
51.319605	-5419.180443	-4233.889786	-5380.042539	-59586.129735	-117731.913058	-89271.079215	-111773.228559
-1155.741651	-3612.265421	-5811.990000	-5676.739595	-130819.082954	-113965.152379	-122449.047559	-140238.555102
-1875.959560	-5489.521383	-4870.646283	-5479.910133	-59618.495061	-117826.706806	-88852.721614	-112013.018073
-6117.225423	-6268.010291	-5785.749052	-5662.479182	-130810.946919	-113952.344829	-122439.793937	-140229.748515
-4751.287967	-5577.564904	-5567.484268	-5599.559021	-59692.233466	-117935.872726	-88259.483964	-112308.038748
-2618.931546	-4402.667809	-5799.227154	-5672.179839	-130817.272463	-113962.514873	-122447.102958	-140236.856370
2236.895530	-5365.625663	-3748.521656	-5306.594706	-59544.533139	-117667.875310	-89632.842199	-111598.370862
-4108.764721	-5161.688347	-5793.594515	-5664.490839	-130812.757410	-113956.725771	-122442.386740	-140232.363669
-5600.229573	-5614.311172	-5745.672374	-5652.622062	-59708.214963	-117987.438200	-88011.200787	-112445.233756
-5695.582115	-6038.815503	-5775.824878	-5657.785315	-130808.108247	-113950.444931	-122437.312894	-140227.558044
-220.902290	-5422.935536	-4388.005064	-5385.943399	-59594.042253	-117740.406721	-89245.955854	-111792.942797
-5587.489079	-5968.966302	-5788.163041	-5664.937873	-130810.008146	-113952.210719	-122438.832812	-140228.452114
51.319605	-5419.180443	-4233.889786	-5380.042539	-59586.129735	-117731.913058	-89271.079215	-111773.228559
-1155.741651	-3612.265421	-5811.990000	-5676.739595	-130819.082954	-113965.152379	-122449.047559	-140238.555102
-1875.959560	-5489.521383	-4870.646283	-5479.910133	-59618.495061	-117826.706806	-88852.721614	-112013.018073
-6117.225423	-6268.010291	-5785.749052	-5662.479182	-130810.946919	-113952.344829	-122439.793937	-140229.748515
-4751.287967	-5577.564904	-5567.484268	-5599.559021	-59692.233466	-117935.872726	-88259.483964	-112308.038748
-2618.931546	-4402.667809	-5799.227154	-5672.179839	-130817.272463	-113962.514873	-122447.102958	-140236.856370
2236.895530	-5365.625663	-3748.521656	-5306.594706	-59544.533139	-117667.875310	-89632.842199	-111598.370862
-4108.764721	-5161.688347	-5793.594515	-5664.490839	-130812.757410	-113956.725771	-122442.386740	-140232.363669
-5600.229573	-5614.311172	-5745.672374	-5652.622062	-59708.214963	-117987.438200	-88011.200787	-112445.233756
-5695.582115	-6038.815503	-5775.824878	-5657.785315	-130808.108247	-113950.444931	-122437.312894	-140227.558044
-220.902290	-5422.935536	-4388.005064	-5385.943399	-59594.042253	-117740.406721	-89245.955854	-111792.942797
-1432.992689	-3826.842168	-5802.132881	-5671.553990	-130818.904140	-113965.398248	-122449.405187	-140239.337413
-1919.813683	-5481.988845	-4909.471263	-5471.617636	-59618.428006	-117821.655312	-88872.033521	-112003.384471
-6137.230234	-6285.154079	-5771.533343	-5653.203208	-130806.521273	-113948.232108	-122435.882382	-140226.216939
-4930.414847	-5577.430794	-5611.405446	-5601.145995	-59697.866106	-117939.963095	-88233.622996	-112322.187403
-2901.748169	-4594.445776	-5787.470137	-5665.429612	-130815.327861	-113960.682030	-122445.404225	-140235.694079
2095.744264	-5364.195152	-3897.943067	-5305.655933	-59549.718744	-117669.506987	-89633.669213	-111601.455403
-4166.834553	-5208.850528	-5785.480831	-5660.981615	-130813.673832	-113957.999820	-122443.683141	-140234.151809
-5643.189626	-5614.735855	-5760.871561	-5652.890283	-59715.278115	-117990.522741	-88018.599214	-112448.184186
-5789.995884	-6099.142861	-5768.247636	-5655.103106	-130809.963442	-113952.523643	-122439.525716	-140230.195550
-485.256372	-5426.265946	-4529.536310	-5391.151356	-59603.027654	-117747.626334	-89219.446685	-111810.019530
-1666.054328	-3998.235345	-5792.767500	-5667.195400	-130818.792381	-113965.532358	-122449.695760	-140240.030317
-1953.497762	-5480.357168	-4949.033850	-5468.868371	-59624.351218	-117821.588257	-88896.173405	-111997.014224
-6157.212693	-6303.102529	-5765.878351	-5652.309138	-130809.896387	-113951.741332	-122439.436309	-140230.396715
-6137.230234	-6285.154079	-5771.533343	-5653.203208	-130806.521273	-113948.232108	-122435.882382	-140226.216939
-4930.414847	-5577.430794	-5611.405446	-5601.145995	-59697.866106	-117939.963095	-88233.622996	-112322.187403
-2901.748169	-4594.445776	-5787.470137	-5665.429612	-130815.327861	-113960.682030	-122445.404225	-140235.694079
2095.744264	-5364.195152	-3897.943067	-5305.655933	-59549.718744	-117669.506987	-89633.669213	-111601.455403
-4166.834553	-5208.850528	-5785.480831	-5660.981615	-130813.673832	-113957.999820	-122443.683141	-140234.151809
-5643.189626	-5614.735855	-5760.871561	-5652.890283	-59715.278115	-117990.522741	-88018.599214	-112448.184186
-5789.995884	-6099.142861	-5768.247636	-5655.103106	-130809.963442	-113952.523643	-122439.525716	-140230.195550
-485.256372	-5426.265946	-4529.536310	-5391.151356	-59603.027654	-117747.626334	-89219.446685	-111810.019530
-1666.054328	-3998.235345	-5792.767500	-5667.195400	-130818.792381	-113965.532358	-122449.695760	-140240.030317
-1953.497762	-5480.357168	-4949.033850	-5468.868371	-59624.351218	-117821.588257	-88896.173405	-111997.014224
-6157.212693	-6303.102529	-5765.878351	-5652.309138	-130809.896387	-113951.741332	-122439.436309	-140230.396715
-5093.023788	-5581.342349	-5652.599711	-5606.197489	-59706.404472	-117947.227412	-88210.690106	-112337.543051
-3138.073163	-4747.108191	-5774.573180	-5657.472391	-130811.595119	-113957.128102	-122441.984408	-140232.698945
1964.517172	-5359.188361	-4019.581261	-5300.850308	-59550.925738	-117666.802426	-89631.188170	-111598.370862
-4199.401045	-5238.153665	-5775.288436	-5655.192513	-130811.796285	-113956.435198	-122442.252629	-140233.168332
-5670.391699	-5611.137225	-5769.164058	-5648.755210	-59717.066254	-117988.645195	-88023.695412	-112444.339686
-5864.158972	-6143.645184	-5755.820066	-5647.391754	-130806.074239	-113948.857957	-122435.994141	-140227.133361
-721.871939	-5426.064780	-4640.043335	-5392.470109	-59606.603933	-117750.554413	-89189.942383	-111821.664789
-1853.652519	-4126.690820	-5781.144593	-5660.020490	-130815.305509	-113962.380762	-122446.544164	-140237.392811
-1959.197457	-5473.048147	-4971.363243	-5459.950025	-59622.697189	-117815.083899	-88915.239443	-111983.938454
-6165.438135	-6309.092797	-5753.428430	-5643.882530	-130804.934300	-113947.203928	-122434.943609	-140226.283994
-5223.647383	-5581.118832	-5681.031129	-5606.979800	-59708.818461	-117949.641401	-88184.650324	-112348.338944
-3348.291319	-4876.725957	-5764.894875	-5652.197379	-130809.695221	-113955.608184	-122440.509193	-140231.782524
1860.626264	-5357.869608	-4112.765683	-5299.598610	-59553.965575	-117667.160054	-89631.970481	-111599.711966
-4224.636164	-5260.818334	-5766.258331	-5649.962205	-130809.650518	-113954.758818	-122440.464490	-140231.871931
-4199.401045	-5238.153665	-5775.288436	-5655.192513	-130811.796285	-113956.435198	-122442.252629	-140233.168332
-5670.391699	-5611.137225	-5769.164058	-5648.755210	-59717.066254	-117988.645195	-88023.695412	-112444.339686
-5864.158972	-6143.645184	-5755.820066	-5647.391754	-130806.074239	-113948.857957	-122435.994141	-140227.133361
-721.871939	-5426.064780	-4640.043335	-5392.470109	-59606.603933	-117750.554413	-89189.942383	-111821.664789
-1853.652519	-4126.690820	-5781.144593	-5660.020490	-130815.305509	-113962.380762	-122446.544164	-140237.392811
-1959.197457	-5473.048147	-4971.363243	-5459.950025	-59622.697189	-117815.083899	-88915.239443	-111983.938454
-6165.438135	-6309.092797	-5753.428430	-5643.882530	-130804.934300	-113947.203928	-122434.943609	-140226.283994
-5223.647383	-5581.118832	-5681.031129	-5606.979800	-59708.818461	-117949.641401	-88184.650324	-112348.338944
-3348.291319	-4876.725957	-5764.894875	-5652.197379	-130809.695221	-113955.608184	-122440.509193	-140231.782524
1860.626264	-5357.869608	-4112.765683	-5299.598610	-59553.965575	-117667.160054	-89631.970481	-111599.711966
-4224.636164	-5260.818334	-5766.258331	-5649.962205	-130809.650518	-113954.758818	-122440.464490	-140231.871931
-5683.020435	-5608.812643	-5773.701462	-5645.894187	-59718.273248	-117987.460552	-88031.205598	-112442.082160
-5934.097580	-6186.493479	-5748.958081	-5644.329565	-130806.163646	-113949.260288	-122436.463527	-140228.206244
-933.766476	-5433.172635	-4726.008144	-5401.276696	-59615.835204	-117760.098608	-89167.143603	-111841.446083
-2023.369315	-4242.249339	-5775.958988	-5658.567626	-130816.713669	-113964.079495	-122448.265248	-140239.695041
-1929.313174	-5470.924732	-4979.409871	-5456.709022	-59624.932364	-117813.385166	-88939.759307	-111976.182398
-6177.150449	-6319.598117	-5749.047488	-5643.100219	-130806.968308	-113949.573213	-122437.312894	-140229.189721
-5335.517864	-5588.561963	-5709.037865	-5615.629925	-59718.139138	-117959.051485	-88168.154737	-112365.996822
-3538.191740	-4991.189240	-5761.586817	-5652.666766	-130813.025631	-113959.184463	-122444.219583	-140235.939948
1786.530231	-5362.116440	-4174.389443	-5303.756035	-59561.565168	-117672.368011	-89637.223141	-111605.590475
-4244.037478	-5281.024311	-5764.537247	-5651.392716	-130813.606776	-113959.162111	-122444.867783	-140236.901073
-5688.474260	-5613.305344	-5782.061014	-5649.649280	-59726.297525	-117992.690860	-88047.276503	-112444.876128
-5999.007046	-6227.665392	-5746.991127	-5646.050649	-130810.455180	-113953.752989	-122441.135042	-140233.414201
-1130.595938	-5439.922862	-4803.255773	-5409.479786	-59624.664143	-117768.905195	-89143.584865	-111859.528644
-2174.958846	-4341.848712	-5771.153363	-5657.427687	-130817.898311	-113965.599414	-122449.762815	-140241.751402
-6177.150449	-6319.598117	-5749.047488	-5643.100219	-130806.968308	-113949.573213	-122437.312894	-140229.189721
-5335.517864	-5588.561963	-5709.037865	-5615.629925	-59718.139138	-117959.051485	-88168.154737	-112365.996822
-3538.191740	-4991.189240	-5761.586817	-5652.666766	-130813.025631	-113959.184463	-122444.219583	-140235.939948
1786.530231	-5362.116440	-4174.389443	-5303.756035	-59561.565168	-117672.368011	-89637.223141	-111605.590475
-4244.037478	-5281.024311	-5764.537247	-5651.392716	-130813.606776	-113959.162111	-122444.867783	-140236.901073
-5688.474260	-5613.305344	-5782.061014	-5649.649280	-59726.297525	-117992.690860	-88047.276503	-112444.876128
-5999.007046	-6227.665392	-5746.991127	-5646.050649	-130810.455180	-113953.752989	-122441.135042	-140233.414201
-1130.595938	-5439.922862	-4803.255773	-5409.479786	-59624.664143	-117768.905195	-89143.584865	-111859.528644
-2174.958846	-4341.848712	-5771.153363	-5657.427687	-130817.898311	-113965.599414	-122449.762815	-140241.751402
-1897.439587	-5470.567104	-4988.395272	-5454.675013	-59629.067436	-117812.669911	-88965.553220	-111969.007488
-6187.298141	-6328.471759	-5745.560616	-5643.189626	-130808.957614	-113952.166015	-122439.816289	-140232.341317
-5448.505932	-5595.379245	-5737.871616	-5623.162463	-59727.012781	-117967.366334	-88150.273341	-112382.134781
-3731.579033	-5106.680704	-5757.138819	-5652.130324	-130814.567901	-113961.039658	-122446.119481	-140238.465695
1678.772471	-5364.172800	-4261.740060	-5305.566526	-59567.354270	-117675.139627	-89636.776106	-111609.680845
-4270.725461	-5304.940677	-5758.122296	-5648.621100	-130812.645651	-113958.603318	-122444.286638	-140236.811666
-5698.107862	-5611.807777	-5787.179564	-5646.989423	-59728.264478	-117990.969776	-88055.211372	-112441.501014
-6057.501561	-6264.143439	-5739.480941	-5642.496722	-130808.711744	-113952.411884	-122439.816289	-140232.564835
-1344.144505	-5445.130819	-4887.208925	-5415.805330	-59631.369666	-117775.566015	-89113.767637	-111876.426563
-2327.330688	-4441.761010	-5765.408965	-5654.745478	-130816.981890	-113965.130027	-122449.427539	-140241.885512
-1872.338578	-5466.744955	-5003.817976	-5449.042374	-59629.022733	-117808.110155	-88983.300505	-111958.502168
-6192.796671	-6333.098570	-5738.586871	-5639.076905	-130806.856550	-113950.288469	-122438.117556	-140231.089620
-5546.875959	-5599.514317	-5761.832686	-5627.901033	-59732.354847	-117972.574290	-88127.765134	-112395.098793
-3874.272570	-5185.515307	-5751.550883	-5649.492818	-130813.629128	-113960.346754	-122445.694798	-140238.376288
1613.527729	-5364.731594	-4314.713694	-5306.102968	-59569.745907	-117675.944290	-89632.171647	-111611.401929
-4257.046194	-5303.197241	-5753.920168	-5646.654147	-130812.019803	-113958.402152	-122444.174879	-140237.079887
-3731.579033	-5106.680704	-5757.138819	-5652.130324	-130814.567901	-113961.039658	-122446.119481	-140238.465695
1678.772471	-5364.172800	-4261.740060	-5305.566526	-59567.354270	-117675.139627	-89636.776106	-111609.680845
-4270.725461	-5304.940677	-5758.122296	-5648.621100	-130812.645651	-113958.603318	-122444.286638	-140236.811666
-5698.107862	-5611.807777	-5787.179564	-5646.989423	-59728.264478	-117990.969776	-88055.211372	-112441.501014
-6057.501561	-6264.143439	-5739.480941	-5642.496722	-130808.711744	-113952.411884	-122439.816289	-140232.564835
-1344.144505	-5445.130819	-4887.208925	-5415.805330	-59631.369666	-117775.566015	-89113.767637	-111876.426563
-2327.330688	-4441.761010	-5765.408965	-5654.745478	-130816.981890	-113965.130027	-122449.427539	-140241.885512
-1872.338578	-5466.744955	-5003.817976	-5449.042374	-59629.022733	-117808.110155	-88983.300505	-111958.502168
-6192.796671	-6333.098570	-5738.586871	-5639.076905	-130806.856550	-113950.288469	-122438.117556	-140231.089620
-5546.875959	-5599.514317	-5761.832686	-5627.901033	-59732.354847	-117972.574290	-88127.765134	-112395.098793
-3874.272570	-5185.515307	-5751.550883	-5649.492818	-130813.629128	-113960.346754	-122445.694798	-140238.376288
1613.527729	-5364.731594	-4314.713694	-5306.102968	-59569.745907	-117675.944290	-89632.171647	-111611.401929
-4257.046194	-5303.197241	-5753.920168	-5646.654147	-130812.019803	-113958.402152	-122444.174879	-140237.079887
-5688.295446	-5611.561908	-5789.526497	-5646.005946	-59730.454949	-117990.545093	-88065.739043	-112438.595288
-6103.702617	-6292.708968	-5734.228281	-5640.306251	-130807.907082	-113951.808387	-122439.458661	-140232.631890
-1512.363733	-5449.779981	-4934.639327	-5421.862653	-59636.219995	-117781.533930	-89085.045646	-111891.916322
-2398.029256	-4477.769670	-5761.340947	-5652.487952	-130816.020765	-113964.437123	-122448.734635	-140241.773753
-1784.384463	-5465.023871	-4993.804394	-5445.890778	-59629.648582	-117805.606759	-89006.255747	-111949.427360
-6193.042540	-6334.350268	-5736.664621	-5639.747457	-130808.488227	-113952.277774	-122440.196269	-140233.704774
-5623.564794	-5605.929268	-5780.965779	-5635.277109	-59739.596813	-117979.726849	-88112.677707	-112409.873296
-3993.854403	-5244.903892	-5748.533398	-5648.732859	-130814.120867	-113961.084361	-122446.588867	-140239.806800
1579.910705	-5367.771431	-4334.047953	-5309.209860	-59574.059793	-117679.006479	-89632.462219	-111616.006388
-4237.063734	-5294.770634	-5752.243787	-5646.497684	-130812.980928	-113959.787960	-122445.583039	-140238.868027
-5663.574417	-5610.891355	-5787.648951	-5644.463676	-59732.265440	-117989.360450	-88079.865346	-112434.817843
-6146.550911	-6318.972268	-5729.400304	-5638.071077	-130806.990660	-113951.137835	-122438.899867	-140232.587186
-6103.702617	-6292.708968	-5734.228281	-5640.306251	-130807.907082	-113951.808387	-122439.458661	-140232.631890
-1512.363733	-5449.779981	-4934.639327	-5421.862653	-59636.219995	-117781.533930	-89085.045646	-111891.916322
-2398.029256	-4477.769670	-5761.340947	-5652.487952	-130816.020765	-113964.437123	-122448.734635	-140241.773753
-1784.384463	-5465.023871	-4993.804394	-5445.890778	-59629.648582	-117805.606759	-89006.255747	-111949.427360
-6193.042540	-6334.350268	-5736.664621	-5639.747457	-130808.488227	-113952.277774	-122440.196269	-140233.704774
-5623.564794	-5605.929268	-5780.965779	-5635.277109	-59739.596813	-117979.726849	-88112.677707	-112409.873296
-3993.854403	-5244.903892	-5748.533398	-5648.732859	-130814.120867	-113961.084361	-122446.588867	-140239.806800
1579.910705	-5367.771431	-4334.047953	-5309.209860	-59574.059793	-117679.006479	-89632.462219	-111616.006388
-4237.063734	-5294.770634	-5752.243787	-5646.497684	-130812.980928	-113959.787960	-122445.583039	-140238.868027
-5663.574417	-5610.891355	-5787.648951	-5644.463676	-59732.265440	-117989.360450	-88079.865346	-112434.817843
-6146.550911	-6318.972268	-5729.400304	-5638.071077	-130806.990660	-113951.137835	-122438.899867	-140232.587186
-1671.262285	-5454.317385	-4980.415700	-5427.942327	-59641.651468	-117787.188922	-89060.257561	-111907.003749
-2491.034864	-4531.793837	-5756.401212	-5649.470466	-130814.031460	-113962.872501	-122447.371179	-140240.834980
-1704.566384	-5461.671109	-4984.528421	-5440.995746	-59629.447416	-117801.091707	-89029.278043	-111938.475005
-6188.818060	-6331.288079	-5729.690877	-5635.277109	-130804.800189	-113949.103826	-122437.044673	-140230.977861
-5695.872688	-5607.158614	-5795.360302	-5637.244062	-59742.234319	-117981.425581	-88095.332753	-112418.210497
-4126.288489	-5316.340067	-5742.587834	-5645.603615	-130811.840989	-113959.206815	-122444.778376	-140238.510399
1517.035248	-5367.234989	-4373.588189	-5308.539308	-59575.579712	-117678.268871	-89628.885940	-111616.565182
-4229.888824	-5295.284724	-5745.784133	-5642.161446	-130809.203483	-113956.368143	-122442.297333	-140236.185817
-5642.876702	-5606.890393	-5784.206782	-5639.479237	-59731.170205	-117984.465418	-88092.494082	-112426.324180
-6185.442947	-6342.598062	-5722.650078	-5634.226577	-130803.637898	-113948.209756	-122435.949437	-140230.284957
-1844.041269	-5460.777040	-5033.411686	-5435.765438	-59648.848730	-117794.386184	-89035.111849	-111923.924020
-2582.118223	-4585.415672	-5756.155343	-5651.191551	-130816.288986	-113965.420600	-122449.919277	-140243.986576
-1630.827979	-5461.648758	-4984.170793	-5439.207606	-59632.196681	-117799.661195	-89054.826087	-111930.271915
-6186.001740	-6330.215195	-5728.238014	-5635.657088	-130805.604852	-113950.288469	-122438.229315	-140232.766000
-1704.566384	-5461.671109	-4984.528421	-5440.995746	-59629.447416	-117801.091707	-89029.278043	-111938.475005
-6188.818060	-6331.288079	-5729.690877	-5635.277109	-130804.800189	-113949.103826	-122437.044673	-140230.977861
-5695.872688	-5607.158614	-5795.360302	-5637.244062	-59742.234319	-117981.425581	-88095.332753	-112418.210497
-4126.288489	-5316.340067	-5742.587834	-5645.603615	-130811.840989	-113959.206815	-122444.778376	-140238.510399
1517.035248	-5367.234989	-4373.588189	-5308.539308	-59575.579712	-117678.268871	-89628.885940	-111616.565182
-4229.888824	-5295.284724	-5745.784133	-5642.161446	-130809.203483	-113956.368143	-122442.297333	-140236.185817
-5642.876702	-5606.890393	-5784.206782	-5639.479237	-59731.170205	-117984.465418	-88092.494082	-112426.324180
-6185.442947	-6342.598062	-5722.650078	-5634.226577	-130803.637898	-113948.209756	-122435.949437	-140230.284957
-1844.041269	-5460.777040	-5033.411686	-5435.765438	-59648.848730	-117794.386184	-89035.111849	-111923.924020
-2582.118223	-4585.415672	-5756.155343	-5651.191551	-130816.288986	-113965.420600	-122449.919277	-140243.986576
-1630.827979	-5461.648758	-4984.170793	-5439.207606	-59632.196681	-117799.661195	-89054.826087	-111930.271915
-6186.001740	-6330.215195	-5728.238014	-5635.657088	-130805.604852	-113950.288469	-122438.229315	-140232.766000
-5767.286511	-5611.383094	-5812.548794	-5642.161446	-59747.017592	-117986.164151	-88080.446491	-112429.587535
-4241.824656	-5372.711166	-5737.692802	-5642.541426	-130809.270538	-113956.837530	-122442.520850	-140236.968128
1458.518381	-5367.592617	-4408.523966	-5309.120453	-59576.987872	-117678.514740	-89625.242606	-111618.353321
-4210.889841	-5289.763843	-5745.538264	-5642.831998	-130810.343422	-113958.022172	-122443.794899	-140238.376288
-5619.295611	-5610.064341	-5785.369073	-5641.602652	-59735.171167	-117986.745296	-88111.873044	-112425.452462
-6223.820892	-6367.922588	-5723.991182	-5636.618213	-130806.610680	-113951.406056	-122439.391606	-140234.196512
-2003.342152	-5465.783830	-5075.231800	-5442.202740	-59652.425009	-117800.085878	-89008.245052	-111939.950221
-2658.047099	-4625.581756	-5750.388593	-5646.207112	-130811.639823	-113961.263175	-122445.806556	-140240.276186
-1539.834027	-5456.261987	-4970.223304	-5432.367972	-59627.212242	-117792.955672	-89073.288628	-111918.067863
-6178.692720	-6325.208405	-5727.165130	-5634.561853	-130804.934300	-113950.087303	-122438.072853	-140233.011870
-5821.578899	-5617.842748	-5825.021067	-5649.157542	-59750.638574	-117992.847323	-88066.119023	-112444.093817
-4354.969186	-5431.563310	-5739.883273	-5645.156580	-130812.288024	-113960.190291	-122445.963019	-140240.812628
1433.126799	-5374.946341	-4419.588079	-5316.161253	-59582.598160	-117685.443781	-89624.795571	-111628.769234
-4241.824656	-5372.711166	-5737.692802	-5642.541426	-130809.270538	-113956.837530	-122442.520850	-140236.968128
1458.518381	-5367.592617	-4408.523966	-5309.120453	-59576.987872	-117678.514740	-89625.242606	-111618.353321
-4210.889841	-5289.763843	-5745.538264	-5642.831998	-130810.343422	-113958.022172	-122443.794899	-140238.376288
-5619.295611	-5610.064341	-5785.369073	-5641.602652	-59735.171167	-117986.745296	-88111.873044	-112425.452462
-6223.820892	-6367.922588	-5723.991182	-5636.618213	-130806.610680	-113951.406056	-122439.391606	-140234.196512
-2003.342152	-5465.783830	-5075.231800	-5442.202740	-59652.425009	-117800.085878	-89008.245052	-111939.950221
-2658.047099	-4625.581756	-5750.388593	-5646.207112	-130811.639823	-113961.263175	-122445.806556	-140240.276186
-1539.834027	-5456.261987	-4970.223304	-5432.367972	-59627.212242	-117792.955672	-89073.288628	-111918.067863
-6178.692720	-6325.208405	-5727.165130	-5634.561853	-130804.934300	-113950.087303	-122438.072853	-140233.011870
-5821.578899	-5617.842748	-5825.021067	-5649.157542	-59750.638574	-117992.847323	-88066.119023	-112444.093817
-4354.969186	-5431.563310	-5739.883273	-5645.156580	-130812.288024	-113960.190291	-122445.963019	-140240.812628
1433.126799	-5374.946341	-4419.588079	-5316.161253	-59582.598160	-117685.443781	-89624.795571	-111628.769234
-4195.645952	-5288.176869	-5750.276834	-5647.235292	-130814.813771	-113962.939556	-122448.891097	-140243.830114
-5576.648483	-5613.439454	-5780.094061	-5643.837827	-59736.400513	-117989.136933	-88128.055707	-112426.570049
-6258.175523	-6390.319036	-5725.444046	-5637.892263	-130807.974137	-113953.283602	-122441.336208	-140236.744611
-2132.490532	-5474.836287	-5096.398902	-5452.350432	-59657.252986	-117809.898294	-88982.227621	-111961.586709
-2725.147036	-4660.897513	-5754.054279	-5649.403411	-130814.903178	-113964.906510	-122449.449891	-140244.500666
-1402.080226	-5459.190066	-4939.199083	-5433.574967	-59628.039256	-117794.497942	-89096.400332	-111915.497412
-6171.093127	-6321.006277	-5730.093209	-5636.752324	-130807.035364	-113952.545995	-122440.531545	-140236.118762
-5866.908236	-5623.006001	-5833.492378	-5654.745478	-59752.180845	-117998.055279	-88053.892619	-112458.354230
-4458.368356	-5481.519458	-5737.178712	-5643.122571	-130810.209311	-113958.424504	-122444.241934	-140239.762096
1436.703078	-5373.649940	-4397.638666	-5314.708390	-59578.194866	-117683.610938	-89615.072562	-111631.138519
-4158.743222	-5269.557866	-5746.052354	-5641.915577	-130809.181131	-113957.821007	-122443.660789	-140239.270358
-5507.268668	-5608.455015	-5763.576122	-5637.624042	-59728.867975	-117983.079610	-88140.706794	-112419.149270
-6287.679826	-6408.826281	-5720.280793	-5633.444266	-130803.369677	-113949.014419	-122437.111728	-140233.034221
-5576.648483	-5613.439454	-5780.094061	-5643.837827	-59736.400513	-117989.136933	-88128.055707	-112426.570049
-6258.175523	-6390.319036	-5725.444046	-5637.892263	-130807.974137	-113953.283602	-122441.336208	-140236.744611
-2132.490532	-5474.836287	-5096.398902	-5452.350432	-59657.252986	-117809.898294	-88982.227621	-111961.586709
-2725.147036	-4660.897513	-5754.054279	-5649.403411	-130814.903178	-113964.906510	-122449.449891	-140244.500666
-1402.080226	-5459.190066	-4939.199083	-5433.574967	-59628.039256	-117794.497942	-89096.400332	-111915.497412
-6171.093127	-6321.006277	-5730.093209	-5636.752324	-130807.035364	-113952.545995	-122440.531545	-140236.118762
-5866.908236	-5623.006001	-5833.492378	-5654.745478	-59752.180845	-117998.055279	-88053.892619	-112458.354230
-4458.368356	-5481.519458	-5737.178712	-5643.122571	-130810.209311	-113958.424504	-122444.241934	-140239.762096
1436.703078	-5373.649940	-4397.638666	-5314.708390	-59578.194866	-117683.610938	-89615.072562	-111631.138519
-4158.743222	-5269.557866	-5746.052354	-5641.915577	-130809.181131	-113957.821007	-122443.660789	-140239.270358
-5507.268668	-5608.455015	-5763.576122	-5637.624042	-59728.867975	-117983.079610	-88140.706794	-112419.149270
-6287.679826	-6408.826281	-5720.280793	-5633.444266	-130803.369677	-113949.014419	-122437.111728	-140233.034221
-2266.310426	-5478.323159	-5113.721503	-5456.977243	-59657.409448	-117813.854553	-88956.545467	-111977.545855
-2790.548240	-4695.073330	-5751.573235	-5647.123533	-130812.310375	-113962.693687	-122447.326475	-140242.980748
-1260.504277	-5455.010290	-4899.748254	-5427.785865	-59622.116044	-117788.977061	-89114.192321	-111905.528534
-6157.123286	-6311.395027	-5727.679220	-5634.003059	-130803.839064	-113949.930841	-122437.938742	-140234.107105
-5906.917859	-5624.324754	-5838.096838	-5656.488914	-59749.811560	-117999.664605	-88037.844066	-112468.323108
-4564.472087	-5534.001354	-5734.541206	-5641.177969	-130807.840026	-113956.524605	-122442.431443	-140238.465695
1408.316363	-5377.717957	-4400.186765	-5318.888166	-59580.832372	-117687.544845	-89610.088123	-111639.252202
-4141.219454	-5265.691014	-5749.360412	-5644.955414	-130811.729230	-113960.883196	-122446.700626	-140242.779582
-5452.641005	-5610.109044	-5755.037755	-5638.205187	-59729.180900	-117983.951328	-88156.487126	-112417.785814
-6317.318239	-6429.076961	-5724.639383	-5637.624042	-130807.013012	-113953.127140	-122441.313856	-140237.750439
-2404.958296	-5489.566086	-5151.563007	-5469.538923	-59666.417201	-117826.125661	-88932.271472	-112001.395166
-2870.947465	-4740.983813	-5754.858941	-5651.325661	-130815.707840	-113966.694649	-122451.394493	-140247.518152
-1155.764002	-5455.077345	-4885.957227	-5426.377705	-59623.211279	-117787.725364	-89134.666519	-111899.582970
-2790.548240	-4695.073330	-5751.573235	-5647.123533	-130812.310375	-113962.693687	-122447.326475	-140242.980748
-1260.504277	-5455.010290	-4899.748254	-5427.785865	-59622.116044	-117788.977061	-89114.192321	-111905.528534
-6157.123286	-6311.395027	-5727.679220	-5634.003059	-130803.839064	-113949.930841	-122437.938742	-140234.107105
-5906.917859	-5624.324754	-5838.096838	-5656.488914	-59749.811560	-117999.664605	-88037.844066	-112468.323108
-4564.472087	-5534.001354	-5734.541206	-5641.177969	-130807.840026	-113956.524605	-122442.431443	-140238.465695
1408.316363	-5377.717957	-4400.186765	-5318.888166	-59580.832372	-117687.544845	-89610.088123	-111639.252202
-4141.219454	-5265.691014	-5749.360412	-5644.955414	-130811.729230	-113960.883196	-122446.700626	-140242.779582
-5452.641005	-5610.109044	-5755.037755	-5638.205187	-59729.180900	-117983.951328	-88156.487126	-112417.785814
-6317.318239	-6429.076961	-5724.639383	-5637.624042	-130807.013012	-113953.127140	-122441.313856	-140237.750439
-2404.958296	-5489.566086	-5151.563007	-5469.538923	-59666.417201	-117826.125661	-88932.271472	-112001.395166
-2870.947465	-4740.983813	-5754.858941	-5651.325661	-130815.707840	-113966.694649	-122451.394493	-140247.518152
-1155.764002	-5455.077345	-4885.957227	-5426.377705	-59623.211279	-117787.725364	-89134.666519	-111899.582970
-6144.092219	-6302.700198	-5730.227319	-5636.394696	-130805.426038	-113951.964849	-122440.129213	-140236.722259
-5949.833208	-5631.432609	-5850.345594	-5663.909693	-59755.555958	-118006.973625	-88024.365964	-112482.628224
-4653.789658	-5578.481326	-5736.619918	-5643.949585	-130810.030497	-113959.050352	-122445.158356	-140241.773753
1359.433098	-5380.042539	-4427.165321	-5321.056285	-59583.671043	-117689.623557	-89602.443826	-111644.303697
-4111.290468	-5253.509313	-5748.868674	-5645.089524	-130811.013974	-113960.771437	-122446.633571	-140243.204265
-5406.574059	-5608.030332	-5748.287529	-5634.807722	-59728.376237	-117980.844436	-88169.786414	-112411.192049
-6334.886710	-6439.582281	-5722.091284	-5635.835902	-130804.263747	-113950.847262	-122439.145737	-140236.118762
-2539.918129	-5492.002427	-5186.476432	-5473.115203	-59668.272396	-117829.210201	-88901.761341	-112014.135660
-2892.114567	-4745.431810	-5752.132029	-5649.693984	-130813.204445	-113964.593585	-122449.271077	-140245.975881
-1056.298739	-5450.495237	-4875.206038	-5419.962754	-59620.998457	-117781.936262	-89153.173763	-111886.864827
-6121.561661	-6286.741052	-5728.796807	-5635.411219	-130803.481436	-113950.713152	-122438.631646	-140235.917596
-5988.434671	-5632.617251	-5858.861608	-5665.407260	-59756.830008	-118008.515895	-88009.546758	-112488.998471
-4718.006220	-5604.476405	-5735.636441	-5644.038992	-130809.181131	-113958.759780	-122444.890135	-140241.885512
-4653.789658	-5578.481326	-5736.619918	-5643.949585	-130810.030497	-113959.050352	-122445.158356	-140241.773753
1359.433098	-5380.042539	-4427.165321	-5321.056285	-59583.671043	-117689.623557	-89602.443826	-111644.303697
-4111.290468	-5253.509313	-5748.868674	-5645.089524	-130811.013974	-113960.771437	-122446.633571	-140243.204265
-5406.574059	-5608.030332	-5748.287529	-5634.807722	-59728.376237	-117980.844436	-88169.786414	-112411.192049
-6334.886710	-6439.582281	-5722.091284	-5635.835902	-130804.263747	-113950.847262	-122439.145737	-140236.118762
-2539.918129	-5492.002427	-5186.476432	-5473.115203	-59668.272396	-117829.210201	-88901.761341	-112014.135660
-2892.114567	-4745.431810	-5752.132029	-5649.693984	-130813.204445	-113964.593585	-122449.271077	-140245.975881
-1056.298739	-5450.495237	-4875.206038	-5419.962754	-59620.998457	-117781.936262	-89153.173763	-111886.864827
-6121.561661	-6286.741052	-5728.796807	-5635.411219	-130803.481436	-113950.713152	-122438.631646	-140235.917596
-5988.434671	-5632.617251	-5858.861608	-5665.407260	-59756.830008	-118008.515895	-88009.546758	-112488.998471
-4718.006220	-5604.476405	-5735.636441	-5644.038992	-130809.181131	-113958.759780	-122444.890135	-140241.885512
1315.243699	-5382.858858	-4447.617167	-5323.872605	-59587.292026	-117692.328118	-89597.124111	-111648.908156
-4056.796915	-5223.490920	-5749.673337	-5646.520036	-130811.326898	-113961.710210	-122447.482937	-140244.523018
-5353.868646	-5607.292725	-5741.649060	-5632.885472	-59729.069141	-117979.190407	-88187.712513	-112404.419470
-6353.773934	-6451.495761	-5723.588851	-5638.205187	-130805.738962	-113952.680105	-122441.067987	-140238.532750
-2671.659311	-5496.092796	-5217.545356	-5478.703139	-59671.245178	-117834.284047	-88873.396978	-112028.597239
-2927.542082	-4756.920607	-5749.494523	-5648.107010	-130810.745753	-113962.380762	-122447.237068	-140244.411259
-948.898607	-5449.064726	-4859.604521	-5417.347600	-59620.841994	-117779.276404	-89174.542031	-111878.214702
-6103.367341	-6275.118145	-5730.763761	-5638.071077	-130805.247224	-113952.903623	-122440.911524	-140238.599806
-6021.023514	-5636.618213	-5866.908236	-5670.190533	-59760.026307	-118012.829782	-87998.080313	-112498.810887
-4799.835956	-5643.100219	-5734.138874	-5644.061344	-130808.242358	-113958.022172	-122444.376045	-140241.907864
1275.167021	-5385.518716	-4458.927150	-5326.979497	-59589.571904	-117694.675052	-89590.999733	-111654.987831
-4030.533615	-5212.963249	-5750.455648	-5648.486990	-130812.109210	-113962.805446	-122448.645228	-140246.378213
-5295.061206	-5607.359780	-5733.289508	-5632.125513	-59729.717342	-117978.139875	-88205.862129	-112399.658549
-6372.705862	-6463.565703	-5721.398380	-5637.266414	-130803.772009	-113951.137835	-122439.525716	-140237.638681
-5353.868646	-5607.292725	-5741.649060	-5632.885472	-59729.069141	-117979.190407	-88187.712513	-112404.419470
-6353.773934	-6451.495761	-5723.588851	-5638.205187	-130805.738962	-113952.680105	-122441.067987	-140238.532750
-2671.659311	-5496.092796	-5217.545356	-5478.703139	-59671.245178	-117834.284047	-88873.396978	-112028.597239
-2927.542082	-4756.920607	-5749.494523	-5648.107010	-130810.745753	-113962.380762	-122447.237068	-140244.411259
-948.898607	-5449.064726	-4859.604521	-5417.347600	-59620.841994	-117779.276404	-89174.542031	-111878.214702
-6103.367341	-6275.118145	-5730.763761	-5638.071077	-130805.247224	-113952.903623	-122440.911524	-140238.599806
-6021.023514	-5636.618213	-5866.908236	-5670.190533	-59760.026307	-118012.829782	-87998.080313	-112498.810887
-4799.835956	-5643.100219	-5734.138874	-5644.061344	-130808.242358	-113958.022172	-122444.376045	-140241.907864
1275.167021	-5385.518716	-4458.927150	-5326.979497	-59589.571904	-117694.675052	-89590.999733	-111654.987831
-4030.533615	-5212.963249	-5750.455648	-5648.486990	-130812.109210	-113962.805446	-122448.645228	-140246.378213
-5295.061206	-5607.359780	-5733.289508	-5632.125513	-59729.717342	-117978.139875	-88205.862129	-112399.658549
-6372.705862	-6463.565703	-5721.398380	-5637.266414	-130803.772009	-113951.137835	-122439.525716	-140237.638681
-2799.511290	-5501.837194	-5247.273177	-5486.168621	-59675.871989	-117840.654295	-88846.932512	-112045.606917
-2991.624533	-4791.208183	-5751.193255	-5651.236254	-130812.645651	-113964.884158	-122449.606353	-140247.451096
-848.829847	-5450.227016	-4848.138076	-5417.481711	-59623.211279	-117779.008183	-89196.402037	-111873.006746
-6089.419852	-6266.378613	-5731.143741	-5639.903920	-130805.493093	-113953.574175	-122441.693835	-140239.918559
-6057.881541	-5641.535597	-5877.301798	-5675.800821	-59764.407249	-118017.635407	-87986.189185	-112509.472669
-4883.900867	-5683.601580	-5733.177749	-5644.955414	-130807.817675	-113957.955117	-122444.376045	-140242.578416
1215.800788	-5388.647960	-4483.916400	-5330.645183	-59592.902314	-117697.647834	-89582.282553	-111661.492188
-4006.729008	-5203.240240	-5749.695688	-5648.643452	-130810.924567	-113962.157245	-122447.952324	-140246.333509
-5242.758124	-5605.839861	-5725.689915	-5629.733876	-59729.717342	-117975.412962	-88220.256653	-112392.237770
-6392.554211	-6477.468488	-5721.018400	-5638.473408	-130803.704954	-113951.428408	-122439.950399	-140238.711564
-2938.203864	-5509.213270	-5284.019444	-5494.952857	-59682.577513	-117848.455053	-88819.193997	-112063.063629
-3037.132685	-4811.525918	-5749.695688	-5651.102144	-130811.259843	-113963.811274	-122448.689931	-140247.138172
-759.311111	-5448.483580	-4841.074925	-5414.084245	-59623.121872	-117775.498959	-89213.143493	-111863.149627
-2991.624533	-4791.208183	-5751.193255	-5651.236254	-130812.645651	-113964.884158	-122449.606353	-140247.451096
-848.829847	-5450.227016	-4848.138076	-5417.481711	-59623.211279	-117779.008183	-89196.402037	-111873.006746
-6089.419852	-6266.378613	-5731.143741	-5639.903920	-130805.493093	-113953.574175	-122441.693835	-140239.918559
-6057.881541	-5641.535597	-5877.301798	-5675.800821	-59764.407249	-118017.635407	-87986.189185	-112509.472669
-4883.900867	-5683.601580	-5733.177749	-5644.955414	-130807.817675	-113957.955117	-122444.376045	-140242.578416
1215.800788	-5388.647960	-4483.916400	-5330.645183	-59592.902314	-117697.647834	-89582.282553	-111661.492188
-4006.729008	-5203.240240	-5749.695688	-5648.643452	-130810.924567	-113962.157245	-122447.952324	-140246.333509
-5242.758124	-5605.839861	-5725.689915	-5629.733876	-59729.717342	-117975.412962	-88220.256653	-112392.237770
-6392.554211	-6477.468488	-5721.018400	-5638.473408	-130803.704954	-113951.428408	-122439.950399	-140238.711564
-2938.203864	-5509.213270	-5284.019444	-5494.952857	-59682.577513	-117848.455053	-88819.193997	-112063.063629
-3037.132685	-4811.525918	-5749.695688	-5651.102144	-130811.259843	-113963.811274	-122448.689931	-140247.138172
-759.311111	-5448.483580	-4841.074925	-5414.084245	-59623.121872	-117775.498959	-89213.143493	-111863.149627
-6071.314939	-6255.694479	-5733.669488	-5643.144923	-130807.638861	-113956.211681	-122444.331341	-140243.248969
-6096.751225	-5649.135190	-5891.204583	-5683.758042	-59772.051546	-118024.922076	-87977.024970	-112520.402672
-4958.220417	-5720.459607	-5736.664621	-5649.559873	-130811.393954	-113961.956079	-122448.488766	-140247.316986
1148.387927	-5394.951152	-4513.688924	-5336.926024	-59599.607837	-117703.347528	-89575.152347	-111669.449409
-3969.893333	-5186.789356	-5752.176732	-5651.884455	-130812.913872	-113964.660640	-122450.433368	-140249.350995
-5188.823365	-5605.482233	-5718.582060	-5627.878681	-59730.566708	-117973.289546	-88237.400441	-112383.945272
-6407.216955	-6487.437366	-5720.906642	-5639.143960	-130803.302622	-113951.383704	-122439.972751	-140239.292710
-3066.592284	-5515.382351	-5314.954259	-5502.261877	-59687.785469	-117854.735894	-88792.371904	-112077.636966
-3073.633084	-4826.099256	-5752.109677	-5654.343147	-130813.293852	-113966.247614	-122451.215679	-140250.267416
-657.387156	-5448.505932	-4828.759113	-5412.653734	-59624.351218	-117773.688468	-89233.617691	-111854.544205
-6046.459800	-6238.774209	-5733.490674	-5643.122571	-130806.230701	-113955.407018	-122443.459623	-140242.891341
-6118.834748	-5651.213902	-5895.920801	-5686.015568	-59773.258540	-118026.531401	-87966.944333	-112524.962428
-5023.845139	-5750.187427	-5735.904662	-5649.269301	-130809.784628	-113960.749085	-122447.393530	-140246.780544
-4958.220417	-5720.459607	-5736.664621	-5649.559873	-130811.393954	-113961.956079	-122448.488766	-140247.316986
1148.387927	-5394.951152	-4513.688924	-5336.926024	-59599.607837	-117703.347528	-89575.152347	-111669.449409
-3969.893333	-5186.789356	-5752.176732	-5651.884455	-130812.913872	-113964.660640	-122450.433368	-140249.350995
-5188.823365	-5605.482233	-5718.582060	-5627.878681	-59730.566708	-117973.289546	-88237.400441	-112383.945272
-6407.216955	-6487.437366	-5720.906642	-5639.143960	-130803.302622	-113951.383704	-122439.972751	-140239.292710
-3066.592284	-5515.382351	-5314.954259	-5502.261877	-59687.785469	-117854.735894	-88792.371904	-112077.636966
-3073.633084	-4826.099256	-5752.109677	-5654.343147	-130813.293852	-113966.247614	-122451.215679	-140250.267416
-657.387156	-5448.505932	-4828.759113	-5412.653734	-59624.351218	-117773.688468	-89233.617691	-111854.544205
-6046.459800	-6238.774209	-5733.490674	-5643.122571	-130806.230701	-113955.407018	-122443.459623	-140242.891341
-6118.834748	-5651.213902	-5895.920801	-5686.015568	-59773.258540	-118026.531401	-87966.944333	-112524.962428
-5023.845139	-5750.187427	-5735.904662	-5649.269301	-130809.784628	-113960.749085	-122447.393530	-140246.780544
1111.731066	-5397.767472	-4519.634488	-5339.831750	-59601.865363	-117705.336834	-89566.591628	-111674.076220
-3931.314222	-5168.729147	-5753.808409	-5653.516132	-130813.025631	-113965.197082	-122451.193327	-140250.535637
-5110.771073	-5603.694094	-5704.880441	-5624.682382	-59728.957382	-117969.713267	-88256.019444	-112374.021098
-6417.230537	-6493.271171	-5720.280793	-5638.316946	-130800.978041	-113949.461454	-122438.274019	-140238.130419
-3173.746547	-5519.942107	-5335.070829	-5507.916869	-59690.087699	-117859.340353	-88764.543982	-112091.070365
-3108.658267	-4841.566663	-5751.550883	-5653.896112	-130811.438657	-113964.727696	-122450.008684	-140249.552160
-528.797570	-5445.510798	-4800.819433	-5407.848109	-59621.512547	-117768.592270	-89251.588494	-111842.876594
-6017.558994	-6219.730523	-5733.803598	-5642.809646	-130804.464913	-113953.976506	-122442.319684	-140242.220788
-6133.162216	-5653.069097	-5897.463071	-5687.781356	-59773.079726	-118027.380768	-87955.768461	-112529.008094
-5088.665198	-5780.362282	-5736.016421	-5649.716336	-130808.823503	-113960.056181	-122446.901792	-140246.825248
1071.386167	-5400.539088	-4524.797741	-5342.513960	-59603.675855	-117707.057918	-89557.829745	-111678.926549
-3892.757463	-5151.406545	-5755.261273	-5655.103106	-130813.070335	-113965.778228	-122451.752120	-140251.787335
-5032.919947	-5604.834033	-5693.413996	-5624.235347	-59729.784397	-117968.908604	-88277.790043	-112366.913243
-6430.619232	-6503.262401	-5725.287584	-5643.122571	-130804.263747	-113953.149492	-122442.096167	-140242.511361
-5110.771073	-5603.694094	-5704.880441	-5624.682382	-59728.957382	-117969.713267	-88256.019444	-112374.021098
-6417.230537	-6493.271171	-5720.280793	-5638.316946	-130800.978041	-113949.461454	-122438.274019	-140238.130419
-3173.746547	-5519.942107	-5335.070829	-5507.916869	-59690.087699	-117859.340353	-88764.543982	-112091.070365
-3108.658267	-4841.566663	-5751.550883	-5653.896112	-130811.438657	-113964.727696	-122450.008684	-140249.552160
-528.797570	-5445.510798	-4800.819433	-5407.848109	-59621.512547	-117768.592270	-89251.588494	-111842.876594
-6017.558994	-6219.730523	-5733.803598	-5642.809646	-130804.464913	-113953.976506	-122442.319684	-140242.220788
-6133.162216	-5653.069097	-5897.463071	-5687.781356	-59773.079726	-118027.380768	-87955.768461	-112529.008094
-5088.665198	-5780.362282	-5736.016421	-5649.716336	-130808.823503	-113960.056181	-122446.901792	-140246.825248
1071.386167	-5400.539088	-4524.797741	-5342.513960	-59603.675855	-117707.057918	-89557.829745	-111678.926549
-3892.757463	-5151.406545	-5755.261273	-5655.103106	-130813.070335	-113965.778228	-122451.752120	-140251.787335
-5032.919947	-5604.834033	-5693.413996	-5624.235347	-59729.784397	-117968.908604	-88277.790043	-112366.913243
-6430.619232	-6503.262401	-5725.287584	-5643.122571	-130804.263747	-113953.149492	-122442.096167	-140242.511361
-3284.588848	-5528.100494	-5359.568341	-5517.058732	-59696.100318	-117867.543443	-88741.298168	-112107.700063
-3138.363735	-4852.943701	-5753.562540	-5656.645376	-130812.444486	-113966.292318	-122451.483900	-140251.675576
-415.362467	-5444.862598	-4781.127546	-5405.747045	-59621.445491	-117766.222986	-89271.481546	-111833.980600
-5989.261686	-6201.580906	-5735.591738	-5644.731896	-130804.621375	-113954.647059	-122442.923181	-140243.517189
-6148.137885	-5655.728955	-5901.173461	-5690.351807	-59774.152610	-118029.526535	-87948.012405	-112533.523146
-5140.185969	-5802.199936	-5735.927014	-5650.319833	-130807.862378	-113959.363277	-122446.365350	-140246.981710
1032.091800	-5402.014303	-4526.295307	-5343.989175	-59604.391110	-117708.019043	-89547.324425	-111682.212255
-3835.380535	-5119.130626	-5754.635424	-5654.656071	-130810.924567	-113964.057143	-122450.120443	-140250.826210
-4950.799638	-5601.369512	-5677.499554	-5619.273260	-59726.766911	-117963.901813	-88295.134997	-112354.932708
-6438.598804	-6508.246840	-5726.092246	-5644.374269	-130803.794361	-113953.194195	-122442.230277	-140243.338375
-3393.017160	-5534.470741	-5381.584809	-5524.591270	-59700.682426	-117874.181911	-88715.727772	-112122.295752
-3152.199465	-4853.971881	-5753.719002	-5657.405336	-130811.662175	-113965.912338	-122451.238030	-140252.033204
-300.675666	-5441.822760	-4755.914778	-5401.209641	-59619.165614	-117761.350305	-89287.753616	-111822.558859
-415.362467	-5444.862598	-4781.127546	-5405.747045	-59621.445491	-117766.222986	-89271.481546	-111833.980600
-5989.261686	-6201.580906	-5735.591738	-5644.731896	-130804.621375	-113954.647059	-122442.923181	-140243.517189
-6148.137885	-5655.728955	-5901.173461	-5690.351807	-59774.152610	-118029.526535	-87948.012405	-112533.523146
-5140.185969	-5802.199936	-5735.927014	-5650.319833	-130807.862378	-113959.363277	-122446.365350	-140246.981710
1032.091800	-5402.014303	-4526.295307	-5343.989175	-59604.391110	-117708.019043	-89547.324425	-111682.212255
-3835.380535	-5119.130626	-5754.635424	-5654.656071	-130810.924567	-113964.057143	-122450.120443	-140250.826210
-4950.799638	-5601.369512	-5677.499554	-5619.273260	-59726.766911	-117963.901813	-88295.134997	-112354.932708
-6438.598804	-6508.246840	-5726.092246	-5644.374269	-130803.794361	-113953.194195	-122442.230277	-140243.338375
-3393.017160	-5534.470741	-5381.584809	-5524.591270	-59700.682426	-117874.181911	-88715.727772	-112122.295752
-3152.199465	-4853.971881	-5753.719002	-5657.405336	-130811.662175	-113965.912338	-122451.238030	-140252.033204
-300.675666	-5441.822760	-4755.914778	-5401.209641	-59619.165614	-117761.350305	-89287.753616	-111822.558859
-5956.024642	-6180.570266	-5735.122351	-5644.553083	-130802.743829	-113953.261251	-122441.559725	-140242.734878
-6162.197132	-5655.907769	-5903.095711	-5690.798842	-59773.504409	-118029.235963	-87936.344795	-112535.311286
-5196.557068	-5828.373829	-5734.518854	-5649.671632	-130805.560148	-113957.508082	-122444.621914	-140245.797067
979.229925	-5405.545879	-4539.236967	-5347.811323	-59607.274486	-117710.880066	-89535.634462	-111688.180171
-3793.359255	-5099.818718	-5756.892950	-5657.517094	-130811.818637	-113965.510007	-122451.550955	-140252.815515
-4871.942684	-5600.743663	-5665.764888	-5617.574527	-59727.079836	-117961.510177	-88314.446904	-112345.612031
-6447.718316	-6514.438273	-5726.405171	-5645.424801	-130803.101457	-113952.881271	-122442.051463	-140243.696003
-3509.648563	-5538.292889	-5409.323324	-5529.933337	-59703.252876	-117878.205225	-88685.038827	-112135.058598
-3193.304323	-4871.719166	-5751.908511	-5656.734783	-130809.091724	-113963.699515	-122449.293429	-140250.513285
-204.138482	-5439.855807	-4748.024612	-5398.058045	-59618.383302	-117757.774026	-89302.438712	-111812.657036
-5926.587394	-6162.510057	-5735.792903	-5645.782428	-130801.961518	-113953.104788	-122441.403263	-140243.137210
-6180.458508	-5657.651205	-5908.303667	-5692.944609	-59775.091383	-118030.577067	-87925.817123	-112538.708751
-5255.744488	-5854.614777	-5732.484845	-5648.866969	-130802.833236	-113955.250556	-122442.453795	-140244.254797
900.440025	-5406.082321	-4564.270921	-5348.995966	-59607.989741	-117711.170639	-89519.675317	-111691.510581
-5196.557068	-5828.373829	-5734.518854	-5649.671632	-130805.560148	-113957.508082	-122444.621914	-140245.797067
979.229925	-5405.545879	-4539.236967	-5347.811323	-59607.274486	-117710.880066	-89535.634462	-111688.180171
-3793.359255	-5099.818718	-5756.892950	-5657.517094	-130811.818637	-113965.510007	-122451.550955	-140252.815515
-4871.942684	-5600.743663	-5665.764888	-5617.574527	-59727.079836	-117961.510177	-88314.446904	-112345.612031
-6447.718316	-6514.438273	-5726.405171	-5645.424801	-130803.101457	-113952.881271	-122442.051463	-140243.696003
-3509.648563	-5538.292889	-5409.323324	-5529.933337	-59703.252876	-117878.205225	-88685.038827	-112135.058598
-3193.304323	-4871.719166	-5751.908511	-5656.734783	-130809.091724	-113963.699515	-122449.293429	-140250.513285
-204.138482	-5439.855807	-4748.024612	-5398.058045	-59618.383302	-117757.774026	-89302.438712	-111812.657036
-5926.587394	-6162.510057	-5735.792903	-5645.782428	-130801.961518	-113953.104788	-122441.403263	-140243.137210
-6180.458508	-5657.651205	-5908.303667	-5692.944609	-59775.091383	-118030.577067	-87925.817123	-112538.708751
-5255.744488	-5854.614777	-5732.484845	-5648.866969	-130802.833236	-113955.250556	-122442.453795	-140244.254797
900.440025	-5406.082321	-4564.270921	-5348.995966	-59607.989741	-117711.170639	-89519.675317	-111691.510581
-3752.813191	-5077.981064	-5755.797715	-5657.204170	-130809.471704	-113963.811274	-122449.896926	-140251.608521
-4801.847613	-5597.614419	-5654.186684	-5613.081826	-59725.135234	-117956.704552	-88329.646090	-112333.877365
-6456.100220	-6520.719113	-5727.142778	-5646.989423	-130802.833236	-113953.127140	-122442.364388	-140244.545370
-3633.074896	-5546.250110	-5438.715868	-5539.186959	-59710.226620	-117886.341260	-88658.775527	-112150.950688
-3216.572489	-4879.855201	-5755.954177	-5661.674519	-130812.243320	-113967.298146	-122452.847356	-140254.827172
-112.541033	-5440.928691	-4738.592176	-5397.722769	-59620.663180	-117757.081122	-89319.828370	-111805.146850
-5892.500984	-6141.722934	-5737.156360	-5647.503513	-130801.872111	-113953.373009	-122441.872649	-140244.187742
-6194.316589	-5659.662862	-5912.349333	-5694.978618	-59776.320729	-118031.784061	-87916.295280	-112541.212146
-5307.511128	-5879.648731	-5734.675316	-5651.817399	-130804.151989	-113956.837530	-122444.420748	-140246.713489
840.000908	-5410.999705	-4575.737366	-5354.002756	-59612.303628	-117715.328063	-89507.895947	-111698.439622
-3697.649085	-5048.744982	-5757.921130	-5659.595807	-130810.231663	-113964.928861	-122451.148623	-140253.441364
-4712.641801	-5595.781576	-5638.741629	-5609.706713	-59723.682371	-117952.949459	-88348.935646	-112322.321513
-6461.196418	-6523.580137	-5728.550938	-5648.509341	-130802.654422	-113953.328306	-122442.699664	-140245.528846
-6456.100220	-6520.719113	-5727.142778	-5646.989423	-130802.833236	-113953.127140	-122442.364388	-140244.545370
-3633.074896	-5546.250110	-5438.715868	-5539.186959	-59710.226620	-117886.341260	-88658.775527	-112150.950688
-3216.572489	-4879.855201	-5755.954177	-5661.674519	-130812.243320	-113967.298146	-122452.847356	-140254.827172
-112.541033	-5440.928691	-4738.592176	-5397.722769	-59620.663180	-117757.081122	-89319.828370	-111805.146850
-5892.500984	-6141.722934	-5737.156360	-5647.503513	-130801.872111	-113953.373009	-122441.872649	-140244.187742
-6194.316589	-5659.662862	-5912.349333	-5694.978618	-59776.320729	-118031.784061	-87916.295280	-112541.212146
-5307.511128	-5879.648731	-5734.675316	-5651.817399	-130804.151989	-113956.837530	-122444.420748	-140246.713489
840.000908	-5410.999705	-4575.737366	-5354.002756	-59612.303628	-117715.328063	-89507.895947	-111698.439622
-3697.649085	-5048.744982	-5757.921130	-5659.595807	-130810.231663	-113964.928861	-122451.148623	-140253.441364
-4712.641801	-5595.781576	-5638.741629	-5609.706713	-59723.682371	-117952.949459	-88348.935646	-112322.321513
-6461.196418	-6523.580137	-5728.550938	-5648.509341	-130802.654422	-113953.328306	-122442.699664	-140245.528846
-3731.713144	-5550.921625	-5455.591435	-5544.797247	-59712.752368	-117890.945720	-88630.701736	-112163.378258
-3227.234271	-4874.848410	-5755.820066	-5662.054498	-130810.723401	-113966.359373	-122451.997990	-140254.514248
12.785198	-5439.788752	-4707.903231	-5394.995856	-59619.702055	-117753.840119	-89337.441544	-111795.312082
-5855.844123	-6119.639411	-5741.738467	-5652.063269	-130804.375506	-113956.502254	-122445.001894	-140247.942835
-6199.412787	-5663.529714	-5914.539804	-5698.599601	-59778.466496	-118034.868602	-87912.562539	-112545.637792
-5353.198094	-5898.804176	-5734.071819	-5651.727993	-130802.117980	-113955.228204	-122442.900830	-140245.864123
796.079731	-5410.619725	-4567.444869	-5353.645128	-59610.694302	-117714.098717	-89492.920279	-111700.406575
-3637.858169	-5013.362171	-5756.401212	-5658.232350	-130806.722439	-113962.023134	-122448.354655	-140251.250893
-4610.226108	-5591.378282	-5617.239251	-5603.761149	-59719.368484	-117946.869784	-88367.800518	-112308.619894
-6461.822267	-6522.820177	-5728.126255	-5647.995251	-130800.262785	-113951.383704	-122440.956228	-140244.210094
-3821.231880	-5554.184980	-5469.740089	-5549.245244	-59713.892307	-117894.454943	-88604.371381	-112174.643537
-3242.567568	-4877.709434	-5756.423564	-5663.060327	-130809.985794	-113966.024097	-122451.908583	-140254.916579
128.142551	-5437.598281	-4678.398928	-5391.508984	-59618.092730	-117750.017971	-89353.803021	-111785.276149
-5816.035666	-6095.812451	-5742.811351	-5652.957338	-130803.392029	-113956.122274	-122444.666617	-140248.099297
12.785198	-5439.788752	-4707.903231	-5394.995856	-59619.702055	-117753.840119	-89337.441544	-111795.312082
-5855.844123	-6119.639411	-5741.738467	-5652.063269	-130804.375506	-113956.502254	-122445.001894	-140247.942835
-6199.412787	-5663.529714	-5914.539804	-5698.599601	-59778.466496	-118034.868602	-87912.562539	-112545.637792
-5353.198094	-5898.804176	-5734.071819	-5651.727993	-130802.117980	-113955.228204	-122442.900830	-140245.864123
796.079731	-5410.619725	-4567.444869	-5353.645128	-59610.694302	-117714.098717	-89492.920279	-111700.406575
-3637.858169	-5013.362171	-5756.401212	-5658.232350	-130806.722439	-113962.023134	-122448.354655	-140251.250893
-4610.226108	-5591.378282	-5617.239251	-5603.761149	-59719.368484	-117946.869784	-88367.800518	-112308.619894
-6461.822267	-6522.820177	-5728.126255	-5647.995251	-130800.262785	-113951.383704	-122440.956228	-140244.210094
-3821.231880	-5554.184980	-5469.740089	-5549.245244	-59713.892307	-117894.454943	-88604.371381	-112174.643537
-3242.567568	-4877.709434	-5756.423564	-5663.060327	-130809.985794	-113966.024097	-122451.908583	-140254.916579
128.142551	-5437.598281	-4678.398928	-5391.508984	-59618.092730	-117750.017971	-89353.803021	-111785.276149
-5816.035666	-6095.812451	-5742.811351	-5652.957338	-130803.392029	-113956.122274	-122444.666617	-140248.099297
-6205.313647	-5666.614254	-5917.445531	-5701.974714	-59780.813429	-118037.461404	-87909.880329	-112549.169367
-5406.328190	-5926.006249	-5739.369183	-5657.271225	-130805.940128	-113959.564443	-122447.482937	-140250.915617
734.791247	-5419.515719	-4579.760680	-5363.166972	-59618.763282	-117722.659436	-89486.415921	-111712.297703
-3591.053616	-4989.982246	-5762.212665	-5664.267321	-130810.924567	-113966.784056	-122453.160280	-140256.637663
-4515.052380	-5589.254867	-5600.475442	-5600.408387	-59718.005028	-117942.958229	-88389.526414	-112297.019338
-6462.939854	-6522.306087	-5726.360467	-5646.587091	-130796.910023	-113948.612088	-122438.206963	-140242.220788
-3922.865262	-5557.336576	-5489.856659	-5553.603834	-59715.456929	-117897.561836	-88577.035198	-112185.372375
-3269.166144	-4883.923219	-5755.261273	-5662.568589	-130807.594157	-113964.057143	-122450.053388	-140253.754288
222.444561	-5435.251347	-4662.551542	-5387.910353	-59616.170480	-117745.949953	-89367.929324	-111775.016698
-5778.037700	-6072.387823	-5743.839531	-5654.119629	-130802.609718	-113955.988163	-122444.577210	-140248.591035
-6210.454549	-5667.396565	-5918.808987	-5702.757025	-59780.612264	-118037.371998	-87904.270041	-112549.437588
-5453.266853	-5947.218054	-5736.955194	-5655.550141	-130802.497959	-113956.502254	-122444.510155	-140248.546332
665.254970	-5419.694533	-4588.813137	-5363.681062	-59617.779805	-117722.190049	-89468.467470	-111715.091671
-5406.328190	-5926.006249	-5739.369183	-5657.271225	-130805.940128	-113959.564443	-122447.482937	-140250.915617
734.791247	-5419.515719	-4579.760680	-5363.166972	-59618.763282	-117722.659436	-89486.415921	-111712.297703
-3591.053616	-4989.982246	-5762.212665	-5664.267321	-130810.924567	-113966.784056	-122453.160280	-140256.637663
-4515.052380	-5589.254867	-5600.475442	-5600.408387	-59718.005028	-117942.958229	-88389.526414	-112297.019338
-6462.939854	-6522.306087	-5726.360467	-5646.587091	-130796.910023	-113948.612088	-122438.206963	-140242.220788
-3922.865262	-5557.336576	-5489.856659	-5553.603834	-59715.456929	-117897.561836	-88577.035198	-112185.372375
-3269.166144	-4883.923219	-5755.261273	-5662.568589	-130807.594157	-113964.057143	-122450.053388	-140253.754288
222.444561	-5435.251347	-4662.551542	-5387.910353	-59616.170480	-117745.949953	-89367.929324	-111775.016698
-5778.037700	-6072.387823	-5743.839531	-5654.119629	-130802.609718	-113955.988163	-122444.577210	-140248.591035
-6210.454549	-5667.396565	-5918.808987	-5702.757025	-59780.612264	-118037.371998	-87904.270041	-112549.437588
-5453.266853	-5947.218054	-5736.955194	-5655.550141	-130802.497959	-113956.502254	-122444.510155	-140248.546332
665.254970	-5419.694533	-4588.813137	-5363.681062	-59617.779805	-117722.190049	-89468.467470	-111715.091671
-3542.930310	-4964.300092	-5762.011500	-5664.312025	-130808.912910	-113965.375896	-122451.796824	-140255.922408
-4423.119655	-5589.456032	-5585.723291	-5598.910820	-59718.608525	-117941.125386	-88412.034620	-112287.028108
-6471.053537	-6529.212776	-5731.769589	-5652.353841	-130800.843930	-113953.060085	-122442.722016	-140247.272283
-4026.510301	-5566.947826	-5514.018895	-5564.377375	-59723.212984	-117907.195438	-88554.504639	-112202.404404
-3297.552859	-4895.523774	-5759.105773	-5667.016586	-130810.075201	-113967.007573	-122453.160280	-140257.375271
325.530806	-5435.161940	-4642.703193	-5386.681007	-59616.639866	-117744.161814	-89382.994399	-111767.059477
-5737.603395	-6048.739678	-5745.158284	-5655.550141	-130802.095628	-113955.854053	-122444.621914	-140249.239236
-6213.293220	-5668.692967	-5920.328906	-5704.187537	-59781.483982	-118038.064902	-87900.179672	-112550.108141
-5503.133595	-5971.603807	-5737.134008	-5656.354804	-130801.536834	-113955.921108	-122444.152527	-140248.881608
592.656504	-5421.996763	-4600.927782	-5366.653844	-59619.366779	-117724.112299	-89451.994235	-111720.836070
-3497.869193	-4939.020269	-5760.558636	-5662.970920	-130805.828369	-113962.693687	-122449.382836	-140254.022509
-4323.855558	-5583.555172	-5565.025576	-5591.713559	-59713.735844	-117933.436386	-88429.334870	-112271.404239
-6472.416994	-6529.324535	-5730.115560	-5650.990385	-130797.580576	-113950.333172	-122440.062158	-140245.372384
-6471.053537	-6529.212776	-5731.769589	-5652.353841	-130800.843930	-113953.060085	-122442.722016	-140247.272283
-4026.510301	-5566.947826	-5514.018895	-5564.377375	-59723.212984	-117907.195438	-88554.504639	-112202.404404
-3297.552859	-4895.523774	-5759.105773	-5667.016586	-130810.075201	-113967.007573	-122453.160280	-140257.375271
325.530806	-5435.161940	-4642.703193	-5386.681007	-59616.639866	-117744.161814	-89382.994399	-111767.059477
-5737.603395	-6048.739678	-5745.158284	-5655.550141	-130802.095628	-113955.854053	-122444.621914	-140249.239236
-6213.293220	-5668.692967	-5920.328906	-5704.187537	-59781.483982	-118038.064902	-87900.179672	-112550.108141
-5503.133595	-5971.603807	-5737.134008	-5656.354804	-130801.536834	-113955.921108	-122444.152527	-140248.881608
592.656504	-5421.996763	-4600.927782	-5366.653844	-59619.366779	-117724.112299	-89451.994235	-111720.836070
-3497.869193	-4939.020269	-5760.558636	-5662.970920	-130805.828369	-113962.693687	-122449.382836	-140254.022509
-4323.855558	-5583.555172	-5565.025576	-5591.713559	-59713.735844	-117933.436386	-88429.334870	-112271.404239
-6472.416994	-6529.324535	-5730.115560	-5650.990385	-130797.580576	-113950.333172	-122440.062158	-140245.372384
-4131.764666	-5571.217009	-5536.460046	-5569.965311	-59726.029304	-117911.509324	-88526.632014	-112214.608456
-3337.830703	-4912.689914	-5758.703441	-5667.038937	-130808.331765	-113965.778228	-122452.020341	-140257.062347
411.897947	-5433.954946	-4633.002535	-5384.177611	-59616.081073	-117740.987866	-89396.248984	-111758.521111
-5697.996104	-6025.650325	-5745.828837	-5656.332452	-130800.732172	-113955.295259	-122443.996065	-140249.373346
-6217.942383	-5669.318815	-5922.206452	-5704.791034	-59781.662796	-118037.550811	-87895.195233	-112550.063437
-5554.341442	-5997.241258	-5735.435275	-5655.393679	-130798.586404	-113953.417713	-122441.693835	-140247.227579
498.354494	-5424.164882	-4628.599242	-5369.380757	-59620.886698	-117725.498107	-89434.135191	-111726.647523
-3465.101536	-4924.826911	-5761.005671	-5663.574417	-130804.330802	-113961.799617	-122448.444062	-140253.843695
-4235.186188	-5581.744681	-5551.189846	-5588.427852	-59712.998237	-117929.502479	-88450.904304	-112259.200187
-6476.283845	-6532.342021	-5731.255499	-5652.465600	-130797.178244	-113950.400227	-122440.397434	-140246.311158
-4242.495208	-5576.156744	-5560.801096	-5576.313207	-59729.806749	-117916.337301	-88499.228775	-112227.393654
-3377.393291	-4929.945461	-5758.569331	-5667.418917	-130806.834198	-113964.839454	-122451.327437	-140256.861181
492.610096	-5432.144455	-4625.849977	-5381.450699	-59615.544631	-117737.478642	-89409.324754	-111749.267489
-5655.773658	-6001.957476	-5747.460514	-5657.762964	-130800.486302	-113955.652887	-122444.331341	-140250.334472
-5697.996104	-6025.650325	-5745.828837	-5656.332452	-130800.732172	-113955.295259	-122443.996065	-140249.373346
-6217.942383	-5669.318815	-5922.206452	-5704.791034	-59781.662796	-118037.550811	-87895.195233	-112550.063437
-5554.341442	-5997.241258	-5735.435275	-5655.393679	-130798.586404	-113953.417713	-122441.693835	-140247.227579
498.354494	-5424.164882	-4628.599242	-5369.380757	-59620.886698	-117725.498107	-89434.135191	-111726.647523
-3465.101536	-4924.826911	-5761.005671	-5663.574417	-130804.330802	-113961.799617	-122448.444062	-140253.843695
-4235.186188	-5581.744681	-5551.189846	-5588.427852	-59712.998237	-117929.502479	-88450.904304	-112259.200187
-6476.283845	-6532.342021	-5731.255499	-5652.465600	-130797.178244	-113950.400227	-122440.397434	-140246.311158
-4242.495208	-5576.156744	-5560.801096	-5576.313207	-59729.806749	-117916.337301	-88499.228775	-112227.393654
-3377.393291	-4929.945461	-5758.569331	-5667.418917	-130806.834198	-113964.839454	-122451.327437	-140256.861181
492.610096	-5432.144455	-4625.849977	-5381.450699	-59615.544631	-117737.478642	-89409.324754	-111749.267489
-5655.773658	-6001.957476	-5747.460514	-5657.762964	-130800.486302	-113955.652887	-122444.331341	-140250.334472
-6223.865595	-5673.409185	-5927.414409	-5708.926107	-59785.775517	-118040.791814	-87895.709323	-112553.147978
-5607.940925	-6026.320878	-5740.754991	-5660.959263	-130802.453256	-113957.955117	-122446.342998	-140252.413184
407.226432	-5433.038525	-4651.308614	-5379.081414	-59629.223899	-117734.036474	-89423.428705	-111739.410369
-3425.427190	-4905.112672	-5766.325386	-5668.715318	-130807.705916	-113965.934690	-122452.489728	-140258.559913
-4135.743277	-5581.476460	-5535.789494	-5586.840878	-59713.847603	-117927.244953	-88476.564107	-112248.471349
-6478.295502	-6533.861939	-5733.557729	-5654.589016	-130797.424113	-113951.271945	-122441.291504	-140247.875780
-4340.239387	-5581.230590	-5580.135355	-5582.728157	-59733.315972	-117921.701720	-88474.440691	-112240.044742
-3409.848024	-4943.870597	-5759.105773	-5668.044766	-130805.649555	-113964.146550	-122450.634533	-140256.928236
585.772167	-5432.971470	-4609.555556	-5381.093071	-59616.528108	-117736.673979	-89425.686231	-111742.606669
-5614.422931	-5980.075119	-5753.137857	-5663.015623	-130803.749657	-113959.542091	-122448.309952	-140254.983634
-6222.770360	-5678.505382	-5930.677763	-5714.067008	-59789.620017	-118045.016294	-87899.754989	-112556.590147
-5656.667728	-6052.785343	-5743.817180	-5664.043804	-130803.704954	-113959.519739	-122448.287600	-140255.050690
329.420010	-5437.464170	-4658.483524	-5384.311722	-59632.084922	-117738.015084	-89408.922423	-111747.769922
-3384.501145	-4887.253629	-5768.582913	-5670.928141	-130807.683564	-113966.560539	-122453.294391	-140259.990425
407.226432	-5433.038525	-4651.308614	-5379.081414	-59629.223899	-117734.036474	-89423.428705	-111739.410369
-3425.427190	-4905.112672	-5766.325386	-5668.715318	-130807.705916	-113965.934690	-122452.489728	-140258.559913
-4135.743277	-5581.476460	-5535.789494	-5586.840878	-59713.847603	-117927.244953	-88476.564107	-112248.471349
-6478.295502	-6533.861939	-5733.557729	-5654.589016	-130797.424113	-113951.271945	-122441.291504	-140247.875780
-4340.239387	-5581.230590	-5580.135355	-5582.728157	-59733.315972	-117921.701720	-88474.440691	-112240.044742
-3409.848024	-4943.870597	-5759.105773	-5668.044766	-130805.649555	-113964.146550	-122450.634533	-140256.928236
585.772167	-5432.971470	-4609.555556	-5381.093071	-59616.528108	-117736.673979	-89425.686231	-111742.606669
-5614.422931	-5980.075119	-5753.137857	-5663.015623	-130803.749657	-113959.542091	-122448.309952	-140254.983634
-6222.770360	-5678.505382	-5930.677763	-5714.067008	-59789.620017	-118045.016294	-87899.754989	-112556.590147
-5656.667728	-6052.785343	-5743.817180	-5664.043804	-130803.704954	-113959.519739	-122448.287600	-140255.050690
329.420010	-5437.464170	-4658.483524	-5384.311722	-59632.084922	-117738.015084	-89408.922423	-111747.769922
-3384.501145	-4887.253629	-5768.582913	-5670.928141	-130807.683564	-113966.560539	-122453.294391	-140259.990425
-4024.364534	-5580.671797	-5514.488282	-5584.605704	-59712.841775	-117924.406281	-88501.866281	-112237.340181
-6479.346034	-6534.711305	-5736.105828	-5656.868894	-130797.558224	-113952.031905	-122442.274981	-140249.529809
-4429.668716	-5588.003169	-5598.016751	-5590.975951	-59737.383990	-117928.362540	-88451.954836	-112254.506320
-3454.618568	-4964.702423	-5761.609168	-5670.637568	-130806.118942	-113965.331193	-122451.997990	-140259.029300
680.454156	-5431.451551	-4587.337922	-5378.813193	-59614.449395	-117733.432976	-89438.717298	-111734.716503
-5567.596026	-5952.336604	-5751.819104	-5661.182780	-130799.502826	-113956.099922	-122445.001894	-140252.368480
-6210.432197	-5675.689063	-5925.045124	-5711.250688	-59784.926150	-118041.149442	-87896.111655	-112552.700943
-5701.997066	-6074.287721	-5741.269081	-5661.406298	-130798.787570	-113955.384666	-122444.286638	-140251.742631
246.673852	-5439.386420	-4671.045205	-5387.172745	-59632.062570	-117739.602058	-89390.638696	-111755.056590
-3360.249503	-4875.027224	-5768.918189	-5670.771679	-130805.314279	-113964.995916	-122451.752120	-140259.118707
-3915.109207	-5577.341387	-5492.494165	-5580.023596	-59709.287847	-117919.377139	-88523.502770	-112225.091425
-6479.658959	-6534.376029	-5737.603395	-5657.651205	-130796.261823	-113951.473111	-122441.783242	-140249.619216
-4523.031953	-5592.138242	-5616.613402	-5596.452128	-59738.903909	-117932.832889	-88425.982109	-112267.425629
-6479.346034	-6534.711305	-5736.105828	-5656.868894	-130797.558224	-113952.031905	-122442.274981	-140249.529809
-4429.668716	-5588.003169	-5598.016751	-5590.975951	-59737.383990	-117928.362540	-88451.954836	-112254.506320
-3454.618568	-4964.702423	-5761.609168	-5670.637568	-130806.118942	-113965.331193	-122451.997990	-140259.029300
680.454156	-5431.451551	-4587.337922	-5378.813193	-59614.449395	-117733.432976	-89438.717298	-111734.716503
-5567.596026	-5952.336604	-5751.819104	-5661.182780	-130799.502826	-113956.099922	-122445.001894	-140252.368480
-6210.432197	-5675.689063	-5925.045124	-5711.250688	-59784.926150	-118041.149442	-87896.111655	-112552.700943
-5701.997066	-6074.287721	-5741.269081	-5661.406298	-130798.787570	-113955.384666	-122444.286638	-140251.742631
246.673852	-5439.386420	-4671.045205	-5387.172745	-59632.062570	-117739.602058	-89390.638696	-111755.056590
-3360.249503	-4875.027224	-5768.918189	-5670.771679	-130805.314279	-113964.995916	-122451.752120	-140259.118707
-3915.109207	-5577.341387	-5492.494165	-5580.023596	-59709.287847	-117919.377139	-88523.502770	-112225.091425
-6479.658959	-6534.376029	-5737.603395	-5657.651205	-130796.261823	-113951.473111	-122441.783242	-140249.619216
-4523.031953	-5592.138242	-5616.613402	-5596.452128	-59738.903909	-117932.832889	-88425.982109	-112267.425629
-3513.828339	-4993.692636	-5760.670395	-5669.609388	-130802.967346	-113962.738390	-122449.606353	-140257.285864
757.142992	-5429.171673	-4579.425404	-5375.683948	-59612.214221	-117729.722587	-89449.222618	-111727.161613
-5528.391067	-5930.320135	-5753.786058	-5662.546237	-130798.720515	-113956.010515	-122444.957190	-140252.971977
-6205.805386	-5678.214810	-5926.497987	-5713.664676	-59786.423717	-118042.959934	-87897.072780	-112554.891414
-5755.216569	-6102.830899	-5743.191331	-5663.216789	-130798.564052	-113955.831701	-122444.890135	-140252.949626
140.704231	-5444.974356	-4704.349304	-5393.453585	-59636.309402	-117744.944125	-89373.472556	-111766.567739
-3348.783058	-4875.988349	-5771.890971	-5673.565647	-130805.850721	-113966.225262	-122453.249687	-140261.219771
-3812.246479	-5575.441489	-5475.752708	-5576.313207	-59708.036150	-117915.376176	-88547.620302	-112213.535573
-6480.016587	-6534.666602	-5739.480941	-5659.215827	-130795.703029	-113951.495463	-122441.984408	-140250.580341
-4622.206643	-5598.732006	-5639.479237	-5604.185832	-59743.933051	-117939.538412	-88402.870405	-112282.624815
-3570.914694	-5022.414627	-5763.397308	-5672.470411	-130803.727305	-113964.124198	-122451.126272	-140259.543390
820.420780	-5430.825702	-4579.783032	-5376.443908	-59614.650561	-117730.147270	-89462.924238	-111723.831203
-5485.833345	-5907.901336	-5756.915302	-5665.295501	-130799.279308	-113957.373972	-122446.410054	-140255.229504
-5528.391067	-5930.320135	-5753.786058	-5662.546237	-130798.720515	-113956.010515	-122444.957190	-140252.971977
-6205.805386	-5678.214810	-5926.497987	-5713.664676	-59786.423717	-118042.959934	-87897.072780	-112554.891414
-5755.216569	-6102.830899	-5743.191331	-5663.216789	-130798.564052	-113955.831701	-122444.890135	-140252.949626
140.704231	-5444.974356	-4704.349304	-5393.453585	-59636.309402	-117744.944125	-89373.472556	-111766.567739
-3348.783058	-4875.988349	-5771.890971	-5673.565647	-130805.850721	-113966.225262	-122453.249687	-140261.219771
-3812.246479	-5575.441489	-5475.752708	-5576.313207	-59708.036150	-117915.376176	-88547.620302	-112213.535573
-6480.016587	-6534.666602	-5739.480941	-5659.215827	-130795.703029	-113951.495463	-122441.984408	-140250.580341
-4622.206643	-5598.732006	-5639.479237	-5604.185832	-59743.933051	-117939.538412	-88402.870405	-112282.624815
-3570.914694	-5022.414627	-5763.397308	-5672.470411	-130803.727305	-113964.124198	-122451.126272	-140259.543390
820.420780	-5430.825702	-4579.783032	-5376.443908	-59614.650561	-117730.147270	-89462.924238	-111723.831203
-5485.833345	-5907.901336	-5756.915302	-5665.295501	-130799.279308	-113957.373972	-122446.410054	-140255.229504
-6202.273810	-5680.494688	-5928.777865	-5715.989258	-59788.770650	-118044.748073	-87900.134969	-112556.143112
-5801.238811	-6128.445998	-5746.253520	-5666.480144	-130799.748695	-113957.664544	-122446.812385	-140255.721242
35.695736	-5450.092906	-4733.048944	-5399.510908	-59641.003268	-117750.219137	-89357.736928	-111777.408335
-3327.191273	-4866.444155	-5772.449764	-5674.102089	-130804.196692	-113965.241786	-122452.355618	-140261.108012
-3717.028048	-5572.312244	-5459.190066	-5571.976968	-59706.225658	-117910.771717	-88569.122680	-112201.242113
-6479.189572	-6533.616070	-5740.285604	-5659.931083	-130794.093704	-113950.757855	-122441.313856	-140250.714451
-4713.938202	-5603.694094	-5658.925254	-5610.578431	-59747.732848	-117944.992238	-88379.289315	-112295.678234
-3622.077837	-5050.063735	-5765.833648	-5675.197324	-130804.084933	-113965.353544	-122452.445025	-140261.577399
886.447833	-5430.199853	-4575.379738	-5374.968693	-59614.672913	-117728.247372	-89474.077758	-111718.064453
-5440.973394	-5883.426176	-5757.541151	-5665.586074	-130797.155893	-113956.166977	-122445.225411	-140254.648358
-6190.740310	-5679.108879	-5926.252118	-5714.312877	-59786.848400	-118042.647009	-87899.687934	-112553.483254
-5840.466123	-6148.406106	-5744.398325	-5664.692004	-130795.747733	-113954.289431	-122443.705492	-140253.351957
-60.752041	-5451.299900	-4749.991566	-5401.701379	-59641.003268	-117751.515538	-89337.620358	-111784.404431
-3298.022246	-4852.831942	-5773.433241	-5674.862048	-130802.587366	-113964.615937	-122451.729769	-140261.242123
