0.000000	0.000000	0.000000	0.000000	0.000000	0.000000	0.000000	0.000000
-1615.382924	-2551.608092	-2721.950736	-2700.381303	-74800.448096	-68865.970536	-74110.963835	-80970.110711
-926.345697	-2741.620271	-2588.130842	-2724.454132	-26879.693792	-42582.420121	-44364.390595	-48863.662644
-3381.617770	-4831.530730	-5768.247636	-5679.220638	-138211.989488	-124009.467543	-133508.891882	-151757.526607
379.912601	-5449.422353	-4728.578595	-5403.556574	-53714.661743	-85126.842275	-88954.176182	-97618.606403
-5756.401212	-6024.286869	-5760.335119	-5669.989368	-138206.513310	-124000.616252	-133502.745152	-151751.715154
-6180.525563	-5680.695853	-5922.921708	-5717.308011	-53872.554466	-85418.621948	-87457.771594	-98395.418930
-1615.382924	-2551.608092	-2721.950736	-2700.381303	-74800.448096	-68865.970536	-74110.963835	-80970.110711
-926.345697	-2741.620271	-2588.130842	-2724.454132	-26879.693792	-42582.420121	-44364.390595	-48863.662644
-3381.617770	-4831.530730	-5768.247636	-5679.220638	-138211.989488	-124009.467543	-133508.891882	-151757.526607
379.912601	-5449.422353	-4728.578595	-5403.556574	-53714.661743	-85126.842275	-88954.176182	-97618.606403
-5756.401212	-6024.286869	-5760.335119	-5669.989368	-138206.513310	-124000.616252	-133502.745152	-151751.715154
-6180.525563	-5680.695853	-5922.921708	-5717.308011	-53872.554466	-85418.621948	-87457.771594	-98395.418930
-5527.094665	-5945.452266	-5746.454686	-5669.072946	-138204.345191	-123998.872816	-133500.442922	-151749.435276
635.348336	-5435.631327	-4696.995580	-5381.763623	-53721.009638	-85107.217444	-89042.666738	-97568.605550
-3601.715398	-4898.943591	-5775.310788	-5679.041824	-138212.324764	-124009.154619	-133509.115399	-151757.861883
-4288.003360	-5598.463785	-5586.617361	-5609.684361	-53807.890869	-85320.095458	-87983.618734	-98127.779141
-6468.773659	-6505.542279	-5741.179674	-5662.859161	-138200.254822	-123992.614328	-133495.838463	-151744.964927
-4076.622912	-5577.184925	-5562.857457	-5577.117870	-53818.507948	-85288.914775	-88112.431838	-98051.827914
-3552.675671	-4951.850170	-5762.257369	-5678.080699	-138210.290755	-124007.232369	-133506.746114	-151755.514950
262.409480	-5448.304766	-4782.647465	-5402.282524	-53722.328391	-85129.055098	-88984.932182	-97616.326525
-5787.894820	-6047.085648	-5754.098982	-5669.877609	-138205.775703	-123999.431610	-133501.515806	-151750.575215
-6197.982275	-5683.109842	-5927.347353	-5719.878461	-53877.762422	-85425.036898	-87460.498507	-98401.945639
-5593.345236	-5985.573648	-5747.125238	-5671.017548	-138205.775703	-123999.789238	-133501.404047	-151750.552863
507.563413	-5438.224129	-4761.525066	-5386.055158	-53728.832749	-85114.370002	-89041.951483	-97577.859173
-3742.799609	-5004.823804	-5767.867657	-5678.572438	-138211.117770	-124007.433535	-133507.349611	-151756.252558
-4358.947797	-5600.989533	-5601.168347	-5610.936059	-53818.127968	-85325.437525	-88010.418476	-98127.957955
-4288.003360	-5598.463785	-5586.617361	-5609.684361	-53807.890869	-85320.095458	-87983.618734	-98127.779141
-6468.773659	-6505.542279	-5741.179674	-5662.859161	-138200.254822	-123992.614328	-133495.838463	-151744.964927
-4076.622912	-5577.184925	-5562.857457	-5577.117870	-53818.507948	-85288.914775	-88112.431838	-98051.827914
-3552.675671	-4951.850170	-5762.257369	-5678.080699	-138210.290755	-124007.232369	-133506.746114	-151755.514950
262.409480	-5448.304766	-4782.647465	-5402.282524	-53722.328391	-85129.055098	-88984.932182	-97616.326525
-5787.894820	-6047.085648	-5754.098982	-5669.877609	-138205.775703	-123999.431610	-133501.515806	-151750.575215
-6197.982275	-5683.109842	-5927.347353	-5719.878461	-53877.762422	-85425.036898	-87460.498507	-98401.945639
-5593.345236	-5985.573648	-5747.125238	-5671.017548	-138205.775703	-123999.789238	-133501.404047	-151750.552863
507.563413	-5438.224129	-4761.525066	-5386.055158	-53728.832749	-85114.370002	-89041.951483	-97577.859173
-3742.799609	-5004.823804	-5767.867657	-5678.572438	-138211.117770	-124007.433535	-133507.349611	-151756.252558
-4358.947797	-5600.989533	-5601.168347	-5610.936059	-53818.127968	-85325.437525	-88010.418476	-98127.957955
-6483.995197	-6519.959154	-5745.337098	-5668.603560	-138205.440427	-123997.241139	-133500.621736	-151749.904662
-4138.805466	-5585.388015	-5579.777727	-5586.326788	-53827.649811	-85301.632917	-88094.885718	-98069.150516
-3603.771759	-4985.154269	-5763.821991	-5679.824135	-138211.520101	-124007.835866	-133507.573129	-151756.386668
298.775768	-5448.193007	-4788.950657	-5401.634324	-53725.524691	-85132.184342	-88991.257726	-97615.879490
-5770.773383	-6036.736791	-5755.350680	-5670.592865	-138205.887461	-123999.051630	-133501.202881	-151750.374049
-6195.568287	-5684.763871	-5927.950850	-5721.688953	-53881.450460	-85430.803648	-87457.637484	-98406.460691
-5620.927289	-5999.990523	-5749.606281	-5672.984501	-138207.206214	-124000.660956	-133502.320469	-151751.625747
442.363375	-5440.347545	-4792.906915	-5388.670312	-53733.593671	-85120.650842	-89032.966081	-97585.168193
-3731.020240	-5003.058017	-5767.599436	-5678.639493	-138210.558976	-124006.450058	-133506.343783	-151755.336136
-4316.166558	-5597.368550	-5594.708692	-5606.353951	-53818.038561	-85324.968138	-88021.169665	-98121.095970
-6476.574418	-6512.516023	-5742.677241	-5665.496667	-138201.595926	-123992.860197	-133496.263146	-151745.769590
-4200.339818	-5584.471593	-5590.506564	-5585.969160	-53828.365067	-85305.075086	-88075.462052	-98074.827859
-3603.257668	-4980.527458	-5763.486715	-5679.712377	-138210.827197	-124006.584168	-133506.299079	-151755.492598
334.225635	-5447.947138	-4794.136261	-5400.628495	-53728.855101	-85135.224180	-88999.460816	-97612.929060
298.775768	-5448.193007	-4788.950657	-5401.634324	-53725.524691	-85132.184342	-88991.257726	-97615.879490
-5770.773383	-6036.736791	-5755.350680	-5670.592865	-138205.887461	-123999.051630	-133501.202881	-151750.374049
-6195.568287	-5684.763871	-5927.950850	-5721.688953	-53881.450460	-85430.803648	-87457.637484	-98406.460691
-5620.927289	-5999.990523	-5749.606281	-5672.984501	-138207.206214	-124000.660956	-133502.320469	-151751.625747
442.363375	-5440.347545	-4792.906915	-5388.670312	-53733.593671	-85120.650842	-89032.966081	-97585.168193
-3731.020240	-5003.058017	-5767.599436	-5678.639493	-138210.558976	-124006.450058	-133506.343783	-151755.336136
-4316.166558	-5597.368550	-5594.708692	-5606.353951	-53818.038561	-85324.968138	-88021.169665	-98121.095970
-6476.574418	-6512.516023	-5742.677241	-5665.496667	-138201.595926	-123992.860197	-133496.263146	-151745.769590
-4200.339818	-5584.471593	-5590.506564	-5585.969160	-53828.365067	-85305.075086	-88075.462052	-98074.827859
-3603.257668	-4980.527458	-5763.486715	-5679.712377	-138210.827197	-124006.584168	-133506.299079	-151755.492598
334.225635	-5447.947138	-4794.136261	-5400.628495	-53728.855101	-85135.224180	-88999.460816	-97612.929060
-5739.793866	-6017.447235	-5755.954177	-5671.106955	-138205.619240	-123998.425782	-133500.599384	-151750.038773
-6194.853031	-5681.947551	-5925.760380	-5718.537357	-53880.399928	-85431.630663	-87449.121469	-98404.471386
-5632.237271	-6002.672732	-5748.131066	-5671.397528	-138204.881633	-123997.844636	-133499.727666	-151749.055296
391.334342	-5442.493313	-4795.879697	-5390.749024	-53737.169950	-85126.506999	-89021.186712	-97590.487908
-3668.055376	-4963.808353	-5769.007596	-5679.935894	-138211.117770	-124006.517113	-133506.567300	-151755.738468
-4253.201694	-5594.418120	-5581.543515	-5602.218879	-53817.122140	-85324.923435	-88031.742040	-98112.736417
-6472.305235	-6508.291544	-5743.638366	-5665.921350	-138201.372409	-123992.122590	-133495.682001	-151745.210796
-4256.107420	-5586.617361	-5595.938038	-5588.606666	-53830.130855	-85311.378278	-88054.943151	-98083.165059
-3593.020569	-4968.949255	-5762.972625	-5678.751252	-138209.351982	-124004.594863	-133504.421533	-151753.592700
410.333325	-5443.432086	-4763.156743	-5395.062911	-53725.100008	-85133.771316	-89003.797055	-97605.441225
-5701.572383	-5992.681502	-5753.406078	-5667.597731	-138201.640630	-123993.866026	-133496.129035	-151745.613127
-6183.945380	-5679.488859	-5919.457188	-5715.877499	-53877.024815	-85432.725898	-87444.338196	-98403.420854
-5651.906806	-6011.412264	-5746.901720	-5669.140001	-138202.154720	-123994.536578	-133496.486663	-151746.015459
368.379100	-5442.090981	-4778.601799	-5390.391396	-53735.739438	-85129.926816	-89007.507444	-97595.025312
391.334342	-5442.493313	-4795.879697	-5390.749024	-53737.169950	-85126.506999	-89021.186712	-97590.487908
-3668.055376	-4963.808353	-5769.007596	-5679.935894	-138211.117770	-124006.517113	-133506.567300	-151755.738468
-4253.201694	-5594.418120	-5581.543515	-5602.218879	-53817.122140	-85324.923435	-88031.742040	-98112.736417
-6472.305235	-6508.291544	-5743.638366	-5665.921350	-138201.372409	-123992.122590	-133495.682001	-151745.210796
-4256.107420	-5586.617361	-5595.938038	-5588.606666	-53830.130855	-85311.378278	-88054.943151	-98083.165059
-3593.020569	-4968.949255	-5762.972625	-5678.751252	-138209.351982	-124004.594863	-133504.421533	-151753.592700
410.333325	-5443.432086	-4763.156743	-5395.062911	-53725.100008	-85133.771316	-89003.797055	-97605.441225
-5701.572383	-5992.681502	-5753.406078	-5667.597731	-138201.640630	-123993.866026	-133496.129035	-151745.613127
-6183.945380	-5679.488859	-5919.457188	-5715.877499	-53877.024815	-85432.725898	-87444.338196	-98403.420854
-5651.906806	-6011.412264	-5746.901720	-5669.140001	-138202.154720	-123994.536578	-133496.486663	-151746.015459
368.379100	-5442.090981	-4778.601799	-5390.391396	-53735.739438	-85129.926816	-89007.507444	-97595.025312
-3637.008803	-4946.798676	-5769.097003	-5679.242990	-138209.799017	-124004.661918	-133504.779161	-151754.062087
-4172.847172	-5592.384111	-5563.416250	-5599.022579	-53815.311648	-85325.817505	-88045.175439	-98107.371999
-6470.762965	-6506.570459	-5745.448857	-5666.547199	-138201.394761	-123991.675555	-133495.302021	-151745.099037
-4295.781767	-5592.093538	-5600.676608	-5594.641637	-53834.221224	-85321.011880	-88040.526276	-98096.374940
-3609.113825	-4974.403080	-5768.068822	-5683.288656	-138213.107075	-124007.858218	-133507.774294	-151757.191331
491.179584	-5448.081249	-4739.508598	-5398.706245	-53730.866758	-85141.505020	-89016.515197	-97608.637525
-5680.651150	-5981.975017	-5761.385651	-5674.929103	-138208.033229	-123999.789238	-133502.074600	-151751.804561
-6180.458508	-5685.792051	-5922.519377	-5722.225395	-53883.976207	-85442.851239	-87446.640426	-98412.093331
-5676.024339	-6024.577442	-5752.199084	-5673.699757	-138206.066275	-123997.889340	-133499.995887	-151749.792904
335.969071	-5446.740144	-4777.327749	-5395.442891	-53741.573243	-85138.487534	-88998.075008	-97604.815376
-3604.710532	-4927.151492	-5771.309825	-5681.209943	-138210.916604	-124005.399526	-133505.516768	-151755.000860
-4102.215660	-5590.394806	-5550.698108	-5596.385073	-53815.937497	-85326.912740	-88055.345482	-98101.672304
-6466.069098	-6502.055407	-5745.962947	-5666.435440	-138200.500691	-123990.289747	-133493.916213	-151743.936747
-4342.295747	-5591.914724	-5607.762111	-5595.379245	-53835.003535	-85325.214008	-88019.493284	-98102.566374
-4295.781767	-5592.093538	-5600.676608	-5594.641637	-53834.221224	-85321.011880	-88040.526276	-98096.374940
-3609.113825	-4974.403080	-5768.068822	-5683.288656	-138213.107075	-124007.858218	-133507.774294	-151757.191331
491.179584	-5448.081249	-4739.508598	-5398.706245	-53730.866758	-85141.505020	-89016.515197	-97608.637525
-5680.651150	-5981.975017	-5761.385651	-5674.929103	-138208.033229	-123999.789238	-133502.074600	-151751.804561
-6180.458508	-5685.792051	-5922.519377	-5722.225395	-53883.976207	-85442.851239	-87446.640426	-98412.093331
-5676.024339	-6024.577442	-5752.199084	-5673.699757	-138206.066275	-123997.889340	-133499.995887	-151749.792904
335.969071	-5446.740144	-4777.327749	-5395.442891	-53741.573243	-85138.487534	-88998.075008	-97604.815376
-3604.710532	-4927.151492	-5771.309825	-5681.209943	-138210.916604	-124005.399526	-133505.516768	-151755.000860
-4102.215660	-5590.394806	-5550.698108	-5596.385073	-53815.937497	-85326.912740	-88055.345482	-98101.672304
-6466.069098	-6502.055407	-5745.962947	-5666.435440	-138200.500691	-123990.289747	-133493.916213	-151743.936747
-4342.295747	-5591.914724	-5607.762111	-5595.379245	-53835.003535	-85325.214008	-88019.493284	-98102.566374
-3603.145910	-4966.557618	-5764.157267	-5679.220638	-138208.390857	-124002.538503	-133502.611041	-151752.206892
546.298986	-5441.107504	-4731.081990	-5391.218411	-53726.307002	-85137.660520	-89015.844645	-97599.227440
-5642.183798	-5957.142229	-5758.323462	-5671.308121	-138203.831101	-123995.073020	-133497.425437	-151747.356563
-6173.171839	-5683.690987	-5919.725409	-5719.990220	-53882.925675	-85444.304102	-87441.141896	-98410.461654
-5686.194382	-6028.019610	-5751.416773	-5672.760984	-138204.501653	-123995.698869	-133497.894823	-151747.803598
288.136338	-5445.935481	-4787.542497	-5394.995856	-53741.506188	-85141.817944	-88982.674656	-97607.698751
-3539.734011	-4888.080643	-5770.818087	-5680.695853	-138209.731961	-124003.656090	-133503.773332	-151753.592700
-4033.841674	-5588.561963	-5539.298718	-5593.188774	-53815.222241	-85328.142086	-88067.303666	-98094.676208
-6460.972901	-6497.473299	-5749.092191	-5669.005891	-138202.445293	-123991.809665	-133495.480835	-151745.568424
-4392.117785	-5596.452128	-5614.825262	-5600.386035	-53838.378649	-85334.154705	-88001.991868	-98113.228156
-3572.054633	-4941.076629	-5769.119354	-5684.227429	-138212.749447	-124006.427706	-133506.522597	-151756.274910
632.554368	-5445.063763	-4701.398873	-5393.654751	-53730.509130	-85144.835430	-89027.489904	-97599.875641
-5600.251925	-5933.427028	-5763.486715	-5676.091394	-138207.809711	-123998.671651	-133501.091123	-151751.156360
-6162.375946	-5685.188554	-5916.752627	-5721.376028	-53882.813917	-85449.713224	-87438.347928	-98413.076808
-6173.171839	-5683.690987	-5919.725409	-5719.990220	-53882.925675	-85444.304102	-87441.141896	-98410.461654
-5686.194382	-6028.019610	-5751.416773	-5672.760984	-138204.501653	-123995.698869	-133497.894823	-151747.803598
288.136338	-5445.935481	-4787.542497	-5394.995856	-53741.506188	-85141.817944	-88982.674656	-97607.698751
-3539.734011	-4888.080643	-5770.818087	-5680.695853	-138209.731961	-124003.656090	-133503.773332	-151753.592700
-4033.841674	-5588.561963	-5539.298718	-5593.188774	-53815.222241	-85328.142086	-88067.303666	-98094.676208
-6460.972901	-6497.473299	-5749.092191	-5669.005891	-138202.445293	-123991.809665	-133495.480835	-151745.568424
-4392.117785	-5596.452128	-5614.825262	-5600.386035	-53838.378649	-85334.154705	-88001.991868	-98113.228156
-3572.054633	-4941.076629	-5769.119354	-5684.227429	-138212.749447	-124006.427706	-133506.522597	-151756.274910
632.554368	-5445.063763	-4701.398873	-5393.654751	-53730.509130	-85144.835430	-89027.489904	-97599.875641
-5600.251925	-5933.427028	-5763.486715	-5676.091394	-138207.809711	-123998.671651	-133501.091123	-151751.156360
-6162.375946	-5685.188554	-5916.752627	-5721.376028	-53882.813917	-85449.713224	-87438.347928	-98413.076808
-5702.667618	-6036.110942	-5753.294319	-5674.370310	-138205.395723	-123996.078848	-133498.520672	-151748.630613
277.943942	-5449.265891	-4751.757354	-5397.387492	-53742.713182	-85148.858744	-88970.023569	-97615.298345
-3485.061644	-4854.776544	-5774.349663	-5683.825098	-138212.257709	-124005.690098	-133506.008507	-151755.805523
-3929.101399	-5589.858364	-5516.298773	-5593.367588	-53815.669276	-85332.344214	-88082.726369	-98091.658722
-6461.330528	-6498.054445	-5752.266139	-5671.755156	-138204.591060	-123993.418991	-133497.246623	-151747.513026
-4422.516158	-5600.318980	-5614.780559	-5604.878736	-53840.032678	-85342.067223	-87984.490452	-98124.448731
-3585.800956	-4945.077592	-5768.649968	-5683.623932	-138211.385991	-124004.483104	-133504.779161	-151754.732639
729.806808	-5441.554539	-4656.136591	-5388.893829	-53726.508168	-85144.343691	-89030.328575	-97594.958257
-5569.317111	-5914.405693	-5761.765630	-5674.169144	-138205.015743	-123995.475351	-133498.006582	-151748.094171
-6150.998908	-5686.440252	-5914.070417	-5722.493615	-53883.931504	-85454.474146	-87438.705556	-98416.317811
-5730.450836	-6052.405364	-5756.803543	-5677.700720	-138208.234395	-123998.336375	-133500.912309	-151751.044601
250.987738	-5454.518551	-4749.611586	-5403.131891	-53747.943490	-85158.090014	-88962.558086	-97626.027182
-3457.926626	-4839.443247	-5776.338968	-5685.412071	-138213.151778	-124006.114782	-133506.567300	-151756.431372
-3845.081192	-5585.790346	-5499.378502	-5588.338445	-53813.747026	-85331.383089	-88095.198643	-98084.126184
-3929.101399	-5589.858364	-5516.298773	-5593.367588	-53815.669276	-85332.344214	-88082.726369	-98091.658722
-6461.330528	-6498.054445	-5752.266139	-5671.755156	-138204.591060	-123993.418991	-133497.246623	-151747.513026
-4422.516158	-5600.318980	-5614.780559	-5604.878736	-53840.032678	-85342.067223	-87984.490452	-98124.448731
-3585.800956	-4945.077592	-5768.649968	-5683.623932	-138211.385991	-124004.483104	-133504.779161	-151754.732639
729.806808	-5441.554539	-4656.136591	-5388.893829	-53726.508168	-85144.343691	-89030.328575	-97594.958257
-5569.317111	-5914.405693	-5761.765630	-5674.169144	-138205.015743	-123995.475351	-133498.006582	-151748.094171
-6150.998908	-5686.440252	-5914.070417	-5722.493615	-53883.931504	-85454.474146	-87438.705556	-98416.317811
-5730.450836	-6052.405364	-5756.803543	-5677.700720	-138208.234395	-123998.336375	-133500.912309	-151751.044601
250.987738	-5454.518551	-4749.611586	-5403.131891	-53747.943490	-85158.090014	-88962.558086	-97626.027182
-3457.926626	-4839.443247	-5776.338968	-5685.412071	-138213.151778	-124006.114782	-133506.567300	-151756.431372
-3845.081192	-5585.790346	-5499.378502	-5588.338445	-53813.747026	-85331.383089	-88095.198643	-98084.126184
-6456.435496	-6493.137061	-5749.226302	-5668.402394	-138200.545394	-123988.836883	-133492.865681	-151743.154436
-4469.991263	-5599.648428	-5622.000172	-5604.789329	-53839.876215	-85345.598798	-87966.094967	-98130.550758
-3588.907848	-4941.367202	-5766.705366	-5681.254647	-138208.480264	-124001.107991	-133501.560509	-151751.581043
789.955353	-5439.632289	-4646.190065	-5386.010454	-53726.642278	-85145.640093	-89035.849456	-97590.733777
-5532.816712	-5892.948019	-5763.821991	-5675.465545	-138205.909813	-123995.765924	-133498.386562	-151748.652965
-6144.919234	-5684.942685	-5912.930478	-5720.549014	-53884.289132	-85456.709320	-87437.230341	-98414.820244
-5738.944499	-6055.042869	-5754.993052	-5675.398490	-138205.574537	-123995.073020	-133497.783065	-151748.049468
199.444616	-5452.708060	-4752.539665	-5401.477862	-53746.982365	-85160.258133	-88945.459002	-97627.524749
-3384.389387	-4791.655218	-5776.294264	-5684.652112	-138211.877729	-124004.192532	-133504.980326	-151754.866750
-3782.183383	-5584.806870	-5489.186107	-5586.192678	-53814.954020	-85333.461801	-88107.849730	-98077.018330
-6453.038031	-6490.656017	-5753.651947	-5672.403356	-138204.211081	-123991.832017	-133496.039629	-151746.551901
-4528.821055	-5602.174175	-5633.690135	-5607.762111	-53842.826646	-85352.527839	-87948.213571	-98137.725668
-3562.823363	-4916.713228	-5766.481849	-5680.539391	-138207.250918	-123999.252796	-133499.995887	-151750.128180
831.104914	-5435.474865	-4639.283376	-5381.383643	-53723.870662	-85145.103651	-89034.843628	-97583.491812
789.955353	-5439.632289	-4646.190065	-5386.010454	-53726.642278	-85145.640093	-89035.849456	-97590.733777
-5532.816712	-5892.948019	-5763.821991	-5675.465545	-138205.909813	-123995.765924	-133498.386562	-151748.652965
-6144.919234	-5684.942685	-5912.930478	-5720.549014	-53884.289132	-85456.709320	-87437.230341	-98414.820244
-5738.944499	-6055.042869	-5754.993052	-5675.398490	-138205.574537	-123995.073020	-133497.783065	-151748.049468
199.444616	-5452.708060	-4752.539665	-5401.477862	-53746.982365	-85160.258133	-88945.459002	-97627.524749
-3384.389387	-4791.655218	-5776.294264	-5684.652112	-138211.877729	-124004.192532	-133504.980326	-151754.866750
-3782.183383	-5584.806870	-5489.186107	-5586.192678	-53814.954020	-85333.461801	-88107.849730	-98077.018330
-6453.038031	-6490.656017	-5753.651947	-5672.403356	-138204.211081	-123991.832017	-133496.039629	-151746.551901
-4528.821055	-5602.174175	-5633.690135	-5607.762111	-53842.826646	-85352.527839	-87948.213571	-98137.725668
-3562.823363	-4916.713228	-5766.481849	-5680.539391	-138207.250918	-123999.252796	-133499.995887	-151750.128180
831.104914	-5435.474865	-4639.283376	-5381.383643	-53723.870662	-85145.103651	-89034.843628	-97583.491812
-5486.235677	-5863.957806	-5762.190314	-5673.297426	-138203.182900	-123992.547273	-133495.257317	-151745.702534
-6140.113609	-5681.299350	-5910.360028	-5716.838624	-53881.338701	-85457.022245	-87431.038908	-98411.176909
-5752.579063	-6060.161419	-5752.981395	-5673.118612	-138202.624107	-123991.630851	-133494.542062	-151744.942575
142.492371	-5452.305728	-4758.664043	-5401.723731	-53746.311813	-85164.236744	-88928.158752	-97632.084505
-3336.020212	-4760.407479	-5776.271913	-5684.205077	-138210.737790	-124002.694965	-133503.415704	-151753.637404
-3713.585879	-5582.348178	-5475.082156	-5582.906971	-53813.009419	-85334.400574	-88118.936195	-98071.363338
-6452.501589	-6490.164279	-5755.127162	-5673.275074	-138204.367543	-123991.697906	-133495.883166	-151746.596604
-4578.441927	-5607.538594	-5642.742591	-5614.288821	-53846.604091	-85362.675531	-87932.924978	-98151.606101
-3591.098319	-4931.130103	-5770.482811	-5683.959208	-138210.246052	-124001.689136	-133502.566338	-151752.855093
898.026037	-5438.380592	-4619.658544	-5384.199963	-53726.508168	-85151.608008	-89044.097250	-97587.157498
-5461.224075	-5850.747925	-5766.347738	-5676.538429	-138205.954517	-123994.849502	-133497.805416	-151748.317689
-6131.150559	-5685.680292	-5910.829414	-5721.510139	-53884.557353	-85465.471204	-87433.989338	-98419.357648
-5784.676169	-6080.076823	-5756.825895	-5676.113746	-138205.306316	-123993.664860	-133496.732533	-151747.423619
101.968658	-5455.747897	-4760.206313	-5406.283487	-53748.524636	-85172.395131	-88916.267623	-97643.886226
-5752.579063	-6060.161419	-5752.981395	-5673.118612	-138202.624107	-123991.630851	-133494.542062	-151744.942575
142.492371	-5452.305728	-4758.664043	-5401.723731	-53746.311813	-85164.236744	-88928.158752	-97632.084505
-3336.020212	-4760.407479	-5776.271913	-5684.205077	-138210.737790	-124002.694965	-133503.415704	-151753.637404
-3713.585879	-5582.348178	-5475.082156	-5582.906971	-53813.009419	-85334.400574	-88118.936195	-98071.363338
-6452.501589	-6490.164279	-5755.127162	-5673.275074	-138204.367543	-123991.697906	-133495.883166	-151746.596604
-4578.441927	-5607.538594	-5642.742591	-5614.288821	-53846.604091	-85362.675531	-87932.924978	-98151.606101
-3591.098319	-4931.130103	-5770.482811	-5683.959208	-138210.246052	-124001.689136	-133502.566338	-151752.855093
898.026037	-5438.380592	-4619.658544	-5384.199963	-53726.508168	-85151.608008	-89044.097250	-97587.157498
-5461.224075	-5850.747925	-5766.347738	-5676.538429	-138205.954517	-123994.849502	-133497.805416	-151748.317689
-6131.150559	-5685.680292	-5910.829414	-5721.510139	-53884.557353	-85465.471204	-87433.989338	-98419.357648
-5784.676169	-6080.076823	-5756.825895	-5676.113746	-138205.306316	-123993.664860	-133496.732533	-151747.423619
101.968658	-5455.747897	-4760.206313	-5406.283487	-53748.524636	-85172.395131	-88916.267623	-97643.886226
-3331.929842	-4762.128563	-5775.780174	-5682.618103	-138208.949650	-124000.348032	-133501.158178	-151751.603395
-3624.581233	-5576.693186	-5454.026813	-5576.983759	-53807.600296	-85332.500676	-88127.340451	-98064.613112
-6446.533674	-6484.397529	-5752.087325	-5669.005891	-138199.874842	-123986.624060	-133491.099893	-151741.880386
-4614.718808	-5607.404483	-5645.670670	-5615.317001	-53845.374745	-85367.548212	-87912.361373	-98161.306758
-3612.220718	-4940.316670	-5770.058128	-5682.774566	-138208.793188	-123999.811590	-133500.755847	-151751.245767
964.187201	-5436.324231	-4599.050236	-5382.121251	-53725.390580	-85153.709072	-89048.053509	-97585.883449
-5427.003554	-5829.759637	-5765.140744	-5674.571475	-138203.562880	-123992.055534	-133495.011448	-151745.702534
-6115.549042	-5682.215772	-5904.995609	-5718.447950	-53881.562219	-85466.700550	-87428.960196	-98418.888261
-5804.815090	-6089.956294	-5756.468267	-5675.264379	-138204.166377	-123992.122590	-133495.279669	-151746.104866
50.112611	-5458.921845	-4767.962368	-5410.373856	-53752.346784	-85180.665276	-88904.532958	-97653.676290
-3301.129139	-4744.694203	-5779.177639	-5686.015568	-138211.810674	-124002.851427	-133503.639222	-151754.330308
-3554.888493	-5576.670835	-5443.342679	-5576.246151	-53809.880174	-85336.434583	-88143.165486	-98061.372109
-6443.583243	-6481.938837	-5754.166037	-5670.816382	-138201.461816	-123987.696944	-133492.128073	-151743.176787
-6446.533674	-6484.397529	-5752.087325	-5669.005891	-138199.874842	-123986.624060	-133491.099893	-151741.880386
-4614.718808	-5607.404483	-5645.670670	-5615.317001	-53845.374745	-85367.548212	-87912.361373	-98161.306758
-3612.220718	-4940.316670	-5770.058128	-5682.774566	-138208.793188	-123999.811590	-133500.755847	-151751.245767
964.187201	-5436.324231	-4599.050236	-5382.121251	-53725.390580	-85153.709072	-89048.053509	-97585.883449
-5427.003554	-5829.759637	-5765.140744	-5674.571475	-138203.562880	-123992.055534	-133495.011448	-151745.702534
-6115.549042	-5682.215772	-5904.995609	-5718.447950	-53881.562219	-85466.700550	-87428.960196	-98418.888261
-5804.815090	-6089.956294	-5756.468267	-5675.264379	-138204.166377	-123992.122590	-133495.279669	-151746.104866
50.112611	-5458.921845	-4767.962368	-5410.373856	-53752.346784	-85180.665276	-88904.532958	-97653.676290
-3301.129139	-4744.694203	-5779.177639	-5686.015568	-138211.810674	-124002.851427	-133503.639222	-151754.330308
-3554.888493	-5576.670835	-5443.342679	-5576.246151	-53809.880174	-85336.434583	-88143.165486	-98061.372109
-6443.583243	-6481.938837	-5754.166037	-5670.816382	-138201.461816	-123987.696944	-133492.128073	-151743.176787
-4674.710891	-5609.796120	-5658.791144	-5618.625059	-53848.526341	-85374.968991	-87897.273945	-98170.694491
-3627.174035	-4946.709269	-5770.661625	-5683.690987	-138209.575499	-123999.923348	-133501.024068	-151751.715154
992.059826	-5435.608975	-4607.253326	-5380.668387	-53727.156368	-85156.793613	-89055.831916	-97583.760033
-5393.811213	-5811.922945	-5768.091174	-5677.521906	-138206.222738	-123994.268357	-133497.291326	-151748.138875
-6116.890146	-5686.484955	-5910.695304	-5722.471264	-53887.574838	-85474.948344	-87437.386803	-98423.470369
-5828.150311	-6104.104949	-5759.105773	-5678.348920	-138207.005049	-123994.357764	-133497.648954	-151748.608261
-27.179721	-5461.894627	-4792.012846	-5413.503100	-53756.683023	-85187.929593	-88896.329867	-97661.901732
-3275.670502	-4731.417266	-5781.077538	-5688.273095	-138213.732924	-124004.281939	-133505.226195	-151755.894930
-3502.674818	-5576.939056	-5437.777095	-5575.441489	-53812.607087	-85339.921455	-88163.192649	-98057.482905
-6444.544368	-6483.324645	-5757.384689	-5674.482068	-138204.747522	-123990.423857	-133495.011448	-151746.171921
-4736.312298	-5615.652277	-5672.828039	-5625.218824	-53854.918939	-85385.407255	-87888.824986	-98183.703206
-3665.462573	-4967.541095	-5774.282607	-5687.870763	-138213.352944	-124003.186703	-133504.488588	-151755.269081
1029.521350	-5439.162903	-4604.459358	-5383.752928	-53732.297269	-85164.057930	-89068.661817	-97587.202202
-5368.084355	-5798.511898	-5770.147535	-5680.025301	-138208.256746	-123995.743572	-133498.811245	-151749.904662
992.059826	-5435.608975	-4607.253326	-5380.668387	-53727.156368	-85156.793613	-89055.831916	-97583.760033
-5393.811213	-5811.922945	-5768.091174	-5677.521906	-138206.222738	-123994.268357	-133497.291326	-151748.138875
-6116.890146	-5686.484955	-5910.695304	-5722.471264	-53887.574838	-85474.948344	-87437.386803	-98423.470369
-5828.150311	-6104.104949	-5759.105773	-5678.348920	-138207.005049	-123994.357764	-133497.648954	-151748.608261
-27.179721	-5461.894627	-4792.012846	-5413.503100	-53756.683023	-85187.929593	-88896.329867	-97661.901732
-3275.670502	-4731.417266	-5781.077538	-5688.273095	-138213.732924	-124004.281939	-133505.226195	-151755.894930
-3502.674818	-5576.939056	-5437.777095	-5575.441489	-53812.607087	-85339.921455	-88163.192649	-98057.482905
-6444.544368	-6483.324645	-5757.384689	-5674.482068	-138204.747522	-123990.423857	-133495.011448	-151746.171921
-4736.312298	-5615.652277	-5672.828039	-5625.218824	-53854.918939	-85385.407255	-87888.824986	-98183.703206
-3665.462573	-4967.541095	-5774.282607	-5687.870763	-138213.352944	-124003.186703	-133504.488588	-151755.269081
1029.521350	-5439.162903	-4604.459358	-5383.752928	-53732.297269	-85164.057930	-89068.661817	-97587.202202
-5368.084355	-5798.511898	-5770.147535	-5680.025301	-138208.256746	-123995.743572	-133498.811245	-151749.904662
-6108.016504	-5685.814403	-5908.348371	-5721.957174	-53888.021873	-85478.256402	-87441.208952	-98425.012639
-5856.671137	-6120.108798	-5758.032889	-5677.879534	-138206.110979	-123992.837845	-133496.263146	-151747.490674
-86.031864	-5464.979168	-4799.947715	-5417.526414	-53760.080488	-85195.484483	-88886.450396	-97672.250589
-3277.659807	-4736.692278	-5782.172773	-5689.658903	-138214.850511	-124004.885436	-133505.852044	-151756.766648
-3428.310565	-5577.319035	-5425.036600	-5575.173268	-53814.931669	-85343.743604	-88182.750426	-98055.404193
-6447.181874	-6486.029206	-5759.798677	-5677.119574	-138207.072104	-123992.346107	-133496.978402	-151748.407095
-4788.816546	-5620.681419	-5684.428595	-5631.499664	-53860.328062	-85395.309078	-87878.699646	-98197.270715
-3709.361399	-4995.547831	-5774.930808	-5688.787185	-138214.001145	-124003.253758	-133504.600347	-151755.716116
1073.353120	-5439.699345	-4599.743140	-5384.065853	-53734.755961	-85168.394168	-89077.602515	-97588.185679
-5346.201998	-5788.788890	-5773.477945	-5683.311007	-138211.162473	-123998.314023	-133501.448751	-151752.631575
-6101.176870	-5688.317798	-5910.292972	-5724.617031	-53892.402815	-85484.872518	-87449.389690	-98429.170064
-5882.308588	-6136.649088	-5759.753973	-5679.868839	-138207.832063	-123994.000136	-133497.716009	-151749.100000
-148.348528	-5468.197819	-4816.085674	-5421.393266	-53764.595540	-85203.240538	-88878.537879	-97681.839488
-86.031864	-5464.979168	-4799.947715	-5417.526414	-53760.080488	-85195.484483	-88886.450396	-97672.250589
-3277.659807	-4736.692278	-5782.172773	-5689.658903	-138214.850511	-124004.885436	-133505.852044	-151756.766648
-3428.310565	-5577.319035	-5425.036600	-5575.173268	-53814.931669	-85343.743604	-88182.750426	-98055.404193
-6447.181874	-6486.029206	-5759.798677	-5677.119574	-138207.072104	-123992.346107	-133496.978402	-151748.407095
-4788.816546	-5620.681419	-5684.428595	-5631.499664	-53860.328062	-85395.309078	-87878.699646	-98197.270715
-3709.361399	-4995.547831	-5774.930808	-5688.787185	-138214.001145	-124003.253758	-133504.600347	-151755.716116
1073.353120	-5439.699345	-4599.743140	-5384.065853	-53734.755961	-85168.394168	-89077.602515	-97588.185679
-5346.201998	-5788.788890	-5773.477945	-5683.311007	-138211.162473	-123998.314023	-133501.448751	-151752.631575
-6101.176870	-5688.317798	-5910.292972	-5724.617031	-53892.402815	-85484.872518	-87449.389690	-98429.170064
-5882.308588	-6136.649088	-5759.753973	-5679.868839	-138207.832063	-123994.000136	-133497.716009	-151749.100000
-148.348528	-5468.197819	-4816.085674	-5421.393266	-53764.595540	-85203.240538	-88878.537879	-97681.839488
-3260.985406	-4731.551377	-5782.642160	-5690.374159	-138215.141084	-124004.594863	-133505.695582	-151756.878407
-3363.289340	-5573.720404	-5413.033713	-5570.635864	-53814.328172	-85343.497734	-88198.575461	-98048.072821
-6442.890339	-6482.631741	-5757.809372	-5675.756118	-138205.261613	-123989.865063	-133494.698524	-151746.149569
-4843.555968	-5621.508434	-5695.291542	-5632.930175	-53862.764402	-85400.584090	-87865.869745	-98204.512680
-3727.198091	-5002.879203	-5772.829744	-5687.222563	-138212.056543	-124000.750363	-133502.186358	-151753.346831
1097.716522	-5435.430161	-4602.090073	-5379.327283	-53733.258394	-85167.656561	-89081.670532	-97582.642446
-5306.259430	-5764.649005	-5769.454631	-5679.734728	-138207.250918	-123993.754267	-133496.978402	-151748.429447
-6091.431509	-5682.998083	-5906.157900	-5718.760874	-53889.564143	-85483.285544	-87450.037891	-98423.425665
-5899.631190	-6143.801647	-5754.903645	-5675.622007	-138203.317011	-123988.881587	-133492.619812	-151744.093209
-228.390125	-5464.800354	-4835.889320	-5418.331077	-53762.785049	-85204.201663	-88861.036463	-97683.694683
-3235.079734	-4715.636935	-5777.568314	-5685.702644	-138209.977831	-123998.962223	-133500.197053	-151751.357526
-3299.519813	-5566.254922	-5399.287391	-5561.985739	-53809.835471	-85339.340310	-88210.310127	-98035.645251
-6432.496778	-6472.953436	-5753.070802	-5671.062251	-138200.120711	-123984.344183	-133489.244698	-151740.852206
-4889.533507	-5617.999210	-5699.359560	-5629.778579	-53860.126896	-85401.455808	-87847.608369	-98206.747855
-4843.555968	-5621.508434	-5695.291542	-5632.930175	-53862.764402	-85400.584090	-87865.869745	-98204.512680
-3727.198091	-5002.879203	-5772.829744	-5687.222563	-138212.056543	-124000.750363	-133502.186358	-151753.346831
1097.716522	-5435.430161	-4602.090073	-5379.327283	-53733.258394	-85167.656561	-89081.670532	-97582.642446
-5306.259430	-5764.649005	-5769.454631	-5679.734728	-138207.250918	-123993.754267	-133496.978402	-151748.429447
-6091.431509	-5682.998083	-5906.157900	-5718.760874	-53889.564143	-85483.285544	-87450.037891	-98423.425665
-5899.631190	-6143.801647	-5754.903645	-5675.622007	-138203.317011	-123988.881587	-133492.619812	-151744.093209
-228.390125	-5464.800354	-4835.889320	-5418.331077	-53762.785049	-85204.201663	-88861.036463	-97683.694683
-3235.079734	-4715.636935	-5777.568314	-5685.702644	-138209.977831	-123998.962223	-133500.197053	-151751.357526
-3299.519813	-5566.254922	-5399.287391	-5561.985739	-53809.835471	-85339.340310	-88210.310127	-98035.645251
-6432.496778	-6472.953436	-5753.070802	-5671.062251	-138200.120711	-123984.344183	-133489.244698	-151740.852206
-4889.533507	-5617.999210	-5699.359560	-5629.778579	-53860.126896	-85401.455808	-87847.608369	-98206.747855
-3746.107667	-5010.054113	-5769.208761	-5683.758042	-138208.390857	-123996.458828	-133497.984230	-151749.457627
1129.277185	-5431.876234	-4598.804366	-5374.968693	-53731.984345	-85167.768320	-89085.760902	-97578.082690
-5272.888276	-5745.471209	-5769.320520	-5679.354749	-138206.558014	-123992.659031	-133495.860815	-151747.423619
-6081.172059	-5683.579228	-5905.375589	-5719.207909	-53891.776966	-85487.822948	-87455.603475	-98424.543253
-5916.126778	-6153.636414	-5755.909473	-5676.158449	-138203.786397	-123988.747476	-133492.619812	-151744.249671
-272.847745	-5466.990825	-4840.136151	-5421.080341	-53766.003700	-85210.706021	-88853.369815	-97691.495441
-3210.761036	-4702.359999	-5778.685901	-5686.529659	-138210.715438	-123999.073982	-133500.353515	-151751.715154
-3226.921347	-5564.533837	-5385.608123	-5559.549398	-53810.282506	-85340.971987	-88227.275101	-98030.772570
-6429.747514	-6470.740613	-5753.763706	-5671.352824	-138200.165415	-123983.830092	-133488.887070	-151740.628688
-4930.481902	-5620.167329	-5706.847394	-5632.863120	-53862.786754	-85408.250738	-87836.924235	-98216.269698
-3772.840354	-5023.308697	-5767.688843	-5682.036958	-138206.267441	-123993.888377	-133495.704352	-151747.065991
1168.348034	-5429.953984	-4593.663465	-5373.001739	-53731.872586	-85169.534107	-89091.974687	-97576.719234
-5244.859188	-5729.735581	-5769.231113	-5678.974769	-138205.842758	-123991.519093	-133494.854986	-151746.507197
-6069.012710	-5682.215772	-5902.760434	-5717.799749	-53891.844021	-85490.371047	-87459.023292	-98424.945584
-6081.172059	-5683.579228	-5905.375589	-5719.207909	-53891.776966	-85487.822948	-87455.603475	-98424.543253
-5916.126778	-6153.636414	-5755.909473	-5676.158449	-138203.786397	-123988.747476	-133492.619812	-151744.249671
-272.847745	-5466.990825	-4840.136151	-5421.080341	-53766.003700	-85210.706021	-88853.369815	-97691.495441
-3210.761036	-4702.359999	-5778.685901	-5686.529659	-138210.715438	-123999.073982	-133500.353515	-151751.715154
-3226.921347	-5564.533837	-5385.608123	-5559.549398	-53810.282506	-85340.971987	-88227.275101	-98030.772570
-6429.747514	-6470.740613	-5753.763706	-5671.352824	-138200.165415	-123983.830092	-133488.887070	-151740.628688
-4930.481902	-5620.167329	-5706.847394	-5632.863120	-53862.786754	-85408.250738	-87836.924235	-98216.269698
-3772.840354	-5023.308697	-5767.688843	-5682.036958	-138206.267441	-123993.888377	-133495.704352	-151747.065991
1168.348034	-5429.953984	-4593.663465	-5373.001739	-53731.872586	-85169.534107	-89091.974687	-97576.719234
-5244.859188	-5729.735581	-5769.231113	-5678.974769	-138205.842758	-123991.519093	-133494.854986	-151746.507197
-6069.012710	-5682.215772	-5902.760434	-5717.799749	-53891.844021	-85490.371047	-87459.023292	-98424.945584
-5942.188912	-6168.053289	-5754.747183	-5675.085565	-138202.266479	-123986.758171	-133490.921079	-151742.752104
-352.732879	-5469.695386	-4863.985463	-5424.813083	-53769.445869	-85218.171503	-88839.958768	-97702.179575
-3214.337315	-4708.663190	-5779.803488	-5687.446080	-138211.207177	-123999.185741	-133500.644088	-151752.139837
-3159.262617	-5562.924512	-5376.019225	-5557.135410	-53811.042465	-85342.849534	-88242.787211	-98026.369277
-6428.048781	-6469.690081	-5754.881293	-5672.448060	-138200.992429	-123984.120665	-133489.356457	-151741.254537
-4987.814127	-5624.749437	-5719.453778	-5638.361649	-53868.061765	-85417.616119	-87824.340203	-98228.630212
-3812.559403	-5046.465104	-5771.600398	-5686.015568	-138210.000182	-123997.062325	-133498.945355	-151750.530511
1195.751273	-5431.764475	-4595.898640	-5374.320492	-53735.292403	-85175.233802	-89098.367286	-97578.820298
-5211.152758	-5711.474205	-5768.962892	-5678.617141	-138205.015743	-123990.177988	-133493.625640	-151745.411962
-6059.289701	-5681.209943	-5901.262868	-5716.548051	-53892.112242	-85493.321478	-87460.543211	-98424.833825
-5963.378365	-6180.994949	-5754.635424	-5675.130269	-138202.132368	-123986.020563	-133490.228175	-151742.215662
-422.984412	-5470.969435	-4876.569495	-5426.578871	-53771.435174	-85224.005309	-88826.503018	-97709.734465
-3193.863117	-4696.570897	-5778.350625	-5685.970865	-138209.441389	-123996.838808	-133498.364210	-151750.083476
-3093.883764	-5560.063488	-5363.435193	-5553.313262	-53810.103692	-85343.408328	-88256.533534	-98019.954326
-3159.262617	-5562.924512	-5376.019225	-5557.135410	-53811.042465	-85342.849534	-88242.787211	-98026.369277
-6428.048781	-6469.690081	-5754.881293	-5672.448060	-138200.992429	-123984.120665	-133489.356457	-151741.254537
-4987.814127	-5624.749437	-5719.453778	-5638.361649	-53868.061765	-85417.616119	-87824.340203	-98228.630212
-3812.559403	-5046.465104	-5771.600398	-5686.015568	-138210.000182	-123997.062325	-133498.945355	-151750.530511
1195.751273	-5431.764475	-4595.898640	-5374.320492	-53735.292403	-85175.233802	-89098.367286	-97578.820298
-5211.152758	-5711.474205	-5768.962892	-5678.617141	-138205.015743	-123990.177988	-133493.625640	-151745.411962
-6059.289701	-5681.209943	-5901.262868	-5716.548051	-53892.112242	-85493.321478	-87460.543211	-98424.833825
-5963.378365	-6180.994949	-5754.635424	-5675.130269	-138202.132368	-123986.020563	-133490.228175	-151742.215662
-422.984412	-5470.969435	-4876.569495	-5426.578871	-53771.435174	-85224.005309	-88826.503018	-97709.734465
-3193.863117	-4696.570897	-5778.350625	-5685.970865	-138209.441389	-123996.838808	-133498.364210	-151750.083476
-3093.883764	-5560.063488	-5363.435193	-5553.313262	-53810.103692	-85343.408328	-88256.533534	-98019.954326
-6426.417104	-6468.617197	-5756.110639	-5673.587999	-138201.841796	-123984.478293	-133489.691733	-151741.835683
-5040.094857	-5628.102199	-5729.914395	-5642.250853	-53871.660396	-85425.349823	-87810.683287	-98239.180236
-3847.070497	-5063.921817	-5772.226247	-5686.909638	-138210.558976	-123997.084677	-133499.079466	-151750.865787
1222.461608	-5433.105580	-4596.345675	-5375.236914	-53738.466351	-85180.374703	-89105.542196	-97580.451975
-5182.184897	-5695.716226	-5770.751032	-5680.271170	-138206.446255	-123991.049706	-133494.497358	-151746.663659
-6048.829084	-5681.880496	-5900.838184	-5717.129197	-53893.989789	-85497.881233	-87465.415891	-98426.666668
-5987.585305	-6195.456528	-5755.954177	-5676.605484	-138203.182900	-123986.601709	-133490.786969	-151743.020325
-495.582878	-5474.746880	-4895.769643	-5431.183330	-53775.749061	-85232.275454	-88815.841236	-97720.575061
-3195.360684	-4700.303638	-5780.474041	-5688.094281	-138211.095418	-123998.135209	-133499.705315	-151751.536340
-3030.807141	-5559.795268	-5354.539198	-5552.218026	-53811.891831	-85346.604627	-88273.699674	-98016.802730
-6423.645487	-6466.627892	-5757.228226	-5674.280903	-138202.132368	-123984.277127	-133489.714085	-151741.858034
-5088.933419	-5630.203263	-5739.033906	-5645.357745	-53874.096736	-85432.390622	-87797.182834	-98248.970300
-3885.314332	-5085.401843	-5770.549866	-5685.188554	-138208.592022	-123994.514226	-133496.643126	-151748.675316
1239.672451	-5429.059914	-4598.334980	-5371.012434	-53736.097066	-85180.218241	-89107.173873	-97577.099213
-3847.070497	-5063.921817	-5772.226247	-5686.909638	-138210.558976	-123997.084677	-133499.079466	-151750.865787
1222.461608	-5433.105580	-4596.345675	-5375.236914	-53738.466351	-85180.374703	-89105.542196	-97580.451975
-5182.184897	-5695.716226	-5770.751032	-5680.271170	-138206.446255	-123991.049706	-133494.497358	-151746.663659
-6048.829084	-5681.880496	-5900.838184	-5717.129197	-53893.989789	-85497.881233	-87465.415891	-98426.666668
-5987.585305	-6195.456528	-5755.954177	-5676.605484	-138203.182900	-123986.601709	-133490.786969	-151743.020325
-495.582878	-5474.746880	-4895.769643	-5431.183330	-53775.749061	-85232.275454	-88815.841236	-97720.575061
-3195.360684	-4700.303638	-5780.474041	-5688.094281	-138211.095418	-123998.135209	-133499.705315	-151751.536340
-3030.807141	-5559.795268	-5354.539198	-5552.218026	-53811.891831	-85346.604627	-88273.699674	-98016.802730
-6423.645487	-6466.627892	-5757.228226	-5674.280903	-138202.132368	-123984.277127	-133489.714085	-151741.858034
-5088.933419	-5630.203263	-5739.033906	-5645.357745	-53874.096736	-85432.390622	-87797.182834	-98248.970300
-3885.314332	-5085.401843	-5770.549866	-5685.188554	-138208.592022	-123994.514226	-133496.643126	-151748.675316
1239.672451	-5429.059914	-4598.334980	-5371.012434	-53736.097066	-85180.218241	-89107.173873	-97577.099213
-5152.300614	-5678.930066	-5768.985244	-5678.170106	-138203.853453	-123988.009869	-133491.546928	-151743.713229
-6035.887424	-5680.427632	-5897.552478	-5715.586926	-53893.475699	-85500.451684	-87467.561658	-98426.420799
-6008.126558	-6207.057083	-5755.037755	-5675.309083	-138201.730037	-123984.478293	-133488.864719	-151741.321592
-574.261019	-5475.775060	-4915.908565	-5432.837359	-53777.470145	-85237.930445	-88801.536119	-97728.845206
-3196.075940	-4705.846871	-5778.954122	-5686.619066	-138209.262575	-123995.654165	-133497.380733	-151749.412924
-2964.064832	-5554.944939	-5341.530483	-5546.585387	-53808.986105	-85345.196467	-88285.590802	-98009.024323
-6414.593031	-6458.491857	-5754.300148	-5670.771679	-138198.377275	-123979.896185	-133485.400198	-151737.834720
-5130.530015	-5629.331545	-5743.727773	-5645.268338	-53873.202666	-85436.212770	-87780.866060	-98255.429954
-3921.702972	-5104.803157	-5769.544038	-5683.959208	-138207.250918	-123992.591976	-133494.899690	-151746.998936
1260.772498	-5430.199853	-4603.319419	-5371.727690	-53739.069848	-85185.359142	-89114.438190	-97578.954408
-5123.690381	-5664.200266	-5771.510991	-5680.070004	-138205.462778	-123989.194511	-133492.932736	-151745.143741
-6018.520119	-5679.734728	-5893.931495	-5714.759912	-53893.386292	-85503.960908	-87471.763786	-98426.823130
-6024.510387	-6215.371932	-5754.233093	-5673.699757	-138199.919546	-123982.131360	-133486.718951	-151739.220529
-6008.126558	-6207.057083	-5755.037755	-5675.309083	-138201.730037	-123984.478293	-133488.864719	-151741.321592
-574.261019	-5475.775060	-4915.908565	-5432.837359	-53777.470145	-85237.930445	-88801.536119	-97728.845206
-3196.075940	-4705.846871	-5778.954122	-5686.619066	-138209.262575	-123995.654165	-133497.380733	-151749.412924
-2964.064832	-5554.944939	-5341.530483	-5546.585387	-53808.986105	-85345.196467	-88285.590802	-98009.024323
-6414.593031	-6458.491857	-5754.300148	-5670.771679	-138198.377275	-123979.896185	-133485.400198	-151737.834720
-5130.530015	-5629.331545	-5743.727773	-5645.268338	-53873.202666	-85436.212770	-87780.866060	-98255.429954
-3921.702972	-5104.803157	-5769.544038	-5683.959208	-138207.250918	-123992.591976	-133494.899690	-151746.998936
1260.772498	-5430.199853	-4603.319419	-5371.727690	-53739.069848	-85185.359142	-89114.438190	-97578.954408
-5123.690381	-5664.200266	-5771.510991	-5680.070004	-138205.462778	-123989.194511	-133492.932736	-151745.143741
-6018.520119	-5679.734728	-5893.931495	-5714.759912	-53893.386292	-85503.960908	-87471.763786	-98426.823130
-6024.510387	-6215.371932	-5754.233093	-5673.699757	-138199.919546	-123982.131360	-133486.718951	-151739.220529
-639.572816	-5475.529191	-4927.307955	-5433.284394	-53777.604255	-85242.467850	-88787.588631	-97735.774247
-3188.029312	-4703.812862	-5778.216514	-5685.769699	-138208.212043	-123994.044840	-133495.860815	-151748.027116
-2890.818166	-5553.246206	-5328.097085	-5544.059639	-53808.851994	-85347.029310	-88302.376962	-98003.972829
-6408.222784	-6453.283900	-5756.937654	-5672.224542	-138199.696028	-123980.633793	-133486.137806	-151738.795845
-5167.209228	-5632.907824	-5750.209779	-5649.761039	-53876.175448	-85444.505268	-87768.863174	-98266.158791
-3953.464801	-5122.706905	-5770.460459	-5684.607409	-138207.608546	-123992.413162	-133494.810283	-151747.177750
1291.103815	-5428.322307	-4595.831584	-5369.783088	-53738.823979	-85187.482558	-89118.282690	-97577.948580
-5091.034483	-5645.916539	-5770.661625	-5678.795955	-138203.786397	-123987.048744	-133490.742265	-151743.266194
-5997.509479	-5677.901885	-5888.276504	-5713.307048	-53892.425167	-85506.531359	-87474.714217	-98425.951412
-6040.871863	-6224.111465	-5755.305976	-5673.990330	-138200.008953	-123981.639621	-133486.406027	-151739.131122
-699.408436	-5478.569028	-4937.120371	-5437.888853	-53781.381700	-85250.670940	-88775.451633	-97746.436029
-3179.602704	-4699.543679	-5779.155288	-5686.484955	-138208.636726	-123994.044840	-133495.972573	-151748.340040
-2814.732828	-5549.155837	-5311.601497	-5539.656346	-53807.086206	-85347.074014	-88315.408029	-97997.312009
-6400.645542	-6446.690136	-5756.445915	-5671.017548	-138198.153758	-123978.666839	-133484.282611	-151737.141816
-6408.222784	-6453.283900	-5756.937654	-5672.224542	-138199.696028	-123980.633793	-133486.137806	-151738.795845
-5167.209228	-5632.907824	-5750.209779	-5649.761039	-53876.175448	-85444.505268	-87768.863174	-98266.158791
-3953.464801	-5122.706905	-5770.460459	-5684.607409	-138207.608546	-123992.413162	-133494.810283	-151747.177750
1291.103815	-5428.322307	-4595.831584	-5369.783088	-53738.823979	-85187.482558	-89118.282690	-97577.948580
-5091.034483	-5645.916539	-5770.661625	-5678.795955	-138203.786397	-123987.048744	-133490.742265	-151743.266194
-5997.509479	-5677.901885	-5888.276504	-5713.307048	-53892.425167	-85506.531359	-87474.714217	-98425.951412
-6040.871863	-6224.111465	-5755.305976	-5673.990330	-138200.008953	-123981.639621	-133486.406027	-151739.131122
-699.408436	-5478.569028	-4937.120371	-5437.888853	-53781.381700	-85250.670940	-88775.451633	-97746.436029
-3179.602704	-4699.543679	-5779.155288	-5686.484955	-138208.636726	-123994.044840	-133495.972573	-151748.340040
-2814.732828	-5549.155837	-5311.601497	-5539.656346	-53807.086206	-85347.074014	-88315.408029	-97997.312009
-6400.645542	-6446.690136	-5756.445915	-5671.017548	-138198.153758	-123978.666839	-133484.282611	-151737.141816
-5205.028380	-5634.584205	-5756.334157	-5652.845580	-53878.254161	-85451.680178	-87754.848630	-98275.792393
-3986.947714	-5138.867216	-5771.063956	-5684.853278	-138207.519139	-123991.787313	-133494.318544	-151746.775418
1316.808321	-5427.875272	-4591.897677	-5369.716033	-53740.321546	-85191.662334	-89122.283652	-97579.334388
-5061.396070	-5630.225614	-5773.433241	-5680.829964	-138205.708647	-123988.322793	-133492.239832	-151744.920223
-5984.053729	-5680.159411	-5888.768242	-5716.011610	-53896.001446	-85513.460399	-87481.687961	-98430.131189
-6062.977739	-6238.729505	-5759.485753	-5677.454850	-138203.317011	-123984.344183	-133489.289402	-151742.215662
-768.765899	-5482.122956	-4952.364260	-5442.314499	-53785.315607	-85259.276361	-88763.649912	-97757.880122
-3176.048777	-4701.153004	-5780.764613	-5687.557839	-138209.597851	-123994.447171	-133496.419608	-151749.010593
-2748.616367	-5551.458067	-5304.113663	-5541.466837	-53811.198927	-85353.265447	-88334.563474	-97997.446119
-6401.584315	-6448.992365	-5762.592645	-5676.493725	-138203.473473	-123983.561871	-133489.222346	-151742.260366
-5251.140028	-5640.418010	-5767.375918	-5659.551103	-53883.797393	-85462.252553	-87745.147973	-98289.628123
-4025.370362	-5162.716527	-5774.684939	-5687.960170	-138210.715438	-123994.402468	-133497.023105	-151749.725848
1341.082316	-5431.004516	-4591.674160	-5372.554704	-53744.478970	-85198.792541	-89129.167989	-97583.938847
-5031.467084	-5616.054608	-5776.048395	-5682.908676	-138207.563842	-123989.887415	-133493.603288	-151746.507197
-5061.396070	-5630.225614	-5773.433241	-5680.829964	-138205.708647	-123988.322793	-133492.239832	-151744.920223
-5984.053729	-5680.159411	-5888.768242	-5716.011610	-53896.001446	-85513.460399	-87481.687961	-98430.131189
-6062.977739	-6238.729505	-5759.485753	-5677.454850	-138203.317011	-123984.344183	-133489.289402	-151742.215662
-768.765899	-5482.122956	-4952.364260	-5442.314499	-53785.315607	-85259.276361	-88763.649912	-97757.880122
-3176.048777	-4701.153004	-5780.764613	-5687.557839	-138209.597851	-123994.447171	-133496.419608	-151749.010593
-2748.616367	-5551.458067	-5304.113663	-5541.466837	-53811.198927	-85353.265447	-88334.563474	-97997.446119
-6401.584315	-6448.992365	-5762.592645	-5676.493725	-138203.473473	-123983.561871	-133489.222346	-151742.260366
-5251.140028	-5640.418010	-5767.375918	-5659.551103	-53883.797393	-85462.252553	-87745.147973	-98289.628123
-4025.370362	-5162.716527	-5774.684939	-5687.960170	-138210.715438	-123994.402468	-133497.023105	-151749.725848
1341.082316	-5431.004516	-4591.674160	-5372.554704	-53744.478970	-85198.792541	-89129.167989	-97583.938847
-5031.467084	-5616.054608	-5776.048395	-5682.908676	-138207.563842	-123989.887415	-133493.603288	-151746.507197
-5967.669900	-5680.360577	-5886.443661	-5715.877499	-53896.940219	-85517.506065	-87487.186490	-98431.360535
-6081.820259	-6250.933558	-5760.580988	-5678.035996	-138203.942860	-123984.478293	-133489.423512	-151742.439180
-834.077696	-5486.302732	-4963.964816	-5447.433048	-53789.473032	-85268.060597	-88752.116412	-97769.637140
-3165.342291	-4696.749711	-5782.284532	-5688.496612	-138210.424866	-123994.782447	-133496.844291	-151749.547034
-2673.492154	-5547.568863	-5287.573372	-5536.571805	-53808.784939	-85352.684301	-88347.214561	-97990.852355
-6392.710673	-6441.392772	-5759.776325	-5672.805688	-138199.763083	-123979.382095	-133485.131977	-151738.281755
-5283.527706	-5638.451056	-5769.767555	-5658.142943	-53881.897495	-85464.867707	-87729.278234	-98294.433748
-4049.756116	-5171.500763	-5770.460459	-5683.042786	-138205.753351	-123988.993345	-133491.725742	-151744.517892
1364.842220	-5427.048257	-4587.896715	-5368.374928	-53741.886168	-85198.792541	-89129.480914	-97581.122527
-4999.146461	-5598.106158	-5776.361320	-5682.349882	-138206.826235	-123988.702773	-133492.575108	-151745.479017
-5952.135438	-5681.433461	-5885.482536	-5716.704514	-53899.108338	-85522.624615	-87494.093179	-98433.193378
-6099.299323	-6261.997671	-5762.592645	-5679.242990	-138204.859281	-123984.970031	-133490.094064	-151743.154436
-902.518738	-5489.744900	-4979.096947	-5451.411659	-53793.317532	-85276.308391	-88740.225284	-97780.365977
-3155.395765	-4693.799280	-5785.033796	-5690.530621	-138212.369467	-123996.168255	-133498.386562	-151751.178712
-3165.342291	-4696.749711	-5782.284532	-5688.496612	-138210.424866	-123994.782447	-133496.844291	-151749.547034
-2673.492154	-5547.568863	-5287.573372	-5536.571805	-53808.784939	-85352.684301	-88347.214561	-97990.852355
-6392.710673	-6441.392772	-5759.776325	-5672.805688	-138199.763083	-123979.382095	-133485.131977	-151738.281755
-5283.527706	-5638.451056	-5769.767555	-5658.142943	-53881.897495	-85464.867707	-87729.278234	-98294.433748
-4049.756116	-5171.500763	-5770.460459	-5683.042786	-138205.753351	-123988.993345	-133491.725742	-151744.517892
1364.842220	-5427.048257	-4587.896715	-5368.374928	-53741.886168	-85198.792541	-89129.480914	-97581.122527
-4999.146461	-5598.106158	-5776.361320	-5682.349882	-138206.826235	-123988.702773	-133492.575108	-151745.479017
-5952.135438	-5681.433461	-5885.482536	-5716.704514	-53899.108338	-85522.624615	-87494.093179	-98433.193378
-6099.299323	-6261.997671	-5762.592645	-5679.242990	-138204.859281	-123984.970031	-133490.094064	-151743.154436
-902.518738	-5489.744900	-4979.096947	-5451.411659	-53793.317532	-85276.308391	-88740.225284	-97780.365977
-3155.395765	-4693.799280	-5785.033796	-5690.530621	-138212.369467	-123996.168255	-133498.386562	-151751.178712
-2603.955877	-5546.495980	-5276.330444	-5534.314279	-53809.567250	-85355.142993	-88362.681969	-97986.650227
-6386.072205	-6436.184816	-5760.670395	-5672.984501	-138199.718380	-123978.778598	-133484.573184	-151737.857072
-5324.721971	-5641.580301	-5778.127107	-5661.629815	-53885.116146	-85472.757873	-87717.700031	-98304.424978
-4081.115613	-5188.488089	-5773.410889	-5685.590885	-138208.033229	-123990.714430	-133493.580937	-151746.529549
1378.745005	-5428.054086	-4591.204773	-5369.112536	-53744.255453	-85203.754628	-89133.392469	-97583.380053
-4962.064917	-5577.542553	-5775.646064	-5681.098185	-138205.194557	-123986.624060	-133490.652858	-151743.735581
-5932.890586	-5678.304217	-5880.073414	-5712.904717	-53896.806109	-85523.429277	-87496.507167	-98430.533520
-6111.413969	-6267.429145	-5760.089250	-5676.471374	-138201.774740	-123981.326697	-133486.584841	-151739.846377
-970.870372	-5488.940238	-4991.278647	-5451.143438	-53792.669331	-85280.085835	-88723.662641	-97786.646818
-3144.711631	-4685.260914	-5783.983264	-5689.368330	-138210.737790	-123994.134247	-133496.441960	-151749.323517
-2537.548845	-5544.886654	-5265.042813	-5531.676773	-53809.567250	-85357.065243	-88377.031788	-97982.515154
-6380.551324	-6432.116798	-5762.637348	-5674.280903	-138200.724208	-123979.337392	-133485.221384	-151738.617031
-5359.166009	-5644.508379	-5784.542058	-5665.183743	-53887.731300	-85480.446873	-87706.680621	-98314.460911
-4109.122349	-5201.943839	-5772.136840	-5684.003911	-138206.222738	-123988.367497	-133491.345762	-151744.383781
-5324.721971	-5641.580301	-5778.127107	-5661.629815	-53885.116146	-85472.757873	-87717.700031	-98304.424978
-4081.115613	-5188.488089	-5773.410889	-5685.590885	-138208.033229	-123990.714430	-133493.580937	-151746.529549
1378.745005	-5428.054086	-4591.204773	-5369.112536	-53744.255453	-85203.754628	-89133.392469	-97583.380053
-4962.064917	-5577.542553	-5775.646064	-5681.098185	-138205.194557	-123986.624060	-133490.652858	-151743.735581
-5932.890586	-5678.304217	-5880.073414	-5712.904717	-53896.806109	-85523.429277	-87496.507167	-98430.533520
-6111.413969	-6267.429145	-5760.089250	-5676.471374	-138201.774740	-123981.326697	-133486.584841	-151739.846377
-970.870372	-5488.940238	-4991.278647	-5451.143438	-53792.669331	-85280.085835	-88723.662641	-97786.646818
-3144.711631	-4685.260914	-5783.983264	-5689.368330	-138210.737790	-123994.134247	-133496.441960	-151749.323517
-2537.548845	-5544.886654	-5265.042813	-5531.676773	-53809.567250	-85357.065243	-88377.031788	-97982.515154
-6380.551324	-6432.116798	-5762.637348	-5674.280903	-138200.724208	-123979.337392	-133485.221384	-151738.617031
-5359.166009	-5644.508379	-5784.542058	-5665.183743	-53887.731300	-85480.446873	-87706.680621	-98314.460911
-4109.122349	-5201.943839	-5772.136840	-5684.003911	-138206.222738	-123988.367497	-133491.345762	-151744.383781
1398.012209	-5425.304821	-4583.225201	-5365.893884	-53742.467313	-85205.118085	-89134.286539	-97582.195411
-4932.359449	-5561.382241	-5776.026043	-5680.941723	-138204.881633	-123985.774694	-133489.736437	-151743.020325
-5912.483443	-5677.544257	-5875.804231	-5711.764778	-53896.359074	-85526.782039	-87501.223385	-98430.891148
-6127.574280	-6277.532134	-5761.162133	-5676.672539	-138202.020610	-123980.924366	-133486.294268	-151739.779322
-1032.829408	-5491.980075	-5000.331104	-5454.853827	-53795.172727	-85287.953650	-88711.279775	-97797.554469
-3145.225721	-4690.021836	-5784.139727	-5689.077757	-138210.246052	-123993.106066	-133495.503187	-151748.652965
-2461.552913	-5542.539721	-5249.329537	-5528.368715	-53808.293201	-85358.316941	-88391.605126	-97977.754233
-6374.158725	-6427.199415	-5764.112564	-5674.884400	-138201.037133	-123979.002116	-133485.221384	-151738.728790
-5389.966713	-5646.430629	-5788.677131	-5667.798897	-53888.938295	-85487.130044	-87694.878899	-98323.736885
-4149.936634	-5224.921432	-5773.299131	-5684.674464	-138206.625069	-123988.188683	-133491.278707	-151744.607299
1420.609822	-5425.684801	-4577.838430	-5365.938588	-53743.719011	-85209.364916	-89136.901693	-97584.542344
-4902.408111	-5544.976061	-5774.819049	-5679.153583	-138202.713514	-123983.114837	-133487.165986	-151740.695744
-5887.404786	-5675.107917	-5869.232818	-5709.127272	-53894.794452	-85528.324309	-87506.051362	-98429.080657
-5912.483443	-5677.544257	-5875.804231	-5711.764778	-53896.359074	-85526.782039	-87501.223385	-98430.891148
-6127.574280	-6277.532134	-5761.162133	-5676.672539	-138202.020610	-123980.924366	-133486.294268	-151739.779322
-1032.829408	-5491.980075	-5000.331104	-5454.853827	-53795.172727	-85287.953650	-88711.279775	-97797.554469
-3145.225721	-4690.021836	-5784.139727	-5689.077757	-138210.246052	-123993.106066	-133495.503187	-151748.652965
-2461.552913	-5542.539721	-5249.329537	-5528.368715	-53808.293201	-85358.316941	-88391.605126	-97977.754233
-6374.158725	-6427.199415	-5764.112564	-5674.884400	-138201.037133	-123979.002116	-133485.221384	-151738.728790
-5389.966713	-5646.430629	-5788.677131	-5667.798897	-53888.938295	-85487.130044	-87694.878899	-98323.736885
-4149.936634	-5224.921432	-5773.299131	-5684.674464	-138206.625069	-123988.188683	-133491.278707	-151744.607299
1420.609822	-5425.684801	-4577.838430	-5365.938588	-53743.719011	-85209.364916	-89136.901693	-97584.542344
-4902.408111	-5544.976061	-5774.819049	-5679.153583	-138202.713514	-123983.114837	-133487.165986	-151740.695744
-5887.404786	-5675.107917	-5869.232818	-5709.127272	-53894.794452	-85528.324309	-87506.051362	-98429.080657
-6141.544120	-6284.930561	-5761.251540	-5675.979635	-138201.104188	-123979.426799	-133484.997867	-151738.706438
-1096.308362	-5492.762386	-5010.299982	-5456.306691	-53796.178555	-85293.496882	-88696.460568	-97805.846966
-3143.191712	-4689.887725	-5782.642160	-5687.222563	-138208.077932	-123990.468561	-133492.977440	-151746.261328
-2388.507412	-5538.583462	-5233.660964	-5523.607793	-53806.370951	-85358.048720	-88404.457379	-97971.182820
-6365.754469	-6420.516243	-5764.447840	-5674.392661	-138200.344229	-123977.862177	-133484.103797	-151737.834720
-5422.600260	-5648.017603	-5793.616866	-5669.922312	-53890.793489	-85493.544995	-87683.635972	-98331.761161
-4180.245600	-5241.439371	-5773.701462	-5684.674464	-138206.490959	-123987.384020	-133490.675210	-151744.182616
1434.177331	-5427.808217	-4579.760680	-5367.838486	-53747.563511	-85215.981032	-89142.132001	-97588.476251
-4873.440251	-5532.079104	-5779.758785	-5683.579228	-138206.937993	-123986.802874	-133491.010486	-151744.607299
-5868.629321	-5675.554952	-5867.243513	-5709.641362	-53896.806109	-85533.241693	-87514.165046	-98430.131189
-6156.117458	-6294.653570	-5762.860866	-5677.007815	-138201.908851	-123979.672668	-133485.444902	-151739.131122
-1163.497706	-5495.936334	-5025.655630	-5460.799391	-53800.403035	-85302.079952	-88684.971772	-97816.866376
-3134.608642	-4688.524269	-5784.273837	-5688.317798	-138209.128464	-123990.915595	-133493.491530	-151746.954232
-2316.065409	-5536.638860	-5222.350982	-5521.484378	-53807.108558	-85360.462709	-88420.014193	-97967.092451
-2388.507412	-5538.583462	-5233.660964	-5523.607793	-53806.370951	-85358.048720	-88404.457379	-97971.182820
-6365.754469	-6420.516243	-5764.447840	-5674.392661	-138200.344229	-123977.862177	-133484.103797	-151737.834720
-5422.600260	-5648.017603	-5793.616866	-5669.922312	-53890.793489	-85493.544995	-87683.635972	-98331.761161
-4180.245600	-5241.439371	-5773.701462	-5684.674464	-138206.490959	-123987.384020	-133490.675210	-151744.182616
1434.177331	-5427.808217	-4579.760680	-5367.838486	-53747.563511	-85215.981032	-89142.132001	-97588.476251
-4873.440251	-5532.079104	-5779.758785	-5683.579228	-138206.937993	-123986.802874	-133491.010486	-151744.607299
-5868.629321	-5675.554952	-5867.243513	-5709.641362	-53896.806109	-85533.241693	-87514.165046	-98430.131189
-6156.117458	-6294.653570	-5762.860866	-5677.007815	-138201.908851	-123979.672668	-133485.444902	-151739.131122
-1163.497706	-5495.936334	-5025.655630	-5460.799391	-53800.403035	-85302.079952	-88684.971772	-97816.866376
-3134.608642	-4688.524269	-5784.273837	-5688.317798	-138209.128464	-123990.915595	-133493.491530	-151746.954232
-2316.065409	-5536.638860	-5222.350982	-5521.484378	-53807.108558	-85360.462709	-88420.014193	-97967.092451
-6358.110173	-6414.794196	-5764.514895	-5673.945626	-138199.696028	-123976.766941	-133482.963858	-151736.873595
-5455.904359	-5648.062306	-5798.735416	-5671.174010	-53891.732263	-85498.954117	-87671.297809	-98339.248996
-4213.057961	-5257.666738	-5773.612055	-5684.093318	-138205.798054	-123986.266433	-133489.714085	-151743.288546
1446.314328	-5427.048257	-4582.286427	-5367.771431	-53748.837560	-85219.959643	-89144.054251	-97590.219687
-4842.438381	-5516.187014	-5781.211648	-5684.406243	-138207.563842	-123987.026392	-133491.345762	-151744.942575
-5850.256187	-5675.845525	-5866.081222	-5710.244859	-53898.929524	-85538.293187	-87521.630528	-98431.695811
-6173.104784	-6305.024779	-5763.956101	-5677.767775	-138202.534700	-123979.829130	-133485.601364	-151739.466398
-1236.207931	-5499.177337	-5043.067639	-5465.605016	-53804.381645	-85310.752429	-88671.739539	-97828.556338
-3135.279195	-4688.568972	-5787.537192	-5691.402339	-138212.011839	-123993.329584	-133495.927870	-151749.457627
-2250.261873	-5536.594157	-5212.851490	-5521.171453	-53809.410788	-85364.530726	-88436.241560	-97965.080794
-6355.137391	-6413.520147	-5767.755898	-5676.829002	-138202.400589	-123978.979764	-133485.355495	-151739.309935
-5498.953819	-5654.387850	-5810.738303	-5678.863010	-53898.996580	-85510.778190	-87663.161774	-98353.241188
-4251.771182	-5280.130241	-5777.590666	-5688.071929	-138209.575499	-123989.529787	-133492.999791	-151746.753066
1449.510628	-5427.919975	-4587.539087	-5369.179591	-53751.787991	-85225.413469	-89147.138792	-97593.214821
1446.314328	-5427.048257	-4582.286427	-5367.771431	-53748.837560	-85219.959643	-89144.054251	-97590.219687
-4842.438381	-5516.187014	-5781.211648	-5684.406243	-138207.563842	-123987.026392	-133491.345762	-151744.942575
-5850.256187	-5675.845525	-5866.081222	-5710.244859	-53898.929524	-85538.293187	-87521.630528	-98431.695811
-6173.104784	-6305.024779	-5763.956101	-5677.767775	-138202.534700	-123979.829130	-133485.601364	-151739.466398
-1236.207931	-5499.177337	-5043.067639	-5465.605016	-53804.381645	-85310.752429	-88671.739539	-97828.556338
-3135.279195	-4688.568972	-5787.537192	-5691.402339	-138212.011839	-123993.329584	-133495.927870	-151749.457627
-2250.261873	-5536.594157	-5212.851490	-5521.171453	-53809.410788	-85364.530726	-88436.241560	-97965.080794
-6355.137391	-6413.520147	-5767.755898	-5676.829002	-138202.400589	-123978.979764	-133485.355495	-151739.309935
-5498.953819	-5654.387850	-5810.738303	-5678.863010	-53898.996580	-85510.778190	-87663.161774	-98353.241188
-4251.771182	-5280.130241	-5777.590666	-5688.071929	-138209.575499	-123989.529787	-133492.999791	-151746.753066
1449.510628	-5427.919975	-4587.539087	-5369.179591	-53751.787991	-85225.413469	-89147.138792	-97593.214821
-4811.347104	-5501.099587	-5783.178602	-5686.239086	-138209.083761	-123988.121627	-133492.396294	-151746.306032
-5836.018126	-5677.879534	-5866.930588	-5712.390627	-53902.796376	-85544.641083	-87529.900674	-98434.176854
-6191.902601	-6318.033495	-5766.504200	-5679.958246	-138204.658115	-123981.393752	-133487.344800	-151741.321592
-1319.222309	-5501.546622	-5064.033576	-5469.404813	-53807.779110	-85318.150856	-88657.210905	-97838.659327
-3136.955576	-4691.921734	-5786.307846	-5689.949476	-138210.223700	-123991.161465	-133494.005620	-151747.602433
-2187.922858	-5533.397857	-5204.067255	-5517.483415	-53808.807291	-85365.111871	-88450.189048	-97958.710546
-6347.828370	-6407.954563	-5767.688843	-5676.627836	-138201.864147	-123977.839825	-133484.416721	-151738.505273
-5535.633032	-5655.997176	-5817.734399	-5681.187592	-53901.388216	-85517.036678	-87651.918847	-98361.064298
-4288.495098	-5298.659837	-5776.428375	-5687.021397	-138208.368505	-123987.562834	-133491.234003	-151745.188444
1445.017927	-5426.265946	-4596.502137	-5367.994948	-53752.324432	-85227.983919	-89147.921103	-97593.259524
-4780.814622	-5483.642874	-5780.563448	-5683.780394	-138206.356848	-123984.813569	-133489.177643	-151743.132084
-5815.119244	-5672.939798	-5860.783858	-5707.160319	-53900.158870	-85543.836420	-87534.147505	-98428.879491
-6203.950191	-6324.202576	-5763.084383	-5677.052519	-138201.372409	-123977.504549	-133483.634410	-151737.745313
-1400.023866	-5503.021837	-5085.692416	-5471.930560	-53810.729541	-85324.632862	-88643.531638	-97847.532969
-3136.955576	-4691.921734	-5786.307846	-5689.949476	-138210.223700	-123991.161465	-133494.005620	-151747.602433
-2187.922858	-5533.397857	-5204.067255	-5517.483415	-53808.807291	-85365.111871	-88450.189048	-97958.710546
-6347.828370	-6407.954563	-5767.688843	-5676.627836	-138201.864147	-123977.839825	-133484.416721	-151738.505273
-5535.633032	-5655.997176	-5817.734399	-5681.187592	-53901.388216	-85517.036678	-87651.918847	-98361.064298
-4288.495098	-5298.659837	-5776.428375	-5687.021397	-138208.368505	-123987.562834	-133491.234003	-151745.188444
1445.017927	-5426.265946	-4596.502137	-5367.994948	-53752.324432	-85227.983919	-89147.921103	-97593.259524
-4780.814622	-5483.642874	-5780.563448	-5683.780394	-138206.356848	-123984.813569	-133489.177643	-151743.132084
-5815.119244	-5672.939798	-5860.783858	-5707.160319	-53900.158870	-85543.836420	-87534.147505	-98428.879491
-6203.950191	-6324.202576	-5763.084383	-5677.052519	-138201.372409	-123977.504549	-133483.634410	-151737.745313
-1400.023866	-5503.021837	-5085.692416	-5471.930560	-53810.729541	-85324.632862	-88643.531638	-97847.532969
-3143.683451	-4697.576725	-5786.196087	-5690.508269	-138210.357810	-123990.826188	-133493.603288	-151747.445970
-2135.083334	-5532.257918	-5199.619257	-5515.874090	-53810.930706	-85367.838784	-88466.751691	-97954.687232
-6341.547530	-6403.528917	-5767.532381	-5676.963112	-138201.931203	-123977.504549	-133483.969687	-151738.237052
-5574.055681	-5657.181818	-5825.043419	-5683.042786	-53904.092777	-85522.937539	-87642.709928	-98367.747470
-4331.969241	-5323.202052	-5774.461421	-5685.680292	-138206.736828	-123985.461770	-133489.155291	-151743.243843
1427.427104	-5425.349525	-4615.657582	-5367.570265	-53753.978462	-85231.403736	-89149.597484	-97594.086539
-4757.524104	-5473.048147	-5779.423509	-5683.154545	-138205.418075	-123983.427761	-133487.791835	-151741.880386
-5800.992942	-5672.492763	-5859.286292	-5706.355656	-53902.148175	-85547.524458	-87544.161087	-98427.605442
-6221.362200	-6335.780780	-5763.933750	-5678.550086	-138202.601755	-123978.309212	-133484.483777	-151738.751142
-1489.162623	-5508.721531	-5111.843957	-5478.792546	-53818.038561	-85335.361700	-88634.725050	-97860.564036
-3166.437527	-4715.458121	-5789.101814	-5694.285714	-138213.889386	-123993.754267	-133496.665477	-151750.552863
-2085.797737	-5534.515445	-5199.082816	-5517.282250	-53816.228070	-85373.605534	-88487.605868	-97953.636700
-6339.580576	-6402.947772	-5770.236942	-5680.472336	-138204.926336	-123980.164406	-133486.629544	-151741.075723
-5616.166367	-5662.255664	-5835.146408	-5688.742481	-53910.708894	-85532.749955	-87637.792544	-98378.833935
-4388.362692	-5356.886131	-5776.942465	-5689.055406	-138209.799017	-123988.009869	-133491.837501	-151746.037811
-4331.969241	-5323.202052	-5774.461421	-5685.680292	-138206.736828	-123985.461770	-133489.155291	-151743.243843
1427.427104	-5425.349525	-4615.657582	-5367.570265	-53753.978462	-85231.403736	-89149.597484	-97594.086539
-4757.524104	-5473.048147	-5779.423509	-5683.154545	-138205.418075	-123983.427761	-133487.791835	-151741.880386
-5800.992942	-5672.492763	-5859.286292	-5706.355656	-53902.148175	-85547.524458	-87544.161087	-98427.605442
-6221.362200	-6335.780780	-5763.933750	-5678.550086	-138202.601755	-123978.309212	-133484.483777	-151738.751142
-1489.162623	-5508.721531	-5111.843957	-5478.792546	-53818.038561	-85335.361700	-88634.725050	-97860.564036
-3166.437527	-4715.458121	-5789.101814	-5694.285714	-138213.889386	-123993.754267	-133496.665477	-151750.552863
-2085.797737	-5534.515445	-5199.082816	-5517.282250	-53816.228070	-85373.605534	-88487.605868	-97953.636700
-6339.580576	-6402.947772	-5770.236942	-5680.472336	-138204.926336	-123980.164406	-133486.629544	-151741.075723
-5616.166367	-5662.255664	-5835.146408	-5688.742481	-53910.708894	-85532.749955	-87637.792544	-98378.833935
-4388.362692	-5356.886131	-5776.942465	-5689.055406	-138209.799017	-123988.009869	-133491.837501	-151746.037811
1410.104502	-5430.155150	-4632.264928	-5372.442946	-53761.086316	-85240.187972	-89157.062966	-97600.635600
-4743.196636	-5470.365938	-5782.262180	-5686.909638	-138208.592022	-123986.266433	-133490.719913	-151745.009630
-5788.453613	-5675.532600	-5860.560341	-5709.149624	-53907.937277	-85554.386443	-87558.153279	-98429.952375
-6241.076439	-6349.281233	-5764.805468	-5680.449984	-138204.233432	-123979.203281	-133485.444902	-151739.891081
-1574.859211	-5512.767197	-5133.949832	-5483.598171	-53823.559442	-85343.989473	-88624.867931	-97871.516391
-3193.885469	-4735.932319	-5789.079462	-5695.202135	-138214.559938	-123993.754267	-133496.665477	-151750.910491
-2034.791056	-5533.509616	-5194.701874	-5515.360000	-53818.686762	-85376.019523	-88505.889595	-97949.099296
-6335.669021	-6400.377321	-5769.052299	-5680.382929	-138204.546357	-123979.024467	-133485.668419	-151740.293412
-5655.751307	-5664.602597	-5843.640070	-5691.715263	-53915.223946	-85539.701347	-87631.042317	-98386.522935
-4438.005917	-5384.959922	-5774.439070	-5688.071929	-138208.323802	-123985.953508	-133489.915251	-151744.316726
1380.667255	-5429.082266	-4651.889760	-5371.459469	-53763.410898	-85243.272512	-89159.789879	-97601.082635
-4726.611641	-5463.459249	-5779.445860	-5685.501478	-138206.803883	-123983.852444	-133488.283573	-151742.752104
-5777.367148	-5672.828039	-5859.085126	-5706.243897	-53909.233678	-85555.638141	-87567.429253	-98425.929061
-6256.923825	-6359.004242	-5760.402174	-5677.946589	-138201.193595	-123975.805816	-133481.980381	-151736.650078
-1574.859211	-5512.767197	-5133.949832	-5483.598171	-53823.559442	-85343.989473	-88624.867931	-97871.516391
-3193.885469	-4735.932319	-5789.079462	-5695.202135	-138214.559938	-123993.754267	-133496.665477	-151750.910491
-2034.791056	-5533.509616	-5194.701874	-5515.360000	-53818.686762	-85376.019523	-88505.889595	-97949.099296
-6335.669021	-6400.377321	-5769.052299	-5680.382929	-138204.546357	-123979.024467	-133485.668419	-151740.293412
-5655.751307	-5664.602597	-5843.640070	-5691.715263	-53915.223946	-85539.701347	-87631.042317	-98386.522935
-4438.005917	-5384.959922	-5774.439070	-5688.071929	-138208.323802	-123985.953508	-133489.915251	-151744.316726
1380.667255	-5429.082266	-4651.889760	-5371.459469	-53763.410898	-85243.272512	-89159.789879	-97601.082635
-4726.611641	-5463.459249	-5779.445860	-5685.501478	-138206.803883	-123983.852444	-133488.283573	-151742.752104
-5777.367148	-5672.828039	-5859.085126	-5706.243897	-53909.233678	-85555.638141	-87567.429253	-98425.929061
-6256.923825	-6359.004242	-5760.402174	-5677.946589	-138201.193595	-123975.805816	-133481.980381	-151736.650078
-1676.224372	-5511.694313	-5165.108164	-5483.754633	-53825.995782	-85348.012787	-88611.099256	-97877.350197
-3220.528748	-4752.405554	-5781.546924	-5689.480089	-138208.144988	-123986.981688	-133489.915251	-151744.204968
-2003.364504	-5524.278346	-5194.098377	-5505.748749	-53814.954020	-85370.766863	-88517.221930	-97936.157636
-6326.080123	-6391.883658	-5760.670395	-5673.967978	-138197.706723	-123971.715447	-133478.426454	-151733.118502
-5701.818252	-5661.249836	-5850.770277	-5689.480089	-53916.430940	-85541.467135	-87621.095791	-98388.176964
-4488.252638	-5411.938478	-5769.029947	-5684.674464	-138204.658115	-123981.639621	-133485.780178	-151740.248709
1322.820940	-5427.271775	-4689.887725	-5370.252475	-53767.076584	-85246.066480	-89163.164993	-97600.747359
-4711.881842	-5458.363051	-5777.680073	-5685.814403	-138206.714476	-123983.204244	-133487.680076	-151742.282718
-5780.049357	-5674.191496	-5864.695414	-5707.473243	-53916.565051	-85560.980208	-87583.768378	-98425.526729
-6280.527268	-6376.080975	-5760.893912	-5681.120536	-138203.987563	-123977.884528	-133484.260259	-151739.064066
-1801.841176	-5518.936279	-5208.671714	-5492.158889	-53837.864558	-85360.082729	-88606.159521	-97891.342389
-3263.309987	-4784.145031	-5786.039625	-5696.297371	-138214.582290	-123992.837845	-133495.860815	-151750.284642
-1991.205155	-5531.855587	-5213.298525	-5512.677790	-53828.677991	-85381.629811	-88547.307378	-97939.778619
-6335.266690	-6402.232516	-5767.890008	-5684.316836	-138207.407380	-123980.857310	-133487.456559	-151742.416828
-5765.073689	-5673.297426	-5873.680815	-5702.131176	-53933.619432	-85557.582743	-87628.248349	-98404.829014
-5701.818252	-5661.249836	-5850.770277	-5689.480089	-53916.430940	-85541.467135	-87621.095791	-98388.176964
-4488.252638	-5411.938478	-5769.029947	-5684.674464	-138204.658115	-123981.639621	-133485.780178	-151740.248709
1322.820940	-5427.271775	-4689.887725	-5370.252475	-53767.076584	-85246.066480	-89163.164993	-97600.747359
-4711.881842	-5458.363051	-5777.680073	-5685.814403	-138206.714476	-123983.204244	-133487.680076	-151742.282718
-5780.049357	-5674.191496	-5864.695414	-5707.473243	-53916.565051	-85560.980208	-87583.768378	-98425.526729
-6280.527268	-6376.080975	-5760.893912	-5681.120536	-138203.987563	-123977.884528	-133484.260259	-151739.064066
-1801.841176	-5518.936279	-5208.671714	-5492.158889	-53837.864558	-85360.082729	-88606.159521	-97891.342389
-3263.309987	-4784.145031	-5786.039625	-5696.297371	-138214.582290	-123992.837845	-133495.860815	-151750.284642
-1991.205155	-5531.855587	-5213.298525	-5512.677790	-53828.677991	-85381.629811	-88547.307378	-97939.778619
-6335.266690	-6402.232516	-5767.890008	-5684.316836	-138207.407380	-123980.857310	-133487.456559	-151742.416828
-5765.073689	-5673.297426	-5873.680815	-5702.131176	-53933.619432	-85557.582743	-87628.248349	-98404.829014
-4560.269959	-5457.714851	-5773.880276	-5692.676388	-138212.011839	-123988.434552	-133492.485701	-151747.222453
1254.558713	-5435.139589	-4737.094609	-5378.232047	-53780.644093	-85257.599981	-89177.961848	-97609.799815
-4714.117016	-5467.326101	-5780.004654	-5691.178821	-138211.117770	-123987.138151	-133491.725742	-151746.417790
-5787.134860	-5678.348920	-5873.300835	-5711.384798	-53927.562109	-85568.557449	-87605.203701	-98427.717200
-6306.477643	-6395.504641	-5760.335119	-5684.316836	-138206.222738	-123979.695020	-133486.137806	-151741.120427
-1922.540596	-5522.691372	-5247.384935	-5496.763348	-53847.252291	-85367.995246	-88601.532710	-97901.244211
-3314.964868	-4820.466616	-5781.993959	-5695.425653	-138212.861206	-123990.490912	-133493.603288	-151748.161226
-1977.458832	-5529.061619	-5223.803845	-5509.079159	-53833.394210	-85381.674514	-88568.832108	-97932.447247
-6334.394972	-6402.210164	-5762.257369	-5682.305179	-138204.568708	-123977.549252	-133484.237907	-151739.265232
-5816.326239	-5674.280903	-5885.817812	-5703.628743	-53941.599004	-85562.298961	-87626.795486	-98409.656991
-4625.648812	-5497.992694	-5771.890971	-5694.017493	-138212.637688	-123988.456904	-133492.642163	-151747.557729
1179.948590	-5438.045316	-4783.429776	-5381.160126	-53790.680026	-85263.791414	-89188.176595	-97613.376095
-4713.334705	-5473.852810	-5779.155288	-5693.391644	-138212.548281	-123988.009869	-133492.664515	-151747.535377
-5790.867602	-5679.332397	-5878.955827	-5711.563612	-53936.145179	-85572.111377	-87623.219207	-98425.325564
-4714.117016	-5467.326101	-5780.004654	-5691.178821	-138211.117770	-123987.138151	-133491.725742	-151746.417790
-5787.134860	-5678.348920	-5873.300835	-5711.384798	-53927.562109	-85568.557449	-87605.203701	-98427.717200
-6306.477643	-6395.504641	-5760.335119	-5684.316836	-138206.222738	-123979.695020	-133486.137806	-151741.120427
-1922.540596	-5522.691372	-5247.384935	-5496.763348	-53847.252291	-85367.995246	-88601.532710	-97901.244211
-3314.964868	-4820.466616	-5781.993959	-5695.425653	-138212.861206	-123990.490912	-133493.603288	-151748.161226
-1977.458832	-5529.061619	-5223.803845	-5509.079159	-53833.394210	-85381.674514	-88568.832108	-97932.447247
-6334.394972	-6402.210164	-5762.257369	-5682.305179	-138204.568708	-123977.549252	-133484.237907	-151739.265232
-5816.326239	-5674.280903	-5885.817812	-5703.628743	-53941.599004	-85562.298961	-87626.795486	-98409.656991
-4625.648812	-5497.992694	-5771.890971	-5694.017493	-138212.637688	-123988.456904	-133492.642163	-151747.557729
1179.948590	-5438.045316	-4783.429776	-5381.160126	-53790.680026	-85263.791414	-89188.176595	-97613.376095
-4713.334705	-5473.852810	-5779.155288	-5693.391644	-138212.548281	-123988.009869	-133492.664515	-151747.535377
-5790.867602	-5679.332397	-5878.955827	-5711.563612	-53936.145179	-85572.111377	-87623.219207	-98425.325564
-6325.834254	-6409.720350	-5758.256407	-5685.546182	-138206.781531	-123979.516206	-133486.093102	-151741.142779
-2043.329423	-5525.977078	-5287.282799	-5500.652552	-53856.863541	-85374.700770	-88595.654201	-97909.313191
-3347.106677	-4844.405335	-5780.585799	-5696.230316	-138212.749447	-123989.954470	-133493.066846	-151747.758895
-1957.297558	-5526.178244	-5235.583214	-5504.787624	-53837.573986	-85380.780444	-88588.255774	-97923.730066
-6324.850777	-6395.079958	-5757.474096	-5679.555914	-138200.880671	-123973.481235	-133480.125186	-151735.286621
-5855.531198	-5674.213847	-5894.423234	-5703.360522	-53946.896368	-85565.316446	-87622.727468	-98411.713351
-4651.487428	-5510.509671	-5770.102831	-5693.861031	-138211.609508	-123986.914633	-133491.189300	-151746.149569
1137.703793	-5438.179426	-4808.731950	-5380.534277	-53796.022093	-85266.406568	-89193.898641	-97612.593783
-4676.968417	-5455.636138	-5779.736433	-5694.732749	-138213.017668	-123988.076924	-133492.642163	-151747.580081
-5778.171811	-5677.656016	-5878.240571	-5708.635534	-53939.453237	-85572.625467	-87635.982053	-98419.737627
-6333.031515	-6414.861252	-5757.742316	-5685.613237	-138206.021572	-123978.175101	-133484.841405	-151740.092247
-2126.232043	-5529.821578	-5304.538346	-5504.474700	-53863.591416	-85381.629811	-88586.735855	-97917.985668
-3318.429389	-4827.976802	-5784.027968	-5699.828947	-138215.588119	-123992.256700	-133495.436131	-151750.329346
-3347.106677	-4844.405335	-5780.585799	-5696.230316	-138212.749447	-123989.954470	-133493.066846	-151747.758895
-1957.297558	-5526.178244	-5235.583214	-5504.787624	-53837.573986	-85380.780444	-88588.255774	-97923.730066
-6324.850777	-6395.079958	-5757.474096	-5679.555914	-138200.880671	-123973.481235	-133480.125186	-151735.286621
-5855.531198	-5674.213847	-5894.423234	-5703.360522	-53946.896368	-85565.316446	-87622.727468	-98411.713351
-4651.487428	-5510.509671	-5770.102831	-5693.861031	-138211.609508	-123986.914633	-133491.189300	-151746.149569
1137.703793	-5438.179426	-4808.731950	-5380.534277	-53796.022093	-85266.406568	-89193.898641	-97612.593783
-4676.968417	-5455.636138	-5779.736433	-5694.732749	-138213.017668	-123988.076924	-133492.642163	-151747.580081
-5778.171811	-5677.656016	-5878.240571	-5708.635534	-53939.453237	-85572.625467	-87635.982053	-98419.737627
-6333.031515	-6414.861252	-5757.742316	-5685.613237	-138206.021572	-123978.175101	-133484.841405	-151740.092247
-2126.232043	-5529.821578	-5304.538346	-5504.474700	-53863.591416	-85381.629811	-88586.735855	-97917.985668
-3318.429389	-4827.976802	-5784.027968	-5699.828947	-138215.588119	-123992.256700	-133495.436131	-151750.329346
-1902.804005	-5528.815750	-5232.722191	-5505.726398	-53843.653660	-85385.183738	-88610.607518	-97921.003153
-6316.155948	-6390.497850	-5763.620825	-5685.479127	-138206.043924	-123978.085694	-133484.774349	-151740.136950
-5882.599161	-5677.678368	-5900.391150	-5706.310952	-53951.389069	-85571.530231	-87617.966547	-98418.977668
-4670.374652	-5519.204500	-5768.806430	-5692.072891	-138209.195520	-123983.830092	-133488.171814	-151743.333249
1136.630909	-5435.206644	-4802.965200	-5376.443908	-53794.166898	-85265.758367	-89192.758702	-97610.738589
-4632.957832	-5431.228033	-5776.696596	-5690.798842	-138208.212043	-123982.913671	-133487.411855	-151742.595642
-5742.386668	-5672.425708	-5866.349443	-5701.862955	-53934.424094	-85569.384464	-87644.229847	-98412.920345
-6336.607794	-6415.554156	-5754.925997	-5681.455813	-138201.193595	-123972.967145	-133479.566393	-151735.063104
-2176.635227	-5529.531006	-5299.643314	-5503.893555	-53861.825628	-85384.334372	-88572.363683	-97925.272337
-3313.310839	-4826.769808	-5783.223305	-5697.593772	-138212.660040	-123988.769828	-133492.038666	-151747.133046
-1797.884917	-5525.910023	-5204.693103	-5501.054883	-53840.457361	-85384.133206	-88627.326623	-97915.705790
-6300.800300	-6378.718481	-5764.313729	-5683.959208	-138203.540528	-123975.135264	-133481.846271	-151737.387685
-5886.644827	-5677.097222	-5894.579696	-5705.439234	-53948.170417	-85573.877165	-87609.830512	-98425.057343
-4702.874089	-5534.381334	-5767.733546	-5689.524792	-138205.775703	-123979.918537	-133484.416721	-151739.667563
-4670.374652	-5519.204500	-5768.806430	-5692.072891	-138209.195520	-123983.830092	-133488.171814	-151743.333249
1136.630909	-5435.206644	-4802.965200	-5376.443908	-53794.166898	-85265.758367	-89192.758702	-97610.738589
-4632.957832	-5431.228033	-5776.696596	-5690.798842	-138208.212043	-123982.913671	-133487.411855	-151742.595642
-5742.386668	-5672.425708	-5866.349443	-5701.862955	-53934.424094	-85569.384464	-87644.229847	-98412.920345
-6336.607794	-6415.554156	-5754.925997	-5681.455813	-138201.193595	-123972.967145	-133479.566393	-151735.063104
-2176.635227	-5529.531006	-5299.643314	-5503.893555	-53861.825628	-85384.334372	-88572.363683	-97925.272337
-3313.310839	-4826.769808	-5783.223305	-5697.593772	-138212.660040	-123988.769828	-133492.038666	-151747.133046
-1797.884917	-5525.910023	-5204.693103	-5501.054883	-53840.457361	-85384.133206	-88627.326623	-97915.705790
-6300.800300	-6378.718481	-5764.313729	-5683.959208	-138203.540528	-123975.135264	-133481.846271	-151737.387685
-5886.644827	-5677.097222	-5894.579696	-5705.439234	-53948.170417	-85573.877165	-87609.830512	-98425.057343
-4702.874089	-5534.381334	-5767.733546	-5689.524792	-138205.775703	-123979.918537	-133484.416721	-151739.667563
1184.262476	-5434.536092	-4768.297645	-5374.544010	-53792.781090	-85267.322989	-89195.507967	-97613.309039
-4600.547803	-5414.888908	-5777.545962	-5689.614199	-138206.245089	-123980.365572	-133484.886108	-151740.360467
-5688.876592	-5671.039900	-5852.379602	-5699.158394	-53930.914871	-85570.502051	-87655.137498	-98412.540366
-6345.928472	-6421.745589	-5758.524628	-5682.729862	-138201.707685	-123972.788331	-133479.588745	-151735.264270
-2208.665277	-5533.934299	-5289.875602	-5507.961572	-53864.172562	-85391.866909	-88562.618323	-97938.817494
-3315.523662	-4830.189625	-5785.145555	-5697.884345	-138212.056543	-123987.629889	-133490.965783	-151746.328383
-1674.369177	-5523.138407	-5168.036242	-5496.182203	-53837.015192	-85383.306191	-88643.866914	-97911.503662
-6286.696349	-6368.011995	-5765.185447	-5682.215772	-138201.148892	-123972.296592	-133479.119358	-151734.772531
-5887.225972	-5678.125403	-5889.796423	-5705.998028	-53946.315223	-85578.012237	-87602.543843	-98433.551006
-4730.433790	-5548.842913	-5768.292340	-5687.781356	-138203.182900	-123976.856348	-133481.466291	-151736.873595
1243.181675	-5432.569138	-4728.355077	-5371.191248	-53789.540087	-85267.814728	-89195.262098	-97614.963068
-4563.041575	-5397.476899	-5779.311750	-5688.831888	-138204.792226	-123978.443322	-133483.142672	-151738.482921
-5633.041934	-5668.648263	-5838.521521	-5695.358598	-53927.249185	-85570.502051	-87665.821632	-98410.484005
-6348.431867	-6421.902051	-5757.339985	-5678.728900	-138197.125578	-123967.714485	-133474.716064	-151730.369238
-6345.928472	-6421.745589	-5758.524628	-5682.729862	-138201.707685	-123972.788331	-133479.588745	-151735.264270
-2208.665277	-5533.934299	-5289.875602	-5507.961572	-53864.172562	-85391.866909	-88562.618323	-97938.817494
-3315.523662	-4830.189625	-5785.145555	-5697.884345	-138212.056543	-123987.629889	-133490.965783	-151746.328383
-1674.369177	-5523.138407	-5168.036242	-5496.182203	-53837.015192	-85383.306191	-88643.866914	-97911.503662
-6286.696349	-6368.011995	-5765.185447	-5682.215772	-138201.148892	-123972.296592	-133479.119358	-151734.772531
-5887.225972	-5678.125403	-5889.796423	-5705.998028	-53946.315223	-85578.012237	-87602.543843	-98433.551006
-4730.433790	-5548.842913	-5768.292340	-5687.781356	-138203.182900	-123976.856348	-133481.466291	-151736.873595
1243.181675	-5432.569138	-4728.355077	-5371.191248	-53789.540087	-85267.814728	-89195.262098	-97614.963068
-4563.041575	-5397.476899	-5779.311750	-5688.831888	-138204.792226	-123978.443322	-133483.142672	-151738.482921
-5633.041934	-5668.648263	-5838.521521	-5695.358598	-53927.249185	-85570.502051	-87665.821632	-98410.484005
-6348.431867	-6421.902051	-5757.339985	-5678.728900	-138197.125578	-123967.714485	-133474.716064	-151730.369238
-2241.947024	-5529.329840	-5278.409157	-5502.843023	-53857.556445	-85390.346991	-88543.194657	-97942.684346
-3300.503290	-4821.092465	-5780.071709	-5690.485917	-138204.121674	-123979.203281	-133482.628582	-151737.991183
-1562.945731	-5513.817729	-5132.899300	-5484.425185	-53828.074494	-85375.773653	-88653.858144	-97899.456072
-6266.244503	-6352.254015	-5763.263197	-5677.611313	-138195.963287	-123966.641601	-133473.531422	-151729.341057
-5894.490289	-5677.633664	-5887.114213	-5704.321647	-53944.594138	-85580.359170	-87594.966602	-98438.557796
-4748.717517	-5557.761259	-5772.382709	-5689.658903	-138204.769874	-123977.884528	-133482.583878	-151738.237052
1265.086384	-5435.318403	-4711.613621	-5372.062966	-53793.205773	-85272.620353	-89200.246537	-97619.500472
-4516.415836	-5373.314664	-5782.888029	-5690.508269	-138205.730999	-123978.868005	-133483.746169	-151739.332287
-5592.607628	-5666.591903	-5830.318431	-5690.485917	-53926.131597	-85570.055016	-87678.338609	-98406.147767
-6353.461010	-6425.388923	-5760.178657	-5679.511211	-138197.326743	-123967.468615	-133474.537250	-151730.413941
-2305.448330	-5532.660250	-5288.154517	-5504.698217	-53861.289187	-85396.113741	-88533.136372	-97952.228540
-3279.693816	-4812.598802	-5784.273837	-5693.413996	-138206.312145	-123980.924366	-133484.394370	-151740.025191
-1486.301599	-5514.197709	-5120.695248	-5481.385348	-53831.270794	-85376.958296	-88676.187536	-97894.985723
-6253.213436	-6344.944995	-5768.717023	-5681.500516	-138199.159586	-123969.234403	-133476.325390	-151732.291488
-6266.244503	-6352.254015	-5763.263197	-5677.611313	-138195.963287	-123966.641601	-133473.531422	-151729.341057
-5894.490289	-5677.633664	-5887.114213	-5704.321647	-53944.594138	-85580.359170	-87594.966602	-98438.557796
-4748.717517	-5557.761259	-5772.382709	-5689.658903	-138204.769874	-123977.884528	-133482.583878	-151738.237052
1265.086384	-5435.318403	-4711.613621	-5372.062966	-53793.205773	-85272.620353	-89200.246537	-97619.500472
-4516.415836	-5373.314664	-5782.888029	-5690.508269	-138205.730999	-123978.868005	-133483.746169	-151739.332287
-5592.607628	-5666.591903	-5830.318431	-5690.485917	-53926.131597	-85570.055016	-87678.338609	-98406.147767
-6353.461010	-6425.388923	-5760.178657	-5679.511211	-138197.326743	-123967.468615	-133474.537250	-151730.413941
-2305.448330	-5532.660250	-5288.154517	-5504.698217	-53861.289187	-85396.113741	-88533.136372	-97952.228540
-3279.693816	-4812.598802	-5784.273837	-5693.413996	-138206.312145	-123980.924366	-133484.394370	-151740.025191
-1486.301599	-5514.197709	-5120.695248	-5481.385348	-53831.270794	-85376.958296	-88676.187536	-97894.985723
-6253.213436	-6344.944995	-5768.717023	-5681.500516	-138199.159586	-123969.234403	-133476.325390	-151732.291488
-5914.986839	-5679.712377	-5890.981065	-5704.299295	-53947.365755	-85584.136615	-87592.329096	-98443.832808
-4771.672758	-5570.859381	-5774.193200	-5690.307103	-138204.769874	-123977.169273	-133482.181547	-151737.946479
1262.739451	-5435.117237	-4711.703028	-5369.134887	-53795.172727	-85273.581478	-89205.253328	-97619.478121
-4472.651121	-5352.818114	-5784.162078	-5690.597676	-138205.261613	-123977.906880	-133482.762692	-151738.572328
-5556.107230	-5665.027280	-5823.992887	-5685.836755	-53926.958612	-85569.116243	-87695.683562	-98400.805700
-6362.647577	-6433.167330	-5765.118392	-5683.176897	-138200.478339	-123969.949659	-133477.174756	-151733.319668
-2366.222723	-5538.985793	-5300.179756	-5509.414436	-53869.112297	-85404.249776	-88530.387107	-97964.007910
-3268.070909	-4812.375285	-5790.465270	-5698.644304	-138211.028363	-123985.059438	-133488.752960	-151744.473188
-1402.259040	-5517.416360	-5109.340562	-5481.362996	-53838.177483	-85380.646334	-88705.401266	-97892.661141
-6243.579834	-6340.564053	-5775.981340	-5687.714301	-138204.769874	-123974.330601	-133481.510995	-151737.588851
-5932.778827	-5684.741519	-5897.865402	-5707.339133	-53954.764182	-85590.596269	-87597.782922	-98451.499456
-4796.639657	-5585.946809	-5779.177639	-5694.397473	-138208.547319	-123980.365572	-133485.444902	-151741.388648
1270.428451	-5437.687688	-4712.083007	-5369.179591	-53801.632381	-85276.822481	-89217.122104	-97621.355667
-4434.608452	-5335.964899	-5788.475965	-5694.285714	-138208.413209	-123980.589089	-133485.489605	-151741.455703
-4472.651121	-5352.818114	-5784.162078	-5690.597676	-138205.261613	-123977.906880	-133482.762692	-151738.572328
-5556.107230	-5665.027280	-5823.992887	-5685.836755	-53926.958612	-85569.116243	-87695.683562	-98400.805700
-6362.647577	-6433.167330	-5765.118392	-5683.176897	-138200.478339	-123969.949659	-133477.174756	-151733.319668
-2366.222723	-5538.985793	-5300.179756	-5509.414436	-53869.112297	-85404.249776	-88530.387107	-97964.007910
-3268.070909	-4812.375285	-5790.465270	-5698.644304	-138211.028363	-123985.059438	-133488.752960	-151744.473188
-1402.259040	-5517.416360	-5109.340562	-5481.362996	-53838.177483	-85380.646334	-88705.401266	-97892.661141
-6243.579834	-6340.564053	-5775.981340	-5687.714301	-138204.769874	-123974.330601	-133481.510995	-151737.588851
-5932.778827	-5684.741519	-5897.865402	-5707.339133	-53954.764182	-85590.596269	-87597.782922	-98451.499456
-4796.639657	-5585.946809	-5779.177639	-5694.397473	-138208.547319	-123980.365572	-133485.444902	-151741.388648
1270.428451	-5437.687688	-4712.083007	-5369.179591	-53801.632381	-85276.822481	-89217.122104	-97621.355667
-4434.608452	-5335.964899	-5788.475965	-5694.285714	-138208.413209	-123980.589089	-133485.489605	-151741.455703
-5521.573785	-5665.653129	-5821.690657	-5683.355711	-53932.457141	-85570.032665	-87718.884673	-98396.491813
-6371.208295	-6440.185778	-5768.024119	-5685.769699	-138202.512348	-123971.380171	-133478.784082	-151735.040752
-2440.028183	-5541.668003	-5319.335201	-5510.330857	-53875.706062	-85408.027221	-88525.760296	-97970.422860
-3264.137002	-4815.303363	-5791.113471	-5699.314856	-138211.296584	-123984.768866	-133488.484739	-151744.361430
-1332.856874	-5512.968363	-5103.104425	-5473.271665	-53839.943271	-85375.840709	-88728.714136	-97880.501792
-6226.637212	-6329.343477	-5774.550828	-5686.216734	-138202.869976	-123971.983668	-133479.164061	-151735.443084
-5954.750592	-5682.707510	-5901.195812	-5703.047598	-53957.558150	-85589.299868	-87597.671163	-98449.733669
-4824.288765	-5600.833070	-5775.735471	-5691.245877	-138204.836929	-123976.096389	-133481.354532	-151737.365334
1238.174884	-5432.189158	-4729.986755	-5361.401184	-53801.654732	-85271.949800	-89220.072534	-97614.024295
-4392.698931	-5316.809454	-5784.407948	-5690.485917	-138204.009915	-123975.716409	-133480.728684	-151736.761837
-5491.600095	-5659.439344	-5815.700390	-5674.482068	-53932.255975	-85564.332970	-87735.961406	-98383.751319
-6373.734042	-6441.392772	-5763.821991	-5681.947551	-138198.265517	-123966.686304	-133474.134919	-151730.346886
-2520.829740	-5538.941090	-5334.824960	-5506.955744	-53877.293036	-85407.177854	-88515.702011	-97971.160468
-3245.942682	-4803.702808	-5788.475965	-5696.990275	-138208.390857	-123981.304345	-133485.176681	-151741.165130
-3264.137002	-4815.303363	-5791.113471	-5699.314856	-138211.296584	-123984.768866	-133488.484739	-151744.361430
-1332.856874	-5512.968363	-5103.104425	-5473.271665	-53839.943271	-85375.840709	-88728.714136	-97880.501792
-6226.637212	-6329.343477	-5774.550828	-5686.216734	-138202.869976	-123971.983668	-133479.164061	-151735.443084
-5954.750592	-5682.707510	-5901.195812	-5703.047598	-53957.558150	-85589.299868	-87597.671163	-98449.733669
-4824.288765	-5600.833070	-5775.735471	-5691.245877	-138204.836929	-123976.096389	-133481.354532	-151737.365334
1238.174884	-5432.189158	-4729.986755	-5361.401184	-53801.654732	-85271.949800	-89220.072534	-97614.024295
-4392.698931	-5316.809454	-5784.407948	-5690.485917	-138204.009915	-123975.716409	-133480.728684	-151736.761837
-5491.600095	-5659.439344	-5815.700390	-5674.482068	-53932.255975	-85564.332970	-87735.961406	-98383.751319
-6373.734042	-6441.392772	-5763.821991	-5681.947551	-138198.265517	-123966.686304	-133474.134919	-151730.346886
-2520.829740	-5538.941090	-5334.824960	-5506.955744	-53877.293036	-85407.177854	-88515.702011	-97971.160468
-3245.942682	-4803.702808	-5788.475965	-5696.990275	-138208.390857	-123981.304345	-133485.176681	-151741.165130
-1279.324446	-5507.983924	-5099.148166	-5466.253217	-53841.597300	-85371.772691	-88750.976473	-97868.387147
-6211.393322	-6319.486358	-5773.366186	-5685.903810	-138201.931203	-123970.463749	-133477.688846	-151734.124331
-5979.449270	-5683.579228	-5908.460129	-5703.449929	-53963.771935	-85592.295002	-87601.292145	-98451.410049
-4845.634680	-5612.634791	-5778.842363	-5694.822156	-138207.854415	-123978.599784	-133483.880280	-151740.114598
1219.868805	-5434.960775	-4739.732115	-5363.569303	-53809.209622	-85276.710722	-89230.153171	-97616.147711
-4349.023622	-5296.335256	-5787.827764	-5694.509231	-138207.452084	-123978.599784	-133483.634410	-151739.891081
-5467.683729	-5659.931083	-5816.236832	-5673.878571	-53939.319127	-85566.255220	-87760.838897	-98378.766880
-6382.853554	-6448.970014	-5766.459497	-5685.412071	-138201.037133	-123968.899127	-133476.459500	-151733.051447
-2590.678941	-5544.551378	-5350.985271	-5512.633087	-53886.569010	-85415.135075	-88514.629127	-97980.548201
-3231.168178	-4798.740721	-5794.421529	-5703.226412	-138214.068200	-123986.422895	-133490.406989	-151746.686011
-1211.688067	-5510.152043	-5093.023788	-5466.722604	-53848.861617	-85374.879584	-88780.078444	-97863.715632
-6199.591601	-6313.674905	-5777.411852	-5690.396510	-138205.798054	-123973.905918	-133481.175718	-151737.879424
-6002.449215	-5687.066100	-5915.478577	-5706.221545	-53970.656272	-85597.391200	-87607.260061	-98455.746288
-4877.307102	-5629.488007	-5778.909418	-5695.403301	-138207.876767	-123977.973935	-133483.522652	-151739.913433
-4845.634680	-5612.634791	-5778.842363	-5694.822156	-138207.854415	-123978.599784	-133483.880280	-151740.114598
1219.868805	-5434.960775	-4739.732115	-5363.569303	-53809.209622	-85276.710722	-89230.153171	-97616.147711
-4349.023622	-5296.335256	-5787.827764	-5694.509231	-138207.452084	-123978.599784	-133483.634410	-151739.891081
-5467.683729	-5659.931083	-5816.236832	-5673.878571	-53939.319127	-85566.255220	-87760.838897	-98378.766880
-6382.853554	-6448.970014	-5766.459497	-5685.412071	-138201.037133	-123968.899127	-133476.459500	-151733.051447
-2590.678941	-5544.551378	-5350.985271	-5512.633087	-53886.569010	-85415.135075	-88514.629127	-97980.548201
-3231.168178	-4798.740721	-5794.421529	-5703.226412	-138214.068200	-123986.422895	-133490.406989	-151746.686011
-1211.688067	-5510.152043	-5093.023788	-5466.722604	-53848.861617	-85374.879584	-88780.078444	-97863.715632
-6199.591601	-6313.674905	-5777.411852	-5690.396510	-138205.798054	-123973.905918	-133481.175718	-151737.879424
-6002.449215	-5687.066100	-5915.478577	-5706.221545	-53970.656272	-85597.391200	-87607.260061	-98455.746288
-4877.307102	-5629.488007	-5778.909418	-5695.403301	-138207.876767	-123977.973935	-133483.522652	-151739.913433
1197.472357	-5436.167769	-4750.930339	-5363.703413	-53814.261116	-85279.147062	-89239.540904	-97616.751208
-4315.160729	-5281.270180	-5788.945352	-5695.939743	-138208.212043	-123978.957412	-133484.081445	-151740.382819
-5435.251347	-5657.874722	-5811.408855	-5670.168182	-53941.889577	-85565.115281	-87783.078883	-98371.346101
-6391.906010	-6455.876703	-5766.951235	-5686.552010	-138201.595926	-123968.876775	-133476.504204	-151733.274964
-2670.385262	-5547.322994	-5369.067832	-5515.404703	-53892.358111	-85419.918349	-88510.762276	-97987.834869
-3238.454847	-4805.602706	-5791.426395	-5700.834775	-138210.894252	-123982.801912	-133486.808358	-151743.109732
-1149.349052	-5503.938258	-5084.999512	-5458.743031	-53847.453457	-85369.425758	-88801.089084	-97851.399821
-6181.553743	-6300.353265	-5772.494468	-5686.037920	-138200.701857	-123968.273278	-133475.677189	-151732.358543
-6017.693104	-5682.841621	-5914.539804	-5701.795900	-53969.918665	-85595.133674	-87605.784846	-98453.153485
-4904.442120	-5641.736763	-5774.819049	-5691.849374	-138203.652287	-123973.391828	-133478.895841	-151735.465435
1174.427709	-5434.200815	-4756.093592	-5361.401184	-53815.825738	-85278.945896	-89244.435936	-97614.896013
-4278.235647	-5262.293549	-5787.336026	-5694.620990	-138206.178034	-123976.498720	-133481.622753	-151738.259403
-5401.097882	-5654.879588	-5805.083311	-5666.189571	-53942.917757	-85563.438900	-87802.480197	-98363.545342
-6395.974028	-6458.089525	-5764.537247	-5684.540353	-138199.025476	-123965.814586	-133473.576125	-151730.503348
-5435.251347	-5657.874722	-5811.408855	-5670.168182	-53941.889577	-85565.115281	-87783.078883	-98371.346101
-6391.906010	-6455.876703	-5766.951235	-5686.552010	-138201.595926	-123968.876775	-133476.504204	-151733.274964
-2670.385262	-5547.322994	-5369.067832	-5515.404703	-53892.358111	-85419.918349	-88510.762276	-97987.834869
-3238.454847	-4805.602706	-5791.426395	-5700.834775	-138210.894252	-123982.801912	-133486.808358	-151743.109732
-1149.349052	-5503.938258	-5084.999512	-5458.743031	-53847.453457	-85369.425758	-88801.089084	-97851.399821
-6181.553743	-6300.353265	-5772.494468	-5686.037920	-138200.701857	-123968.273278	-133475.677189	-151732.358543
-6017.693104	-5682.841621	-5914.539804	-5701.795900	-53969.918665	-85595.133674	-87605.784846	-98453.153485
-4904.442120	-5641.736763	-5774.819049	-5691.849374	-138203.652287	-123973.391828	-133478.895841	-151735.465435
1174.427709	-5434.200815	-4756.093592	-5361.401184	-53815.825738	-85278.945896	-89244.435936	-97614.896013
-4278.235647	-5262.293549	-5787.336026	-5694.620990	-138206.178034	-123976.498720	-133481.622753	-151738.259403
-5401.097882	-5654.879588	-5805.083311	-5666.189571	-53942.917757	-85563.438900	-87802.480197	-98363.545342
-6395.974028	-6458.089525	-5764.537247	-5684.540353	-138199.025476	-123965.814586	-133473.576125	-151730.503348
-2743.542521	-5546.250110	-5380.266056	-5514.801206	-53893.699216	-85421.304157	-88499.899328	-97991.679369
-3229.245928	-4798.897183	-5790.107642	-5699.739540	-138209.217871	-123980.589089	-133484.707294	-151741.254537
-1084.037254	-5502.865374	-5077.243457	-5456.820781	-53850.180370	-85369.738682	-88823.440829	-97844.694298
-6165.974577	-6290.853773	-5774.796697	-5688.496612	-138202.579403	-123969.726142	-133477.152404	-151734.124331
-6036.602680	-5686.596714	-5920.597127	-5706.154490	-53975.819525	-85601.414514	-87609.942271	-98458.897884
-4921.608260	-5649.023431	-5777.277741	-5694.308066	-138205.663944	-123974.777636	-133480.393407	-151737.164168
1164.235313	-5436.368935	-4754.104287	-5363.770469	-53820.117273	-85283.304487	-89250.113279	-97617.287650
-4226.938394	-5234.420924	-5790.822898	-5697.929048	-138208.994354	-123978.756246	-133483.924983	-151740.651040
-5363.077565	-5654.723126	-5799.875355	-5665.764888	-53945.175284	-85565.227039	-87822.485009	-98359.320862
-6399.796176	-6460.458810	-5765.520724	-5685.322664	-138199.383104	-123965.635772	-133473.307904	-151730.458645
-2803.199327	-5549.625224	-5386.122213	-5519.539776	-53897.275495	-85427.830866	-88491.472720	-98000.910640
-3201.820338	-4777.037177	-5789.839421	-5698.689008	-138207.832063	-123978.711543	-133482.762692	-151739.466398
-986.941276	-5495.735168	-5050.510770	-5449.221188	-53844.771247	-85364.553078	-88838.662367	-97833.071391
-1084.037254	-5502.865374	-5077.243457	-5456.820781	-53850.180370	-85369.738682	-88823.440829	-97844.694298
-6165.974577	-6290.853773	-5774.796697	-5688.496612	-138202.579403	-123969.726142	-133477.152404	-151734.124331
-6036.602680	-5686.596714	-5920.597127	-5706.154490	-53975.819525	-85601.414514	-87609.942271	-98458.897884
-4921.608260	-5649.023431	-5777.277741	-5694.308066	-138205.663944	-123974.777636	-133480.393407	-151737.164168
1164.235313	-5436.368935	-4754.104287	-5363.770469	-53820.117273	-85283.304487	-89250.113279	-97617.287650
-4226.938394	-5234.420924	-5790.822898	-5697.929048	-138208.994354	-123978.756246	-133483.924983	-151740.651040
-5363.077565	-5654.723126	-5799.875355	-5665.764888	-53945.175284	-85565.227039	-87822.485009	-98359.320862
-6399.796176	-6460.458810	-5765.520724	-5685.322664	-138199.383104	-123965.635772	-133473.307904	-151730.458645
-2803.199327	-5549.625224	-5386.122213	-5519.539776	-53897.275495	-85427.830866	-88491.472720	-98000.910640
-3201.820338	-4777.037177	-5789.839421	-5698.689008	-138207.832063	-123978.711543	-133482.762692	-151739.466398
-986.941276	-5495.735168	-5050.510770	-5449.221188	-53844.771247	-85364.553078	-88838.662367	-97833.071391
-6139.845388	-6271.005424	-5770.035776	-5683.199249	-138196.767950	-123963.400598	-133470.692750	-151727.843491
-6038.748448	-5683.623932	-5916.015019	-5704.008723	-53972.869095	-85601.347459	-87606.611861	-98459.367270
-4939.176731	-5654.499609	-5777.009520	-5693.481051	-138204.389895	-123972.877738	-133478.649971	-151735.599546
1191.057407	-5435.541920	-4727.170435	-5363.166972	-53819.223204	-85284.958516	-89251.476735	-97618.606403
-4168.533286	-5199.306333	-5788.990055	-5695.224487	-138205.641592	-123974.934098	-133480.147538	-151737.052409
-5298.548078	-5651.884455	-5786.151384	-5662.322719	-53943.096571	-85564.444728	-87841.193419	-98353.218836
-6400.332618	-6459.967072	-5765.878351	-5684.875630	-138198.354924	-123964.071150	-133471.832689	-151729.072837
-2827.160397	-5550.698108	-5376.689777	-5521.216157	-53897.811937	-85431.876532	-88483.761368	-98008.040846
-3156.558055	-4745.856493	-5793.281590	-5701.125348	-138209.687258	-123980.030296	-133484.282611	-151741.075723
-851.288539	-5498.439729	-5013.250412	-5450.495237	-53848.772210	-85368.665799	-88867.160841	-97830.545644
-6117.739513	-6257.884950	-5778.462384	-5689.994179	-138203.138197	-123969.301459	-133476.727721	-151733.878462
-6030.992392	-5687.624894	-5914.986839	-5707.585002	-53977.227685	-85607.695354	-87615.373744	-98464.932855
-4922.479978	-5638.115780	-5781.904552	-5696.498537	-138207.094456	-123975.001153	-133480.907498	-151737.968831
1283.347760	-5436.614804	-4663.602074	-5362.451716	-53821.436026	-85287.394856	-89263.479622	-97618.338182
1191.057407	-5435.541920	-4727.170435	-5363.166972	-53819.223204	-85284.958516	-89251.476735	-97618.606403
-4168.533286	-5199.306333	-5788.990055	-5695.224487	-138205.641592	-123974.934098	-133480.147538	-151737.052409
-5298.548078	-5651.884455	-5786.151384	-5662.322719	-53943.096571	-85564.444728	-87841.193419	-98353.218836
-6400.332618	-6459.967072	-5765.878351	-5684.875630	-138198.354924	-123964.071150	-133471.832689	-151729.072837
-2827.160397	-5550.698108	-5376.689777	-5521.216157	-53897.811937	-85431.876532	-88483.761368	-98008.040846
-3156.558055	-4745.856493	-5793.281590	-5701.125348	-138209.687258	-123980.030296	-133484.282611	-151741.075723
-851.288539	-5498.439729	-5013.250412	-5450.495237	-53848.772210	-85368.665799	-88867.160841	-97830.545644
-6117.739513	-6257.884950	-5778.462384	-5689.994179	-138203.138197	-123969.301459	-133476.727721	-151733.878462
-6030.992392	-5687.624894	-5914.986839	-5707.585002	-53977.227685	-85607.695354	-87615.373744	-98464.932855
-4922.479978	-5638.115780	-5781.904552	-5696.498537	-138207.094456	-123975.001153	-133480.907498	-151737.968831
1283.347760	-5436.614804	-4663.602074	-5362.451716	-53821.436026	-85287.394856	-89263.479622	-97618.338182
-4058.048613	-5129.926518	-5794.957971	-5698.823118	-138208.837892	-123977.593956	-133483.008561	-151740.002840
-5198.211098	-5650.364536	-5768.895837	-5658.433516	-53943.767124	-85563.796528	-87870.250686	-98344.412249
-6392.375397	-6453.574473	-5773.656759	-5690.083586	-138203.384066	-123968.563851	-133476.526556	-151733.811406
-2809.860147	-5553.357965	-5351.789934	-5522.154930	-53901.321161	-85435.788087	-88487.896441	-98011.661829
-3009.237708	-4641.920882	-5797.215497	-5702.622915	-138211.006011	-123980.790255	-133485.266088	-151742.081552
-653.363842	-5493.075310	-4941.836589	-5441.152208	-53846.291166	-85363.100214	-88897.380399	-97814.921774
-6071.449050	-6226.436046	-5781.166945	-5690.195345	-138203.182900	-123968.765017	-133476.392445	-151733.721999
-6008.998276	-5684.294484	-5906.336714	-5701.862955	-53975.551304	-85604.879034	-87626.706079	-98457.914407
-4884.861992	-5605.996323	-5783.133898	-5696.029150	-138206.558014	-123973.905918	-133479.879317	-151737.164168
1374.989912	-5433.910243	-4594.937515	-5355.343861	-53820.854881	-85284.578536	-89277.024779	-97610.202147
-3919.087818	-5041.503017	-5798.131919	-5700.141871	-138210.067238	-123978.353915	-133483.813224	-151740.963965
-5094.789576	-5644.307213	-5748.600453	-5648.866969	-53940.816693	-85557.269818	-87899.643230	-98327.491978
-6378.293798	-6441.459828	-5773.097965	-5688.228391	-138201.506519	-123966.127511	-133474.246678	-151731.710342
-2807.334400	-5551.167494	-5330.823997	-5517.706933	-53900.784719	-85434.089355	-88490.355133	-98007.996143
-2809.860147	-5553.357965	-5351.789934	-5522.154930	-53901.321161	-85435.788087	-88487.896441	-98011.661829
-3009.237708	-4641.920882	-5797.215497	-5702.622915	-138211.006011	-123980.790255	-133485.266088	-151742.081552
-653.363842	-5493.075310	-4941.836589	-5441.152208	-53846.291166	-85363.100214	-88897.380399	-97814.921774
-6071.449050	-6226.436046	-5781.166945	-5690.195345	-138203.182900	-123968.765017	-133476.392445	-151733.721999
-6008.998276	-5684.294484	-5906.336714	-5701.862955	-53975.551304	-85604.879034	-87626.706079	-98457.914407
-4884.861992	-5605.996323	-5783.133898	-5696.029150	-138206.558014	-123973.905918	-133479.879317	-151737.164168
1374.989912	-5433.910243	-4594.937515	-5355.343861	-53820.854881	-85284.578536	-89277.024779	-97610.202147
-3919.087818	-5041.503017	-5798.131919	-5700.141871	-138210.067238	-123978.353915	-133483.813224	-151740.963965
-5094.789576	-5644.307213	-5748.600453	-5648.866969	-53940.816693	-85557.269818	-87899.643230	-98327.491978
-6378.293798	-6441.459828	-5773.097965	-5688.228391	-138201.506519	-123966.127511	-133474.246678	-151731.710342
-2807.334400	-5551.167494	-5330.823997	-5517.706933	-53900.784719	-85434.089355	-88490.355133	-98007.996143
-2862.051471	-4539.393430	-5798.221326	-5702.533508	-138210.849549	-123980.097351	-133484.483777	-151741.634517
-484.407006	-5486.816822	-4880.056367	-5430.401019	-53843.340736	-85355.835897	-88929.455153	-97795.945143
-6026.075009	-6197.557592	-5783.849154	-5691.894077	-138204.814578	-123969.904956	-133477.554736	-151734.951345
-5997.800052	-5682.707510	-5902.603972	-5697.616124	-53976.557133	-85603.403819	-87641.972320	-98451.097125
-4850.730878	-5577.989588	-5783.066843	-5695.112728	-138205.708647	-123972.497758	-133478.515861	-151735.890119
1444.660299	-5427.495292	-4533.581976	-5346.559625	-53816.943326	-85277.761254	-89288.670038	-97597.104025
-3768.727633	-4946.597510	-5796.232020	-5697.146737	-138207.094456	-123975.001153	-133480.415759	-151737.655906
-4989.199935	-5635.724143	-5726.628688	-5636.662917	-53935.966365	-85547.926789	-87930.131010	-98306.503690
-6365.821524	-6430.351011	-5772.427413	-5686.842583	-138200.366581	-123964.406426	-133472.615000	-151730.190424
-2823.695877	-5548.015898	-5317.681172	-5512.521328	-53899.778891	-85431.295387	-88492.187976	-98002.698779
-2737.909882	-4452.601606	-5797.662532	-5701.125348	-138209.731961	-123978.443322	-133483.053265	-151740.315764
-328.168312	-5479.418394	-4822.768846	-5419.336905	-53839.451532	-85347.386938	-88959.451194	-97776.029739
-5979.784546	-6167.673310	-5782.262180	-5689.860069	-138203.249956	-123967.848595	-133475.543079	-151733.073799
-5989.641665	-5679.220638	-5898.424196	-5691.715263	-53975.998339	-85599.984002	-87656.679768	-98441.865854
-5997.800052	-5682.707510	-5902.603972	-5697.616124	-53976.557133	-85603.403819	-87641.972320	-98451.097125
-4850.730878	-5577.989588	-5783.066843	-5695.112728	-138205.708647	-123972.497758	-133478.515861	-151735.890119
1444.660299	-5427.495292	-4533.581976	-5346.559625	-53816.943326	-85277.761254	-89288.670038	-97597.104025
-3768.727633	-4946.597510	-5796.232020	-5697.146737	-138207.094456	-123975.001153	-133480.415759	-151737.655906
-4989.199935	-5635.724143	-5726.628688	-5636.662917	-53935.966365	-85547.926789	-87930.131010	-98306.503690
-6365.821524	-6430.351011	-5772.427413	-5686.842583	-138200.366581	-123964.406426	-133472.615000	-151730.190424
-2823.695877	-5548.015898	-5317.681172	-5512.521328	-53899.778891	-85431.295387	-88492.187976	-98002.698779
-2737.909882	-4452.601606	-5797.662532	-5701.125348	-138209.731961	-123978.443322	-133483.053265	-151740.315764
-328.168312	-5479.418394	-4822.768846	-5419.336905	-53839.451532	-85347.386938	-88959.451194	-97776.029739
-5979.784546	-6167.673310	-5782.262180	-5689.860069	-138203.249956	-123967.848595	-133475.543079	-151733.073799
-5989.641665	-5679.220638	-5898.424196	-5691.715263	-53975.998339	-85599.984002	-87656.679768	-98441.865854
-4824.825206	-5555.660195	-5783.960913	-5696.252667	-138207.295621	-123973.458883	-133479.700503	-151737.074761
1494.929373	-5425.908318	-4474.640426	-5342.290442	-53817.859747	-85275.950763	-89304.651535	-97588.789176
-3639.914529	-4865.572437	-5796.232020	-5697.146737	-138207.519139	-123974.844691	-133480.371056	-151737.700610
-4900.619972	-5627.766922	-5707.629705	-5625.576451	-53932.166568	-85539.455478	-87958.741243	-98286.632989
-6357.260806	-6422.818473	-5766.504200	-5682.014606	-138196.030342	-123959.578450	-133467.764672	-151725.474206
-2858.475191	-5541.980927	-5306.929983	-5504.765273	-53896.292018	-85425.796858	-88489.729284	-97994.763910
-2644.703107	-4387.043939	-5791.962837	-5695.872688	-138204.993392	-123973.101255	-133477.822957	-151735.152511
-207.848872	-5471.036490	-4774.243209	-5407.781054	-53835.115294	-85338.468592	-88985.848604	-97755.309672
-5942.725354	-6145.634490	-5780.898724	-5689.658903	-138203.294659	-123967.468615	-133475.207803	-151732.939688
-5996.704816	-5677.767775	-5899.564135	-5688.362502	-53978.725252	-85598.911118	-87672.057768	-98435.093276
-4825.562814	-5552.642709	-5783.357416	-5697.102034	-138208.703781	-123974.218842	-133480.661628	-151738.259403
1499.645591	-5425.126007	-4449.673527	-5339.407067	-53820.318439	-85275.369617	-89317.392029	-97582.396577
-3545.344299	-4808.754302	-5797.662532	-5699.292505	-138210.134293	-123976.945755	-133482.606230	-151740.136950
-4839.286785	-5626.828149	-5700.387740	-5622.089579	-53936.502807	-85538.226132	-87993.229984	-98274.428937
-4900.619972	-5627.766922	-5707.629705	-5625.576451	-53932.166568	-85539.455478	-87958.741243	-98286.632989
-6357.260806	-6422.818473	-5766.504200	-5682.014606	-138196.030342	-123959.578450	-133467.764672	-151725.474206
-2858.475191	-5541.980927	-5306.929983	-5504.765273	-53896.292018	-85425.796858	-88489.729284	-97994.763910
-2644.703107	-4387.043939	-5791.962837	-5695.872688	-138204.993392	-123973.101255	-133477.822957	-151735.152511
-207.848872	-5471.036490	-4774.243209	-5407.781054	-53835.115294	-85338.468592	-88985.848604	-97755.309672
-5942.725354	-6145.634490	-5780.898724	-5689.658903	-138203.294659	-123967.468615	-133475.207803	-151732.939688
-5996.704816	-5677.767775	-5899.564135	-5688.362502	-53978.725252	-85598.911118	-87672.057768	-98435.093276
-4825.562814	-5552.642709	-5783.357416	-5697.102034	-138208.703781	-123974.218842	-133480.661628	-151738.259403
1499.645591	-5425.126007	-4449.673527	-5339.407067	-53820.318439	-85275.369617	-89317.392029	-97582.396577
-3545.344299	-4808.754302	-5797.662532	-5699.292505	-138210.134293	-123976.945755	-133482.606230	-151740.136950
-4839.286785	-5626.828149	-5700.387740	-5622.089579	-53936.502807	-85538.226132	-87993.229984	-98274.428937
-6364.793344	-6430.462769	-5769.678148	-5687.311970	-138201.819444	-123964.808758	-133473.196146	-151730.995087
-2920.747151	-5547.993546	-5319.826939	-5510.107340	-53906.171489	-85432.837657	-88498.804092	-97999.681294
-2595.886898	-4356.176180	-5795.583820	-5700.700665	-138210.380162	-123977.862177	-133482.717989	-151740.248709
-122.442856	-5468.264874	-4749.365717	-5402.908373	-53837.216358	-85335.473458	-89015.866997	-97741.540997
-5913.288106	-6129.116551	-5777.523610	-5688.094281	-138202.400589	-123965.948697	-133473.754939	-151731.576232
-6013.312163	-5673.140964	-5901.218164	-5682.863973	-53979.239342	-85594.776046	-87682.630143	-98425.817302
-4850.663823	-5567.037233	-5776.875410	-5692.654037	-138204.926336	-123969.949659	-133476.414797	-151734.124331
1460.239465	-5419.850996	-4453.585083	-5333.215634	-53819.133797	-85270.429882	-89322.398820	-97572.762975
-3489.353179	-4781.351063	-5793.750977	-5696.677351	-138208.189691	-123974.621174	-133480.102835	-151737.879424
-4799.657142	-5621.687248	-5693.346941	-5615.048780	-53937.151007	-85532.593493	-88020.186188	-98258.738012
-6370.202466	-6435.491912	-5763.374956	-5683.825098	-138198.913717	-123961.433644	-133469.776329	-151727.865842
-3005.035580	-5545.691317	-5336.210768	-5507.514537	-53908.384312	-85431.049518	-88496.032476	-97996.820271
-2592.668246	-4359.238369	-5792.164003	-5698.912525	-138209.217871	-123976.252851	-133481.220422	-151738.795845
-73.224315	-5464.554484	-4742.213159	-5397.275734	-53838.959794	-85331.181923	-89041.303282	-97727.392343
-122.442856	-5468.264874	-4749.365717	-5402.908373	-53837.216358	-85335.473458	-89015.866997	-97741.540997
-5913.288106	-6129.116551	-5777.523610	-5688.094281	-138202.400589	-123965.948697	-133473.754939	-151731.576232
-6013.312163	-5673.140964	-5901.218164	-5682.863973	-53979.239342	-85594.776046	-87682.630143	-98425.817302
-4850.663823	-5567.037233	-5776.875410	-5692.654037	-138204.926336	-123969.949659	-133476.414797	-151734.124331
1460.239465	-5419.850996	-4453.585083	-5333.215634	-53819.133797	-85270.429882	-89322.398820	-97572.762975
-3489.353179	-4781.351063	-5793.750977	-5696.677351	-138208.189691	-123974.621174	-133480.102835	-151737.879424
-4799.657142	-5621.687248	-5693.346941	-5615.048780	-53937.151007	-85532.593493	-88020.186188	-98258.738012
-6370.202466	-6435.491912	-5763.374956	-5683.825098	-138198.913717	-123961.433644	-133469.776329	-151727.865842
-3005.035580	-5545.691317	-5336.210768	-5507.514537	-53908.384312	-85431.049518	-88496.032476	-97996.820271
-2592.668246	-4359.238369	-5792.164003	-5698.912525	-138209.217871	-123976.252851	-133481.220422	-151738.795845
-73.224315	-5464.554484	-4742.213159	-5397.275734	-53838.959794	-85331.181923	-89041.303282	-97727.392343
-5894.333827	-6120.377018	-5775.333139	-5688.273095	-138203.182900	-123966.216918	-133474.000808	-151731.978563
-6041.698878	-5672.448060	-5908.728350	-5681.142888	-53984.357892	-85594.373714	-87694.677734	-98421.101084
-4894.026207	-5594.954562	-5774.461421	-5692.966961	-138205.932165	-123970.307287	-133476.727721	-151734.683124
1394.726502	-5421.415618	-4477.188525	-5334.042649	-53825.593451	-85272.262725	-89332.077126	-97570.639559
-3456.004376	-4769.996377	-5793.169831	-5698.063159	-138209.933127	-123975.783464	-133481.376884	-151739.131122
-4777.059528	-5619.809701	-5692.072891	-5611.628963	-53941.956632	-85530.492429	-88049.578732	-98247.182160
-6385.401653	-6448.925310	-5761.720927	-5685.702644	-138201.372409	-123963.177081	-133471.676227	-151729.765741
-3121.264651	-5547.077125	-5368.441983	-5509.012104	-53914.978077	-85433.463506	-88494.892537	-97999.278963
-2645.798343	-4399.717379	-5788.118337	-5697.347903	-138208.167339	-123974.643525	-133479.655800	-151737.432389
-57.689852	-5460.285301	-4753.947825	-5391.553687	-53840.658526	-85326.622167	-89064.482041	-97713.869538
-5881.816850	-6114.118530	-5768.940540	-5685.009740	-138200.321877	-123962.908860	-133470.759806	-151728.849319
-6076.500544	-5671.866914	-5917.825510	-5680.405281	-53990.012883	-85594.239604	-87705.294812	-98417.994191
-4958.913321	-5638.361649	-5770.840439	-5693.011665	-138206.312145	-123970.195528	-133476.839480	-151734.794883
1298.971629	-5421.303859	-4520.036819	-5334.020297	-53830.600241	-85272.910925	-89338.045041	-97568.762013
1394.726502	-5421.415618	-4477.188525	-5334.042649	-53825.593451	-85272.262725	-89332.077126	-97570.639559
-3456.004376	-4769.996377	-5793.169831	-5698.063159	-138209.933127	-123975.783464	-133481.376884	-151739.131122
-4777.059528	-5619.809701	-5692.072891	-5611.628963	-53941.956632	-85530.492429	-88049.578732	-98247.182160
-6385.401653	-6448.925310	-5761.720927	-5685.702644	-138201.372409	-123963.177081	-133471.676227	-151729.765741
-3121.264651	-5547.077125	-5368.441983	-5509.012104	-53914.978077	-85433.463506	-88494.892537	-97999.278963
-2645.798343	-4399.717379	-5788.118337	-5697.347903	-138208.167339	-123974.643525	-133479.655800	-151737.432389
-57.689852	-5460.285301	-4753.947825	-5391.553687	-53840.658526	-85326.622167	-89064.482041	-97713.869538
-5881.816850	-6114.118530	-5768.940540	-5685.009740	-138200.321877	-123962.908860	-133470.759806	-151728.849319
-6076.500544	-5671.866914	-5917.825510	-5680.405281	-53990.012883	-85594.239604	-87705.294812	-98417.994191
-4958.913321	-5638.361649	-5770.840439	-5693.011665	-138206.312145	-123970.195528	-133476.839480	-151734.794883
1298.971629	-5421.303859	-4520.036819	-5334.020297	-53830.600241	-85272.910925	-89338.045041	-97568.762013
-3465.302702	-4786.111985	-5788.095985	-5695.559763	-138208.010877	-123973.235366	-133479.007599	-151736.895947
-4770.085784	-5615.652277	-5691.312932	-5606.510413	-53944.460028	-85526.312652	-88074.009189	-98234.709887
-6401.114929	-6462.314005	-5756.043584	-5683.914505	-138200.187767	-123961.366589	-133470.044550	-151728.201118
-3243.238120	-5551.234549	-5405.232955	-5514.085950	-53924.231699	-85439.073794	-88494.065522	-98005.917431
-2741.530864	-4472.762879	-5786.397253	-5698.532545	-138210.044886	-123975.828168	-133480.952201	-151738.728790
-62.584884	-5460.911150	-4779.182944	-5391.888963	-53847.252291	-85327.806810	-89088.420759	-97707.946325
-5882.353292	-6118.186548	-5767.644139	-5687.267266	-138203.026438	-123964.987572	-133472.994980	-151731.106845
-6114.207937	-5673.833868	-5928.934327	-5683.154545	-53998.081863	-85597.681772	-87716.560092	-98418.910613
-5035.222177	-5688.496612	-5764.626654	-5690.731787	-138204.680467	-123967.893299	-133474.649009	-151732.693819
1186.676465	-5421.996763	-4579.179535	-5336.009602	-53836.389343	-85275.235507	-89341.353100	-97569.745489
-3504.150033	-4824.713448	-5784.698520	-5695.179784	-138208.100284	-123972.900089	-133478.605268	-151736.560671
-4776.701901	-5615.473463	-5696.140909	-5606.666876	-53950.964385	-85526.893798	-88099.579585	-98227.959660
-6420.560947	-6478.899000	-5751.282662	-5683.758042	-138200.433636	-123960.941906	-133469.575163	-151727.977601
-3378.756747	-5554.788477	-5446.181350	-5519.942107	-53933.217100	-85444.795840	-88490.578650	-98013.785245
-6401.114929	-6462.314005	-5756.043584	-5683.914505	-138200.187767	-123961.366589	-133470.044550	-151728.201118
-3243.238120	-5551.234549	-5405.232955	-5514.085950	-53924.231699	-85439.073794	-88494.065522	-98005.917431
-2741.530864	-4472.762879	-5786.397253	-5698.532545	-138210.044886	-123975.828168	-133480.952201	-151738.728790
-62.584884	-5460.911150	-4779.182944	-5391.888963	-53847.252291	-85327.806810	-89088.420759	-97707.946325
-5882.353292	-6118.186548	-5767.644139	-5687.267266	-138203.026438	-123964.987572	-133472.994980	-151731.106845
-6114.207937	-5673.833868	-5928.934327	-5683.154545	-53998.081863	-85597.681772	-87716.560092	-98418.910613
-5035.222177	-5688.496612	-5764.626654	-5690.731787	-138204.680467	-123967.893299	-133474.649009	-151732.693819
1186.676465	-5421.996763	-4579.179535	-5336.009602	-53836.389343	-85275.235507	-89341.353100	-97569.745489
-3504.150033	-4824.713448	-5784.698520	-5695.179784	-138208.100284	-123972.900089	-133478.605268	-151736.560671
-4776.701901	-5615.473463	-5696.140909	-5606.666876	-53950.964385	-85526.893798	-88099.579585	-98227.959660
-6420.560947	-6478.899000	-5751.282662	-5683.758042	-138200.433636	-123960.941906	-133469.575163	-151727.977601
-3378.756747	-5554.788477	-5446.181350	-5519.942107	-53933.217100	-85444.795840	-88490.578650	-98013.785245
-2860.397441	-4558.705337	-5781.703387	-5697.482013	-138209.262575	-123974.509415	-133479.566393	-151737.499444
-97.677123	-5460.888798	-4818.320849	-5392.604219	-53853.108448	-85328.656176	-89108.827902	-97702.648962
-5888.254152	-6124.556795	-5763.352604	-5687.088452	-138203.071142	-123964.495833	-133472.413835	-151730.726866
-6159.984310	-5676.717243	-5942.881816	-5687.848412	-54007.603706	-85602.085066	-87726.685432	-98422.151616
-5131.312326	-5751.148552	-5758.345814	-5689.435385	-138203.540528	-123966.194566	-133472.972628	-151731.173901
1030.907158	-5424.410751	-4663.825591	-5340.457599	-53844.279509	-85279.549394	-89343.275350	-97574.282893
-3579.341302	-4888.192402	-5780.429337	-5694.598638	-138207.653249	-123971.804854	-133477.621791	-151735.733656
-4805.222726	-5617.015733	-5706.646229	-5609.527899	-53959.390993	-85529.732469	-88124.077096	-98224.964526
-6447.092467	-6502.033055	-5746.365279	-5684.674464	-138201.350057	-123961.299534	-133469.999846	-151728.379932
-3538.929348	-5561.829276	-5495.154023	-5530.246261	-53946.270519	-85454.295332	-88489.706932	-98026.861015
-3018.848958	-4671.291074	-5778.395328	-5698.666656	-138210.424866	-123975.001153	-133480.326352	-151738.304107
-153.757650	-5462.520476	-4869.014605	-5396.515774	-53860.842152	-85331.785420	-89128.698603	-97700.994933
-5903.989780	-6137.610213	-5759.105773	-5687.826060	-138203.786397	-123964.719351	-133472.615000	-151730.972735
-97.677123	-5460.888798	-4818.320849	-5392.604219	-53853.108448	-85328.656176	-89108.827902	-97702.648962
-5888.254152	-6124.556795	-5763.352604	-5687.088452	-138203.071142	-123964.495833	-133472.413835	-151730.726866
-6159.984310	-5676.717243	-5942.881816	-5687.848412	-54007.603706	-85602.085066	-87726.685432	-98422.151616
-5131.312326	-5751.148552	-5758.345814	-5689.435385	-138203.540528	-123966.194566	-133472.972628	-151731.173901
1030.907158	-5424.410751	-4663.825591	-5340.457599	-53844.279509	-85279.549394	-89343.275350	-97574.282893
-3579.341302	-4888.192402	-5780.429337	-5694.598638	-138207.653249	-123971.804854	-133477.621791	-151735.733656
-4805.222726	-5617.015733	-5706.646229	-5609.527899	-53959.390993	-85529.732469	-88124.077096	-98224.964526
-6447.092467	-6502.033055	-5746.365279	-5684.674464	-138201.350057	-123961.299534	-133469.999846	-151728.379932
-3538.929348	-5561.829276	-5495.154023	-5530.246261	-53946.270519	-85454.295332	-88489.706932	-98026.861015
-3018.848958	-4671.291074	-5778.395328	-5698.666656	-138210.424866	-123975.001153	-133480.326352	-151738.304107
-153.757650	-5462.520476	-4869.014605	-5396.515774	-53860.842152	-85331.785420	-89128.698603	-97700.994933
-5903.989780	-6137.610213	-5759.105773	-5687.826060	-138203.786397	-123964.719351	-133472.615000	-151730.972735
-6214.611973	-5683.132193	-5961.657281	-5696.789109	-54020.835939	-85610.690488	-87738.710670	-98430.757037
-5240.008860	-5821.243622	-5753.651947	-5690.821194	-138204.948688	-123966.753360	-133473.665532	-151731.933860
855.937702	-5429.596356	-4749.388069	-5349.822980	-53854.985995	-85287.305449	-89344.728213	-97583.827088
-3676.705501	-4964.009519	-5776.540134	-5695.090377	-138207.832063	-123971.491929	-133477.197108	-151735.510139
-4839.219730	-5619.474425	-5718.067970	-5613.953544	-53968.599912	-85533.778135	-88147.300559	-98224.338677
-6477.714357	-6528.452817	-5740.307956	-5685.009740	-138201.372409	-123960.763092	-133469.530460	-151728.089360
-3716.558661	-5568.825372	-5544.752544	-5541.153913	-53959.547455	-85464.554782	-88485.303639	-98042.015498
-3208.391751	-4801.422930	-5772.986206	-5698.286676	-138209.709610	-123973.727104	-133478.962896	-151737.164168
-221.975174	-5464.398022	-4924.491635	-5401.343751	-53868.173524	-85336.009900	-89142.243760	-97702.179575
-5922.429970	-6151.155371	-5752.802581	-5686.484955	-138201.797092	-123962.126549	-133470.022198	-151728.737560
-6265.775116	-5685.121499	-5975.694177	-5702.309990	-54029.195491	-85615.563168	-87743.069260	-98437.529616
-5357.176704	-5891.606914	-5743.258386	-5687.379025	-138200.947726	-123962.193604	-133468.994018	-151727.485863
649.631101	-5433.619670	-4842.617195	-5358.383698	-53865.156038	-85294.994449	-89341.196637	-97595.070016
-5240.008860	-5821.243622	-5753.651947	-5690.821194	-138204.948688	-123966.753360	-133473.665532	-151731.933860
855.937702	-5429.596356	-4749.388069	-5349.822980	-53854.985995	-85287.305449	-89344.728213	-97583.827088
-3676.705501	-4964.009519	-5776.540134	-5695.090377	-138207.832063	-123971.491929	-133477.197108	-151735.510139
-4839.219730	-5619.474425	-5718.067970	-5613.953544	-53968.599912	-85533.778135	-88147.300559	-98224.338677
-6477.714357	-6528.452817	-5740.307956	-5685.009740	-138201.372409	-123960.763092	-133469.530460	-151728.089360
-3716.558661	-5568.825372	-5544.752544	-5541.153913	-53959.547455	-85464.554782	-88485.303639	-98042.015498
-3208.391751	-4801.422930	-5772.986206	-5698.286676	-138209.709610	-123973.727104	-133478.962896	-151737.164168
-221.975174	-5464.398022	-4924.491635	-5401.343751	-53868.173524	-85336.009900	-89142.243760	-97702.179575
-5922.429970	-6151.155371	-5752.802581	-5686.484955	-138201.797092	-123962.126549	-133470.022198	-151728.737560
-6265.775116	-5685.121499	-5975.694177	-5702.309990	-54029.195491	-85615.563168	-87743.069260	-98437.529616
-5357.176704	-5891.606914	-5743.258386	-5687.379025	-138200.947726	-123962.193604	-133468.994018	-151727.485863
649.631101	-5433.619670	-4842.617195	-5358.383698	-53865.156038	-85294.994449	-89341.196637	-97595.070016
-3792.889868	-5050.935453	-5772.807392	-5695.224487	-138207.340325	-123970.374342	-133476.101872	-151734.549014
-4865.214809	-5621.664896	-5726.762799	-5619.094446	-53975.797173	-85538.695519	-88163.349111	-98226.618555
-6504.514099	-6550.715154	-5731.993107	-5682.841621	-138198.421979	-123957.253868	-133465.954180	-151724.758950
-3888.667093	-5573.541590	-5586.416195	-5550.586349	-53969.695147	-85473.271963	-88474.485394	-98057.572312
-3391.184317	-4916.869690	-5767.130049	-5697.258496	-138207.988525	-123971.357819	-133476.548907	-151735.018401
-285.744701	-5468.398984	-4974.894819	-5408.675123	-53876.846001	-85343.162458	-89154.671330	-97707.566346
-5940.400772	-6163.851161	-5751.260311	-5688.809537	-138203.384066	-123963.087674	-133470.893916	-151729.721037
-6304.443634	-5692.385816	-5988.993465	-5713.195290	-54040.259604	-85626.560226	-87745.974987	-98451.231235
-5445.689612	-5942.837112	-5740.866749	-5689.368330	-138201.931203	-123962.595935	-133469.396349	-151728.111712
505.529404	-5438.827627	-4895.076739	-5367.704376	-53873.090908	-85304.046906	-89332.993547	-97608.034028
-3873.087927	-5106.971277	-5767.957064	-5693.034016	-138204.054618	-123966.619249	-133472.324428	-151730.883328
-4867.785259	-5621.687248	-5726.226357	-5621.866062	-53978.568790	-85541.690653	-88172.468623	-98226.909128
-6521.300259	-6564.349719	-5728.036848	-5681.969903	-138196.387970	-123954.705769	-133463.316675	-151722.255554
-6504.514099	-6550.715154	-5731.993107	-5682.841621	-138198.421979	-123957.253868	-133465.954180	-151724.758950
-3888.667093	-5573.541590	-5586.416195	-5550.586349	-53969.695147	-85473.271963	-88474.485394	-98057.572312
-3391.184317	-4916.869690	-5767.130049	-5697.258496	-138207.988525	-123971.357819	-133476.548907	-151735.018401
-285.744701	-5468.398984	-4974.894819	-5408.675123	-53876.846001	-85343.162458	-89154.671330	-97707.566346
-5940.400772	-6163.851161	-5751.260311	-5688.809537	-138203.384066	-123963.087674	-133470.893916	-151729.721037
-6304.443634	-5692.385816	-5988.993465	-5713.195290	-54040.259604	-85626.560226	-87745.974987	-98451.231235
-5445.689612	-5942.837112	-5740.866749	-5689.368330	-138201.931203	-123962.595935	-133469.396349	-151728.111712
505.529404	-5438.827627	-4895.076739	-5367.704376	-53873.090908	-85304.046906	-89332.993547	-97608.034028
-3873.087927	-5106.971277	-5767.957064	-5693.034016	-138204.054618	-123966.619249	-133472.324428	-151730.883328
-4867.785259	-5621.687248	-5726.226357	-5621.866062	-53978.568790	-85541.690653	-88172.468623	-98226.909128
-6521.300259	-6564.349719	-5728.036848	-5681.969903	-138196.387970	-123954.705769	-133463.316675	-151722.255554
-4002.236307	-5580.023596	-5609.326733	-5561.628111	-53977.406499	-85484.067855	-88455.776984	-98075.118431
-3510.810853	-4990.898668	-5765.386613	-5698.107862	-138207.608546	-123970.664915	-133475.677189	-151734.347848
-295.914745	-5471.684691	-4991.569220	-5415.134777	-53882.277475	-85349.756223	-89160.795708	-97712.081398
-5944.491141	-6167.181571	-5749.896854	-5689.323627	-138202.489996	-123961.925383	-133469.597515	-151728.648153
-6324.604908	-5696.923220	-5994.246125	-5721.554842	-54045.758134	-85634.897427	-87738.330691	-98461.870666
-5511.739017	-5978.510496	-5739.369183	-5689.971827	-138201.372409	-123961.523051	-133468.301114	-151727.284697
407.137025	-5446.986013	-4925.430408	-5380.444870	-53882.366882	-85316.608586	-89322.175303	-97623.926118
-3923.424056	-5143.918710	-5770.169886	-5696.610295	-138206.356848	-123968.429740	-133474.023160	-151732.783226
-4849.188608	-5625.084713	-5724.460569	-5628.549234	-53983.508525	-85548.642045	-88179.844699	-98230.440704
-6535.247747	-6575.324425	-5727.589813	-5682.886324	-138196.142101	-123953.834051	-133462.467308	-151721.607354
-4106.306029	-5588.472556	-5631.499664	-5574.972102	-53985.922514	-85497.523606	-88433.894626	-98094.430339
-3624.625936	-5054.310567	-5765.788944	-5699.739540	-138208.077932	-123970.463749	-133475.520727	-151734.303145
-300.899184	-5475.037453	-5008.869470	-5422.242632	-53886.770175	-85357.266409	-89160.683949	-97717.043485
-5945.519322	-6166.756888	-5749.650985	-5689.524792	-138201.506519	-123960.316057	-133468.055244	-151727.083531
-5944.491141	-6167.181571	-5749.896854	-5689.323627	-138202.489996	-123961.925383	-133469.597515	-151728.648153
-6324.604908	-5696.923220	-5994.246125	-5721.554842	-54045.758134	-85634.897427	-87738.330691	-98461.870666
-5511.739017	-5978.510496	-5739.369183	-5689.971827	-138201.372409	-123961.523051	-133468.301114	-151727.284697
407.137025	-5446.986013	-4925.430408	-5380.444870	-53882.366882	-85316.608586	-89322.175303	-97623.926118
-3923.424056	-5143.918710	-5770.169886	-5696.610295	-138206.356848	-123968.429740	-133474.023160	-151732.783226
-4849.188608	-5625.084713	-5724.460569	-5628.549234	-53983.508525	-85548.642045	-88179.844699	-98230.440704
-6535.247747	-6575.324425	-5727.589813	-5682.886324	-138196.142101	-123953.834051	-133462.467308	-151721.607354
-4106.306029	-5588.472556	-5631.499664	-5574.972102	-53985.922514	-85497.523606	-88433.894626	-98094.430339
-3624.625936	-5054.310567	-5765.788944	-5699.739540	-138208.077932	-123970.463749	-133475.520727	-151734.303145
-300.899184	-5475.037453	-5008.869470	-5422.242632	-53886.770175	-85357.266409	-89160.683949	-97717.043485
-5945.519322	-6166.756888	-5749.650985	-5689.524792	-138201.506519	-123960.316057	-133468.055244	-151727.083531
-6342.374544	-5703.338170	-6000.325799	-5732.395438	-54052.195436	-85646.296817	-87726.394859	-98474.544105
-5574.882695	-6011.144043	-5741.671412	-5693.034016	-138203.205252	-123962.752397	-133469.686922	-151728.648153
303.849614	-5454.652662	-4956.208760	-5393.140661	-53889.742957	-85329.751412	-89302.617526	-97640.131133
-3963.567789	-5167.522152	-5770.751032	-5697.303199	-138205.641592	-123967.222746	-133472.860870	-151731.710342
-4828.423837	-5629.309193	-5722.404208	-5636.394696	-53987.397729	-85557.448632	-88179.643533	-98235.223977
-6548.323518	-6585.583876	-5731.031982	-5686.082624	-138197.885537	-123955.108101	-133463.741358	-151723.015514
-4194.595420	-5599.067283	-5649.202245	-5590.931248	-53994.304418	-85514.220359	-88405.396152	-98116.245641
-3688.037835	-5083.881925	-5769.275817	-5703.025246	-138209.843720	-123971.760150	-133476.861832	-151735.733656
-283.554230	-5480.334816	-5013.496281	-5431.764475	-53890.637027	-85367.995246	-89155.431289	-97724.486616
-5940.199606	-6162.957092	-5753.204912	-5692.207002	-138202.624107	-123960.964258	-133468.770500	-151727.977601
-6357.752545	-5710.513080	-6005.198479	-5744.644194	-54056.464619	-85659.618456	-87705.898309	-98489.251553
-5623.944774	-6034.613375	-5742.677241	-5693.503403	-138202.378238	-123961.277182	-133468.234058	-151727.374104
223.651555	-5462.520476	-4971.966740	-5406.909335	-53894.280361	-85344.570618	-89275.951895	-97658.303101
-3987.215935	-5179.569743	-5776.338968	-5701.751197	-138208.815540	-123969.726142	-133475.453672	-151734.459607
-4828.423837	-5629.309193	-5722.404208	-5636.394696	-53987.397729	-85557.448632	-88179.643533	-98235.223977
-6548.323518	-6585.583876	-5731.031982	-5686.082624	-138197.885537	-123955.108101	-133463.741358	-151723.015514
-4194.595420	-5599.067283	-5649.202245	-5590.931248	-53994.304418	-85514.220359	-88405.396152	-98116.245641
-3688.037835	-5083.881925	-5769.275817	-5703.025246	-138209.843720	-123971.760150	-133476.861832	-151735.733656
-283.554230	-5480.334816	-5013.496281	-5431.764475	-53890.637027	-85367.995246	-89155.431289	-97724.486616
-5940.199606	-6162.957092	-5753.204912	-5692.207002	-138202.624107	-123960.964258	-133468.770500	-151727.977601
-6357.752545	-5710.513080	-6005.198479	-5744.644194	-54056.464619	-85659.618456	-87705.898309	-98489.251553
-5623.944774	-6034.613375	-5742.677241	-5693.503403	-138202.378238	-123961.277182	-133468.234058	-151727.374104
223.651555	-5462.520476	-4971.966740	-5406.909335	-53894.280361	-85344.570618	-89275.951895	-97658.303101
-3987.215935	-5179.569743	-5776.338968	-5701.751197	-138208.815540	-123969.726142	-133475.453672	-151734.459607
-4800.350046	-5636.886434	-5720.258441	-5648.866969	-53991.957485	-85571.485528	-88175.910792	-98245.930463
-6561.041660	-6594.904553	-5734.608261	-5688.451909	-138198.913717	-123955.599839	-133464.344855	-151723.686066
-4281.834278	-5607.426835	-5662.881513	-5606.130434	-53997.523069	-85530.470077	-88367.040559	-98139.513807
-3778.651807	-5126.439646	-5769.789907	-5702.645266	-138208.144988	-123969.301459	-133474.581954	-151733.520834
-262.454183	-5484.961627	-5013.988020	-5442.113333	-53891.128765	-85379.975781	-89141.528504	-97735.327212
-5938.724391	-6160.096068	-5756.155343	-5693.525755	-138202.445293	-123960.249002	-133468.144651	-151727.374104
-6365.776821	-5717.822101	-6006.316067	-5758.032889	-54057.939834	-85674.549422	-87680.484376	-98507.088245
-5681.008778	-6061.055489	-5744.174808	-5693.749272	-138201.215947	-123959.444339	-133466.602381	-151725.831834
153.489429	-5468.555447	-4980.393348	-5419.761589	-53894.436824	-85358.920438	-89241.373747	-97677.570305
-4033.931081	-5203.374350	-5775.646064	-5699.694836	-138205.015743	-123965.524014	-133471.184489	-151730.257479
-4755.400688	-5638.093428	-5707.719112	-5655.259568	-53987.710653	-85579.822729	-88160.376329	-98252.323062
-6568.261274	-6598.525536	-5734.116523	-5685.792051	-138194.532775	-123950.727159	-133459.628637	-151718.992200
-4348.867160	-5613.238289	-5668.938836	-5618.692114	-53996.494889	-85544.730490	-88323.275843	-98160.569151
-3869.221076	-5167.633911	-5768.158229	-5699.784243	-138203.607583	-123964.339371	-133469.619867	-151728.715209
-225.864378	-5485.408662	-5004.130900	-5447.768324	-53886.680768	-85387.910651	-89121.344879	-97741.988032
-262.454183	-5484.961627	-5013.988020	-5442.113333	-53891.128765	-85379.975781	-89141.528504	-97735.327212
-5938.724391	-6160.096068	-5756.155343	-5693.525755	-138202.445293	-123960.249002	-133468.144651	-151727.374104
-6365.776821	-5717.822101	-6006.316067	-5758.032889	-54057.939834	-85674.549422	-87680.484376	-98507.088245
-5681.008778	-6061.055489	-5744.174808	-5693.749272	-138201.215947	-123959.444339	-133466.602381	-151725.831834
153.489429	-5468.555447	-4980.393348	-5419.761589	-53894.436824	-85358.920438	-89241.373747	-97677.570305
-4033.931081	-5203.374350	-5775.646064	-5699.694836	-138205.015743	-123965.524014	-133471.184489	-151730.257479
-4755.400688	-5638.093428	-5707.719112	-5655.259568	-53987.710653	-85579.822729	-88160.376329	-98252.323062
-6568.261274	-6598.525536	-5734.116523	-5685.792051	-138194.532775	-123950.727159	-133459.628637	-151718.992200
-4348.867160	-5613.238289	-5668.938836	-5618.692114	-53996.494889	-85544.730490	-88323.275843	-98160.569151
-3869.221076	-5167.633911	-5768.158229	-5699.784243	-138203.607583	-123964.339371	-133469.619867	-151728.715209
-225.864378	-5485.408662	-5004.130900	-5447.768324	-53886.680768	-85387.910651	-89121.344879	-97741.988032
-5931.705944	-6151.960033	-5752.802581	-5688.161336	-138195.292735	-123952.649409	-133460.612114	-151719.908621
-6366.156801	-5719.587889	-6001.912773	-5765.341910	-54053.916520	-85684.160672	-87647.560256	-98518.599393
-5729.333249	-6082.490812	-5744.845360	-5692.698740	-138198.421979	-123956.225688	-133463.473137	-151722.769645
100.180519	-5474.836287	-4982.181487	-5431.675068	-53895.219135	-85373.247906	-89206.549729	-97695.541107
-4062.496610	-5213.387932	-5777.188334	-5699.068987	-138202.668810	-123962.730046	-133468.457576	-151727.731732
-4707.880879	-5641.110914	-5697.951400	-5662.456830	-53986.481307	-85589.970421	-88145.802992	-98258.715660
-6579.325387	-6606.438053	-5738.184540	-5687.446080	-138194.711589	-123950.347179	-133459.226305	-151718.813386
-4412.234355	-5623.430684	-5678.930066	-5634.338335	-54001.322866	-85563.058920	-88283.355627	-98184.105537
-3921.412399	-5188.264571	-5773.902628	-5703.137005	-138205.373371	-123965.702828	-133470.960971	-151730.279831
-171.795508	-5493.544697	-4992.418586	-5459.793563	-53890.949952	-85403.132189	-89107.911480	-97753.923864
-5926.520339	-6149.657804	-5763.933750	-5695.738577	-138201.484168	-123958.505566	-133466.289457	-151725.876537
-6372.683510	-5730.629650	-6007.210136	-5780.228171	-54060.197361	-85702.220881	-87623.263910	-98536.190216
-5765.096040	-6101.579201	-5751.819104	-5696.632647	-138200.947726	-123958.103235	-133465.417739	-151724.848357
59.746213	-5484.201668	-4984.975455	-5445.108467	-53900.136518	-85389.899956	-89174.139699	-97713.556613
-6366.156801	-5719.587889	-6001.912773	-5765.341910	-54053.916520	-85684.160672	-87647.560256	-98518.599393
-5729.333249	-6082.490812	-5744.845360	-5692.698740	-138198.421979	-123956.225688	-133463.473137	-151722.769645
100.180519	-5474.836287	-4982.181487	-5431.675068	-53895.219135	-85373.247906	-89206.549729	-97695.541107
-4062.496610	-5213.387932	-5777.188334	-5699.068987	-138202.668810	-123962.730046	-133468.457576	-151727.731732
-4707.880879	-5641.110914	-5697.951400	-5662.456830	-53986.481307	-85589.970421	-88145.802992	-98258.715660
-6579.325387	-6606.438053	-5738.184540	-5687.446080	-138194.711589	-123950.347179	-133459.226305	-151718.813386
-4412.234355	-5623.430684	-5678.930066	-5634.338335	-54001.322866	-85563.058920	-88283.355627	-98184.105537
-3921.412399	-5188.264571	-5773.902628	-5703.137005	-138205.373371	-123965.702828	-133470.960971	-151730.279831
-171.795508	-5493.544697	-4992.418586	-5459.793563	-53890.949952	-85403.132189	-89107.911480	-97753.923864
-5926.520339	-6149.657804	-5763.933750	-5695.738577	-138201.484168	-123958.505566	-133466.289457	-151725.876537
-6372.683510	-5730.629650	-6007.210136	-5780.228171	-54060.197361	-85702.220881	-87623.263910	-98536.190216
-5765.096040	-6101.579201	-5751.819104	-5696.632647	-138200.947726	-123958.103235	-133465.417739	-151724.848357
59.746213	-5484.201668	-4984.975455	-5445.108467	-53900.136518	-85389.899956	-89174.139699	-97713.556613
-4063.144811	-5213.723208	-5785.704349	-5704.388702	-138206.468607	-123965.971049	-133471.765634	-151731.129197
-4654.124934	-5647.369402	-5690.508269	-5671.062251	-53988.761185	-85602.018011	-88134.694175	-98264.705928
-6583.013425	-6609.097911	-5746.655851	-5691.715263	-138197.438502	-123952.425891	-133461.394425	-151721.249726
-4463.151629	-5632.773713	-5687.781356	-5646.855312	-54005.234421	-85578.906307	-88242.764860	-98202.478671
-3941.461914	-5195.886516	-5780.474041	-5706.489766	-138207.295621	-123966.731008	-133472.190317	-151731.665639
-104.293240	-5496.919810	-4980.326293	-5464.822705	-53890.726434	-85412.050535	-89090.678285	-97757.544846
-5903.386283	-6134.257452	-5771.488639	-5698.867822	-138202.869976	-123959.243174	-133467.116471	-151726.927069
-6363.787516	-5735.904662	-6004.773796	-5787.067805	-54060.376174	-85712.905015	-87596.374762	-98544.035678
-5780.004654	-6107.524765	-5760.782154	-5700.812423	-138203.406418	-123960.047836	-133467.451747	-151727.128235
61.288483	-5491.980075	-4969.932731	-5454.607958	-53901.857603	-85403.311003	-89140.835600	-97727.302936
-4015.915575	-5181.737862	-5793.683922	-5708.009685	-138208.413209	-123967.446264	-133473.352608	-151732.827930
-4566.081413	-5649.470466	-5673.543295	-5673.208019	-53986.391900	-85608.701182	-88123.227730	-98264.057727
-4654.124934	-5647.369402	-5690.508269	-5671.062251	-53988.761185	-85602.018011	-88134.694175	-98264.705928
-6583.013425	-6609.097911	-5746.655851	-5691.715263	-138197.438502	-123952.425891	-133461.394425	-151721.249726
-4463.151629	-5632.773713	-5687.781356	-5646.855312	-54005.234421	-85578.906307	-88242.764860	-98202.478671
-3941.461914	-5195.886516	-5780.474041	-5706.489766	-138207.295621	-123966.731008	-133472.190317	-151731.665639
-104.293240	-5496.919810	-4980.326293	-5464.822705	-53890.726434	-85412.050535	-89090.678285	-97757.544846
-5903.386283	-6134.257452	-5771.488639	-5698.867822	-138202.869976	-123959.243174	-133467.116471	-151726.927069
-6363.787516	-5735.904662	-6004.773796	-5787.067805	-54060.376174	-85712.905015	-87596.374762	-98544.035678
-5780.004654	-6107.524765	-5760.782154	-5700.812423	-138203.406418	-123960.047836	-133467.451747	-151727.128235
61.288483	-5491.980075	-4969.932731	-5454.607958	-53901.857603	-85403.311003	-89140.835600	-97727.302936
-4015.915575	-5181.737862	-5793.683922	-5708.009685	-138208.413209	-123967.446264	-133473.352608	-151732.827930
-4566.081413	-5649.470466	-5673.543295	-5673.208019	-53986.391900	-85608.701182	-88123.227730	-98264.057727
-6576.464364	-6601.833594	-5757.116468	-5695.939743	-138199.986601	-123954.594011	-133463.696654	-151723.574307
-4462.928112	-5640.283899	-5681.187592	-5655.997176	-54005.122662	-85592.049133	-88204.297507	-98217.253174
-3902.838099	-5163.252969	-5790.778195	-5711.720075	-138210.670735	-123969.860252	-133475.386617	-151734.906642
51.520771	-5502.284229	-4925.765684	-5470.321235	-53889.921771	-85422.108820	-89079.167137	-97762.216361
-5865.567132	-6108.172966	-5781.144593	-5702.421749	-138204.613412	-123960.673685	-133468.725797	-151728.491691
-6333.277384	-5737.715153	-5992.815613	-5789.526497	-54054.274148	-85719.722297	-87568.390378	-98548.841303
-5780.451689	-6103.590858	-5766.727718	-5700.477147	-138201.439464	-123957.633848	-133465.171869	-151725.027171
137.127952	-5492.516517	-4914.209832	-5456.150229	-53894.794452	-85409.345974	-89105.698658	-97734.187273
-3942.624204	-5132.809893	-5798.087215	-5706.825043	-138205.596889	-123964.227613	-133470.178660	-151729.721037
-4428.886405	-5648.442286	-5643.346088	-5672.202190	-53978.233514	-85612.612738	-88111.001326	-98262.180181
-6564.684995	-6590.210687	-5764.470192	-5696.230316	-138198.824310	-123952.895278	-133462.154384	-151722.210851
-4438.609414	-5642.496722	-5665.451964	-5659.595807	-53998.685360	-85600.453389	-88163.393815	-98229.121951
-3852.434916	-5123.064533	-5795.047378	-5710.021342	-138207.742656	-123966.395732	-133472.078558	-151731.710342
241.756468	-5498.484433	-4851.759058	-5466.297921	-53879.304693	-85423.584035	-89061.777480	-97759.601207
-3902.838099	-5163.252969	-5790.778195	-5711.720075	-138210.670735	-123969.860252	-133475.386617	-151734.906642
51.520771	-5502.284229	-4925.765684	-5470.321235	-53889.921771	-85422.108820	-89079.167137	-97762.216361
-5865.567132	-6108.172966	-5781.144593	-5702.421749	-138204.613412	-123960.673685	-133468.725797	-151728.491691
-6333.277384	-5737.715153	-5992.815613	-5789.526497	-54054.274148	-85719.722297	-87568.390378	-98548.841303
-5780.451689	-6103.590858	-5766.727718	-5700.477147	-138201.439464	-123957.633848	-133465.171869	-151725.027171
137.127952	-5492.516517	-4914.209832	-5456.150229	-53894.794452	-85409.345974	-89105.698658	-97734.187273
-3942.624204	-5132.809893	-5798.087215	-5706.825043	-138205.596889	-123964.227613	-133470.178660	-151729.721037
-4428.886405	-5648.442286	-5643.346088	-5672.202190	-53978.233514	-85612.612738	-88111.001326	-98262.180181
-6564.684995	-6590.210687	-5764.470192	-5696.230316	-138198.824310	-123952.895278	-133462.154384	-151722.210851
-4438.609414	-5642.496722	-5665.451964	-5659.595807	-53998.685360	-85600.453389	-88163.393815	-98229.121951
-3852.434916	-5123.064533	-5795.047378	-5710.021342	-138207.742656	-123966.395732	-133472.078558	-151731.710342
241.756468	-5498.484433	-4851.759058	-5466.297921	-53879.304693	-85423.584035	-89061.777480	-97759.601207
-5817.063846	-6073.773631	-5785.167907	-5699.493670	-138200.545394	-123956.136281	-133464.210744	-151724.133101
-6298.989808	-5738.184540	-5979.829249	-5790.353512	-54046.652203	-85725.891379	-87541.992967	-98554.496295
-5775.467250	-6096.684169	-5774.751994	-5701.639438	-138201.685333	-123957.298572	-133465.104814	-151725.027171
216.275479	-5496.517479	-4857.324643	-5460.754688	-53891.620504	-85419.560721	-89077.378997	-97745.743125
-3841.415506	-5062.558360	-5807.698465	-5710.021342	-138207.630897	-123965.836938	-133471.810338	-151731.687991
-4280.023787	-5647.369402	-5612.098350	-5670.816382	-53971.103307	-85617.127790	-88104.251099	-98260.839076
-6549.396402	-6575.413832	-5774.103793	-5698.063159	-138199.718380	-123953.208203	-133462.735529	-151722.747293
-4422.449103	-5646.564740	-5655.416030	-5664.490839	-53995.578467	-85611.226930	-88129.955605	-98242.801218
-3786.027883	-5072.907218	-5804.613925	-5713.754083	-138210.223700	-123968.385037	-133474.291381	-151733.967869
416.234185	-5500.943124	-4792.973971	-5468.331929	-53877.337739	-85431.921236	-89056.569523	-97763.333948
-5763.665529	-6038.480227	-5796.768462	-5703.941668	-138203.920508	-123959.019656	-133467.272933	-151727.351752
-6259.024889	-5736.731677	-5965.904113	-5789.057110	-54038.940852	-85730.898169	-87521.675232	-98557.156152
-5762.860866	-6084.077786	-5781.725738	-5701.818252	-138200.679505	-123955.756301	-133463.808413	-151723.954287
216.275479	-5496.517479	-4857.324643	-5460.754688	-53891.620504	-85419.560721	-89077.378997	-97745.743125
-3841.415506	-5062.558360	-5807.698465	-5710.021342	-138207.630897	-123965.836938	-133471.810338	-151731.687991
-4280.023787	-5647.369402	-5612.098350	-5670.816382	-53971.103307	-85617.127790	-88104.251099	-98260.839076
-6549.396402	-6575.413832	-5774.103793	-5698.063159	-138199.718380	-123953.208203	-133462.735529	-151722.747293
-4422.449103	-5646.564740	-5655.416030	-5664.490839	-53995.578467	-85611.226930	-88129.955605	-98242.801218
-3786.027883	-5072.907218	-5804.613925	-5713.754083	-138210.223700	-123968.385037	-133474.291381	-151733.967869
416.234185	-5500.943124	-4792.973971	-5468.331929	-53877.337739	-85431.921236	-89056.569523	-97763.333948
-5763.665529	-6038.480227	-5796.768462	-5703.941668	-138203.920508	-123959.019656	-133467.272933	-151727.351752
-6259.024889	-5736.731677	-5965.904113	-5789.057110	-54038.940852	-85730.898169	-87521.675232	-98557.156152
-5762.860866	-6084.077786	-5781.725738	-5701.818252	-138200.679505	-123955.756301	-133463.808413	-151723.954287
271.372529	-5495.578706	-4811.704732	-5460.285301	-53885.809050	-85425.483933	-89050.668663	-97752.336890
-3732.607214	-4990.004598	-5813.241698	-5710.244859	-138206.714476	-123964.451130	-133470.692750	-151730.659810
-4139.900701	-5644.731896	-5583.510468	-5667.530676	-53964.174266	-85620.525255	-88101.747704	-98257.531018
-6532.543186	-6559.722908	-5782.105718	-5699.426615	-138200.008953	-123953.141147	-133462.735529	-151723.149624
-4409.909774	-5644.553083	-5642.228501	-5663.440307	-53987.442432	-85616.345479	-88095.176291	-98250.691384
-3714.904632	-5017.273726	-5806.245602	-5710.222508	-138205.976868	-123963.467653	-133469.530460	-151729.542223
582.106481	-5493.812918	-4728.288022	-5460.307653	-53866.318329	-85431.071869	-89046.064204	-97757.880122
-5704.679275	-5997.934162	-5800.031817	-5701.527679	-138200.634801	-123955.264563	-133463.651951	-151723.842528
-6219.059970	-5732.037810	-5950.324947	-5784.363244	-54028.882567	-85733.021585	-87502.296269	-98558.027870
-5749.025136	-6070.979663	-5785.503183	-5700.298333	-138198.511386	-123953.029389	-133461.237962	-151721.517947
335.007946	-5494.282305	-4751.355022	-5458.161886	-53879.617617	-85431.228331	-89028.138104	-97759.064765
-3618.322744	-4911.192347	-5817.242660	-5709.551955	-138205.418075	-123962.730046	-133469.061073	-151729.028133
-3987.931190	-5637.534635	-5546.808904	-5658.925254	-53953.110153	-85619.742944	-88098.551404	-98251.138419
-6514.170052	-6542.132085	-5784.385596	-5696.163260	-138196.365618	-123949.073130	-133458.801622	-151719.171014
-4392.341303	-5643.480199	-5628.191606	-5662.456830	-53981.183944	-85622.648671	-88066.208430	-98260.459096
-4409.909774	-5644.553083	-5642.228501	-5663.440307	-53987.442432	-85616.345479	-88095.176291	-98250.691384
-3714.904632	-5017.273726	-5806.245602	-5710.222508	-138205.976868	-123963.467653	-133469.530460	-151729.542223
582.106481	-5493.812918	-4728.288022	-5460.307653	-53866.318329	-85431.071869	-89046.064204	-97757.880122
-5704.679275	-5997.934162	-5800.031817	-5701.527679	-138200.634801	-123955.264563	-133463.651951	-151723.842528
-6219.059970	-5732.037810	-5950.324947	-5784.363244	-54028.882567	-85733.021585	-87502.296269	-98558.027870
-5749.025136	-6070.979663	-5785.503183	-5700.298333	-138198.511386	-123953.029389	-133461.237962	-151721.517947
335.007946	-5494.282305	-4751.355022	-5458.161886	-53879.617617	-85431.228331	-89028.138104	-97759.064765
-3618.322744	-4911.192347	-5817.242660	-5709.551955	-138205.418075	-123962.730046	-133469.061073	-151729.028133
-3987.931190	-5637.534635	-5546.808904	-5658.925254	-53953.110153	-85619.742944	-88098.551404	-98251.138419
-6514.170052	-6542.132085	-5784.385596	-5696.163260	-138196.365618	-123949.073130	-133458.801622	-151719.171014
-4392.341303	-5643.480199	-5628.191606	-5662.456830	-53981.183944	-85622.648671	-88066.208430	-98260.459096
-3645.435410	-4963.450725	-5810.447730	-5710.244859	-138205.619240	-123962.662990	-133468.949314	-151728.938726
757.254750	-5489.566086	-4653.364975	-5454.339737	-53858.897550	-85433.128230	-89043.247884	-97755.466134
-5646.296519	-5960.115011	-5804.345704	-5701.214755	-138200.031304	-123954.146976	-133462.690826	-151723.082569
-6187.052272	-5731.993107	-5941.496008	-5783.379767	-54024.836901	-85739.525943	-87491.165100	-98563.705214
-5750.142723	-6069.593855	-5792.566334	-5703.338170	-138201.417113	-123955.309266	-133463.786061	-151724.155453
361.919446	-5496.293962	-4717.067446	-5459.905322	-53878.857658	-85440.057271	-89012.938918	-97769.391271
-3525.607708	-4849.836808	-5822.584727	-5711.541261	-138207.183863	-123963.825281	-133470.446881	-151730.637459
-3862.135573	-5634.718315	-5520.970287	-5654.544312	-53948.773914	-85622.983947	-88104.206396	-98248.590320
-6502.904773	-6531.917337	-5789.571201	-5697.347903	-138197.371447	-123949.386054	-133459.427471	-151719.975677
-4409.552146	-5642.854350	-5627.565757	-5661.629815	-53977.942941	-85629.130677	-88041.465049	-98270.450326
-3617.540433	-4939.534359	-5813.778140	-5711.228336	-138206.513310	-123962.908860	-133469.463404	-151729.653982
844.560664	-5490.594267	-4630.856768	-5453.892702	-53859.724565	-85440.370195	-89048.791116	-97758.595378
-5608.879698	-5938.411467	-5814.314582	-5708.188499	-138206.848586	-123960.494871	-133469.284590	-151729.743389
-6171.674272	-5734.742371	-5940.289013	-5784.922038	-54025.596860	-85748.734861	-87484.437225	-98571.953007
-5646.296519	-5960.115011	-5804.345704	-5701.214755	-138200.031304	-123954.146976	-133462.690826	-151723.082569
-6187.052272	-5731.993107	-5941.496008	-5783.379767	-54024.836901	-85739.525943	-87491.165100	-98563.705214
-5750.142723	-6069.593855	-5792.566334	-5703.338170	-138201.417113	-123955.309266	-133463.786061	-151724.155453
361.919446	-5496.293962	-4717.067446	-5459.905322	-53878.857658	-85440.057271	-89012.938918	-97769.391271
-3525.607708	-4849.836808	-5822.584727	-5711.541261	-138207.183863	-123963.825281	-133470.446881	-151730.637459
-3862.135573	-5634.718315	-5520.970287	-5654.544312	-53948.773914	-85622.983947	-88104.206396	-98248.590320
-6502.904773	-6531.917337	-5789.571201	-5697.347903	-138197.371447	-123949.386054	-133459.427471	-151719.975677
-4409.552146	-5642.854350	-5627.565757	-5661.629815	-53977.942941	-85629.130677	-88041.465049	-98270.450326
-3617.540433	-4939.534359	-5813.778140	-5711.228336	-138206.513310	-123962.908860	-133469.463404	-151729.653982
844.560664	-5490.594267	-4630.856768	-5453.892702	-53859.724565	-85440.370195	-89048.791116	-97758.595378
-5608.879698	-5938.411467	-5814.314582	-5708.188499	-138206.848586	-123960.494871	-133469.284590	-151729.743389
-6171.674272	-5734.742371	-5940.289013	-5784.922038	-54025.596860	-85748.734861	-87484.437225	-98571.953007
-5759.038718	-6072.767803	-5797.617829	-5705.193365	-138203.339363	-123956.784482	-133465.395387	-151725.921241
330.850521	-5496.852755	-4725.069371	-5459.547694	-53878.500030	-85447.187477	-88997.046828	-97778.019044
-3473.639902	-4819.952526	-5826.518634	-5714.044656	-138209.553148	-123965.792235	-133472.391483	-151732.716171
-3787.301932	-5632.170216	-5508.520366	-5649.872798	-53946.047002	-85626.180247	-88110.330774	-98246.153980
-6492.801785	-6523.021343	-5793.929791	-5698.800766	-138198.757255	-123950.369531	-133460.410948	-151721.160319
-4444.979661	-5644.821303	-5634.852425	-5662.926216	-53977.540610	-85637.914912	-88019.001546	-98282.542620
-3601.603639	-4926.950327	-5816.080369	-5712.234165	-138207.496787	-123963.355894	-133469.888087	-151730.436293
904.284525	-5485.252200	-4619.323268	-5446.784848	-53854.918939	-85440.951340	-89048.835820	-97754.952044
-5563.997396	-5908.974219	-5812.258221	-5704.433406	-138203.026438	-123956.180985	-133464.858945	-151725.720075
-6151.423592	-5728.506235	-5931.013039	-5777.456555	-54017.483177	-85748.913675	-87471.853193	-98570.902475
-5771.287474	-6076.634655	-5797.304904	-5703.449929	-138201.640630	-123954.504604	-133463.137861	-151723.998991
288.359855	-5496.159851	-4731.931356	-5458.139534	-53877.605960	-85453.133041	-88982.093511	-97785.685693
-3440.514617	-4802.495814	-5827.010373	-5714.067008	-138209.664906	-123965.300496	-133472.011503	-151732.649116
-3473.639902	-4819.952526	-5826.518634	-5714.044656	-138209.553148	-123965.792235	-133472.391483	-151732.716171
-3787.301932	-5632.170216	-5508.520366	-5649.872798	-53946.047002	-85626.180247	-88110.330774	-98246.153980
-6492.801785	-6523.021343	-5793.929791	-5698.800766	-138198.757255	-123950.369531	-133460.410948	-151721.160319
-4444.979661	-5644.821303	-5634.852425	-5662.926216	-53977.540610	-85637.914912	-88019.001546	-98282.542620
-3601.603639	-4926.950327	-5816.080369	-5712.234165	-138207.496787	-123963.355894	-133469.888087	-151730.436293
904.284525	-5485.252200	-4619.323268	-5446.784848	-53854.918939	-85440.951340	-89048.835820	-97754.952044
-5563.997396	-5908.974219	-5812.258221	-5704.433406	-138203.026438	-123956.180985	-133464.858945	-151725.720075
-6151.423592	-5728.506235	-5931.013039	-5777.456555	-54017.483177	-85748.913675	-87471.853193	-98570.902475
-5771.287474	-6076.634655	-5797.304904	-5703.449929	-138201.640630	-123954.504604	-133463.137861	-151723.998991
288.359855	-5496.159851	-4731.931356	-5458.139534	-53877.605960	-85453.133041	-88982.093511	-97785.685693
-3440.514617	-4802.495814	-5827.010373	-5714.067008	-138209.664906	-123965.300496	-133472.011503	-151732.649116
-3703.929925	-5629.286841	-5491.980075	-5644.910710	-53941.911929	-85629.108325	-88118.556216	-98243.851750
-6484.956322	-6516.002895	-5797.103738	-5699.896002	-138200.053656	-123951.151842	-133461.260314	-151722.344961
-4476.585028	-5644.329565	-5636.841731	-5662.054498	-53974.992511	-85644.508677	-87999.220252	-98292.824422
-3625.877634	-4938.483827	-5815.633335	-5711.608316	-138206.937993	-123962.305362	-133468.994018	-151729.676334
978.268800	-5484.335778	-4601.553631	-5444.370859	-53854.516608	-85446.114593	-89054.177887	-97757.097811
-5538.874035	-5894.691455	-5816.549756	-5707.786168	-138206.446255	-123959.064360	-133467.898782	-151728.871671
-6132.871644	-5728.528586	-5926.095656	-5776.607189	-54015.851500	-85755.708606	-87469.886240	-98577.183315
-5789.660608	-6085.977684	-5798.467195	-5704.075778	-138202.378238	-123954.728121	-133463.406082	-151724.490729
270.187887	-5495.534002	-4716.486301	-5457.312519	-53876.756594	-85459.592695	-88969.397720	-97794.604039
-3411.546756	-4784.480308	-5825.199881	-5712.189461	-138207.854415	-123963.154729	-133469.798681	-151730.592755
-3609.694971	-5621.731951	-5468.331929	-5635.880606	-53935.809903	-85627.744869	-88126.580492	-98237.503855
-6478.966055	-6510.325552	-5793.773329	-5696.632647	-138196.835005	-123947.374397	-133457.549925	-151718.746331
-4509.285630	-5642.876702	-5638.853388	-5660.333414	-53973.807868	-85650.230724	-87982.054112	-98302.480376
-3637.053506	-4942.909472	-5815.610983	-5711.943592	-138207.362677	-123962.327714	-133468.971666	-151729.788092
-3625.877634	-4938.483827	-5815.633335	-5711.608316	-138206.937993	-123962.305362	-133468.994018	-151729.676334
978.268800	-5484.335778	-4601.553631	-5444.370859	-53854.516608	-85446.114593	-89054.177887	-97757.097811
-5538.874035	-5894.691455	-5816.549756	-5707.786168	-138206.446255	-123959.064360	-133467.898782	-151728.871671
-6132.871644	-5728.528586	-5926.095656	-5776.607189	-54015.851500	-85755.708606	-87469.886240	-98577.183315
-5789.660608	-6085.977684	-5798.467195	-5704.075778	-138202.378238	-123954.728121	-133463.406082	-151724.490729
270.187887	-5495.534002	-4716.486301	-5457.312519	-53876.756594	-85459.592695	-88969.397720	-97794.604039
-3411.546756	-4784.480308	-5825.199881	-5712.189461	-138207.854415	-123963.154729	-133469.798681	-151730.592755
-3609.694971	-5621.731951	-5468.331929	-5635.880606	-53935.809903	-85627.744869	-88126.580492	-98237.503855
-6478.966055	-6510.325552	-5793.773329	-5696.632647	-138196.835005	-123947.374397	-133457.549925	-151718.746331
-4509.285630	-5642.876702	-5638.853388	-5660.333414	-53973.807868	-85650.230724	-87982.054112	-98302.480376
-3637.053506	-4942.909472	-5815.610983	-5711.943592	-138207.362677	-123962.327714	-133468.971666	-151729.788092
1056.969292	-5480.915961	-4573.055157	-5439.632289	-53852.750820	-85449.065024	-89058.312959	-97756.583721
-5503.155947	-5872.697338	-5813.644029	-5705.014551	-138203.764046	-123956.091578	-133464.903648	-151725.898889
-6118.410065	-5723.901775	-5921.021810	-5770.885142	-54013.169290	-85757.586152	-87469.439205	-98577.473888
-5809.352494	-6097.220611	-5796.589648	-5703.315819	-138201.797092	-123953.632886	-133462.534364	-151723.619011
230.357078	-5493.499994	-4713.826443	-5454.809124	-53875.996634	-85464.398320	-88956.970150	-97800.862527
-3377.169773	-4763.804944	-5823.836425	-5711.228336	-138207.072104	-123961.791272	-133468.614038	-151729.542223
-3531.530920	-5618.647411	-5453.535074	-5631.030277	-53935.586385	-85630.538837	-88142.003196	-98233.838169
-6478.407261	-6510.280849	-5794.198012	-5698.063159	-138198.645496	-123948.737854	-133458.980436	-151720.310953
-4562.996872	-5642.876702	-5649.537522	-5660.378118	-53975.975987	-85657.383282	-87969.447728	-98311.823405
-3656.499524	-4952.788943	-5812.973477	-5710.356618	-138206.021572	-123960.427816	-133467.183526	-151728.290525
1098.565888	-5475.752708	-4567.467221	-5433.105580	-53850.515646	-85449.847335	-89061.308093	-97753.119201
-5472.958740	-5855.240626	-5811.967649	-5704.343999	-138203.361714	-123955.085749	-133463.987227	-151725.183633
-6115.481986	-5722.828892	-5922.318211	-5768.761726	-54015.248002	-85762.794109	-87473.171946	-98579.731414
-5833.447675	-6111.637486	-5796.321427	-5704.209888	-138202.869976	-123954.191679	-133463.160212	-151724.535432
-5809.352494	-6097.220611	-5796.589648	-5703.315819	-138201.797092	-123953.632886	-133462.534364	-151723.619011
230.357078	-5493.499994	-4713.826443	-5454.809124	-53875.996634	-85464.398320	-88956.970150	-97800.862527
-3377.169773	-4763.804944	-5823.836425	-5711.228336	-138207.072104	-123961.791272	-133468.614038	-151729.542223
-3531.530920	-5618.647411	-5453.535074	-5631.030277	-53935.586385	-85630.538837	-88142.003196	-98233.838169
-6478.407261	-6510.280849	-5794.198012	-5698.063159	-138198.645496	-123948.737854	-133458.980436	-151720.310953
-4562.996872	-5642.876702	-5649.537522	-5660.378118	-53975.975987	-85657.383282	-87969.447728	-98311.823405
-3656.499524	-4952.788943	-5812.973477	-5710.356618	-138206.021572	-123960.427816	-133467.183526	-151728.290525
1098.565888	-5475.752708	-4567.467221	-5433.105580	-53850.515646	-85449.847335	-89061.308093	-97753.119201
-5472.958740	-5855.240626	-5811.967649	-5704.343999	-138203.361714	-123955.085749	-133463.987227	-151725.183633
-6115.481986	-5722.828892	-5922.318211	-5768.761726	-54015.248002	-85762.794109	-87473.171946	-98579.731414
-5833.447675	-6111.637486	-5796.321427	-5704.209888	-138202.869976	-123954.191679	-133463.160212	-151724.535432
162.452479	-5494.662284	-4734.546511	-5455.680842	-53879.707024	-85472.377893	-88945.749574	-97809.982039
-3356.002671	-4756.495924	-5824.529329	-5712.725903	-138208.770836	-123963.132377	-133469.955143	-151731.084494
-3475.964484	-5616.546347	-5446.024888	-5627.096370	-53937.486283	-85634.070412	-88157.358844	-98230.038372
-6480.664787	-6513.298334	-5796.477890	-5701.527679	-138202.333534	-123951.934153	-133462.199087	-151723.775473
-4626.475826	-5647.995251	-5666.211923	-5665.139039	-53983.597932	-85669.162651	-87959.143574	-98325.457969
-3671.654006	-4960.902627	-5814.247526	-5712.614144	-138208.748485	-123962.506528	-133469.418701	-151730.637459
1132.071153	-5473.048147	-4566.684910	-5429.305783	-53851.722640	-85453.200096	-89067.208954	-97751.398117
-5440.012269	-5836.107533	-5809.955992	-5703.069950	-138202.311182	-123953.610534	-133462.579067	-151724.110749
-6111.413969	-5720.213738	-5923.011115	-5765.274854	-54016.678514	-85766.392740	-87474.691865	-98579.887876
-5857.632262	-6126.322583	-5795.673227	-5704.880441	-138203.942860	-123954.728121	-133463.741358	-151725.317743
87.842356	-5496.897459	-4760.809810	-5457.692499	-53885.473774	-85481.430350	-88936.272435	-97819.794455
-3335.126142	-4746.392935	-5825.155178	-5714.491691	-138210.670735	-123964.518185	-133471.430358	-151732.693819
-3420.062771	-5611.405446	-5438.045316	-5620.323792	-53937.530987	-85634.651558	-88171.105167	-98222.952869
-6475.322720	-6508.515061	-5792.387520	-5698.823118	-138199.763083	-123948.782557	-133459.226305	-151720.869746
-3475.964484	-5616.546347	-5446.024888	-5627.096370	-53937.486283	-85634.070412	-88157.358844	-98230.038372
-6480.664787	-6513.298334	-5796.477890	-5701.527679	-138202.333534	-123951.934153	-133462.199087	-151723.775473
-4626.475826	-5647.995251	-5666.211923	-5665.139039	-53983.597932	-85669.162651	-87959.143574	-98325.457969
-3671.654006	-4960.902627	-5814.247526	-5712.614144	-138208.748485	-123962.506528	-133469.418701	-151730.637459
1132.071153	-5473.048147	-4566.684910	-5429.305783	-53851.722640	-85453.200096	-89067.208954	-97751.398117
-5440.012269	-5836.107533	-5809.955992	-5703.069950	-138202.311182	-123953.610534	-133462.579067	-151724.110749
-6111.413969	-5720.213738	-5923.011115	-5765.274854	-54016.678514	-85766.392740	-87474.691865	-98579.887876
-5857.632262	-6126.322583	-5795.673227	-5704.880441	-138203.942860	-123954.728121	-133463.741358	-151725.317743
87.842356	-5496.897459	-4760.809810	-5457.692499	-53885.473774	-85481.430350	-88936.272435	-97819.794455
-3335.126142	-4746.392935	-5825.155178	-5714.491691	-138210.670735	-123964.518185	-133471.430358	-151732.693819
-3420.062771	-5611.405446	-5438.045316	-5620.323792	-53937.530987	-85634.651558	-88171.105167	-98222.952869
-6475.322720	-6508.515061	-5792.387520	-5698.823118	-138199.763083	-123948.782557	-133459.226305	-151720.869746
-4688.837193	-5645.648318	-5679.578266	-5662.657996	-53985.073147	-85673.543593	-87943.206780	-98331.224719
-3695.637428	-4973.509010	-5811.520614	-5711.295391	-138207.563842	-123960.874851	-133467.854079	-151729.206947
1142.151790	-5472.042319	-4587.919067	-5426.914147	-53855.634195	-85458.184535	-89074.875602	-97751.129896
-5412.676086	-5821.802416	-5811.542965	-5705.998028	-138205.373371	-123956.225688	-133465.060111	-151726.725903
-6113.447978	-5719.565537	-5926.945022	-5763.777287	-54020.947697	-85771.868917	-87478.961048	-98581.027815
-5877.547667	-6137.587862	-5792.856907	-5703.651095	-138202.959383	-123953.141147	-133462.310846	-151723.954287
-1.631677	-5493.879973	-4800.372398	-5454.540903	-53886.792527	-85484.894870	-88922.235539	-97823.281327
-3318.764665	-4741.721420	-5821.265974	-5712.122406	-138208.569671	-123961.813624	-133468.748149	-151730.168072
-3392.726587	-5607.203318	-5437.710039	-5614.668800	-53938.670926	-85635.925607	-88183.376275	-98216.336753
-6472.707566	-6506.905735	-5792.007541	-5699.761891	-138200.880671	-123949.497813	-133459.941561	-151721.741464
-4760.452182	-5646.900016	-5697.906697	-5663.976748	-53990.169345	-85681.433759	-87931.449763	-98339.584272
-3721.319583	-4989.825784	-5810.268916	-5711.675371	-138208.234395	-123960.897203	-133467.965837	-151729.497520
1129.008964	-5468.063708	-4616.976335	-5421.974411	-53856.438858	-85460.039730	-89078.451881	-97747.777134
1142.151790	-5472.042319	-4587.919067	-5426.914147	-53855.634195	-85458.184535	-89074.875602	-97751.129896
-5412.676086	-5821.802416	-5811.542965	-5705.998028	-138205.373371	-123956.225688	-133465.060111	-151726.725903
-6113.447978	-5719.565537	-5926.945022	-5763.777287	-54020.947697	-85771.868917	-87478.961048	-98581.027815
-5877.547667	-6137.587862	-5792.856907	-5703.651095	-138202.959383	-123953.141147	-133462.310846	-151723.954287
-1.631677	-5493.879973	-4800.372398	-5454.540903	-53886.792527	-85484.894870	-88922.235539	-97823.281327
-3318.764665	-4741.721420	-5821.265974	-5712.122406	-138208.569671	-123961.813624	-133468.748149	-151730.168072
-3392.726587	-5607.203318	-5437.710039	-5614.668800	-53938.670926	-85635.925607	-88183.376275	-98216.336753
-6472.707566	-6506.905735	-5792.007541	-5699.761891	-138200.880671	-123949.497813	-133459.941561	-151721.741464
-4760.452182	-5646.900016	-5697.906697	-5663.976748	-53990.169345	-85681.433759	-87931.449763	-98339.584272
-3721.319583	-4989.825784	-5810.268916	-5711.675371	-138208.234395	-123960.897203	-133467.965837	-151729.497520
1129.008964	-5468.063708	-4616.976335	-5421.974411	-53856.438858	-85460.039730	-89078.451881	-97747.777134
-5382.121251	-5804.412759	-5807.452596	-5703.271115	-138202.646458	-123953.074092	-133462.020273	-151723.842528
-6116.197242	-5715.318705	-5927.839092	-5758.926959	-54020.433607	-85773.478243	-87478.245792	-98579.373786
-5901.262868	-6151.088315	-5790.532326	-5702.600563	-138202.266479	-123951.800043	-133461.193259	-151722.948459
-102.527452	-5494.371712	-4841.432553	-5454.898531	-53890.122937	-85491.980373	-88910.903205	-97831.484417
-3318.518796	-4746.012955	-5819.947221	-5711.831833	-138208.569671	-123961.366589	-133468.412872	-151729.989258
-3359.444840	-5602.978838	-5436.279528	-5609.080864	-53937.910967	-85637.244360	-88196.720266	-98211.084093
-6471.321758	-6505.832852	-5789.884125	-5698.532545	-138200.008953	-123947.910839	-133458.466346	-151720.512118
-4829.653183	-5648.822266	-5711.697723	-5666.323682	-53993.253886	-85689.972125	-87917.636385	-98351.654214
-3777.578923	-5025.588575	-5809.106625	-5711.585964	-138208.524967	-123960.494871	-133467.854079	-151729.475168
1135.960357	-5467.236694	-4625.514701	-5420.163920	-53857.511742	-85464.845355	-89084.866832	-97750.124067
-5365.603312	-5797.349608	-5807.497300	-5703.941668	-138203.853453	-123953.655237	-133462.735529	-151724.580136
-6109.379960	-5713.195290	-5925.447455	-5756.110639	-54020.232441	-85777.121577	-87481.665609	-98581.564257
-5926.296821	-6165.415784	-5785.369073	-5698.174917	-138198.377275	-123947.307342	-133456.678207	-151718.612220
-155.255217	-5491.331874	-4840.203207	-5452.261025	-53886.770175	-85495.176672	-88895.145225	-97838.256995
-5901.262868	-6151.088315	-5790.532326	-5702.600563	-138202.266479	-123951.800043	-133461.193259	-151722.948459
-102.527452	-5494.371712	-4841.432553	-5454.898531	-53890.122937	-85491.980373	-88910.903205	-97831.484417
-3318.518796	-4746.012955	-5819.947221	-5711.831833	-138208.569671	-123961.366589	-133468.412872	-151729.989258
-3359.444840	-5602.978838	-5436.279528	-5609.080864	-53937.910967	-85637.244360	-88196.720266	-98211.084093
-6471.321758	-6505.832852	-5789.884125	-5698.532545	-138200.008953	-123947.910839	-133458.466346	-151720.512118
-4829.653183	-5648.822266	-5711.697723	-5666.323682	-53993.253886	-85689.972125	-87917.636385	-98351.654214
-3777.578923	-5025.588575	-5809.106625	-5711.585964	-138208.524967	-123960.494871	-133467.854079	-151729.475168
1135.960357	-5467.236694	-4625.514701	-5420.163920	-53857.511742	-85464.845355	-89084.866832	-97750.124067
-5365.603312	-5797.349608	-5807.497300	-5703.941668	-138203.853453	-123953.655237	-133462.735529	-151724.580136
-6109.379960	-5713.195290	-5925.447455	-5756.110639	-54020.232441	-85777.121577	-87481.665609	-98581.564257
-5926.296821	-6165.415784	-5785.369073	-5698.174917	-138198.377275	-123947.307342	-133456.678207	-151718.612220
-155.255217	-5491.331874	-4840.203207	-5452.261025	-53886.770175	-85495.176672	-88895.145225	-97838.256995
-3335.282604	-4764.296682	-5815.119244	-5707.540298	-138204.903985	-123956.940944	-133464.098986	-151725.608316
-3289.796804	-5597.167384	-5417.414655	-5602.263582	-53934.625260	-85636.707918	-88210.198368	-98205.764378
-6467.298444	-6502.390683	-5783.692692	-5693.123423	-138195.180976	-123942.568772	-133453.191334	-151715.214755
-4857.950492	-5643.457847	-5708.412016	-5661.473353	-53988.582371	-85691.134416	-87900.939632	-98356.571598
-3823.824683	-5054.623491	-5801.059997	-5704.232240	-138201.618278	-123952.984685	-133460.321541	-151722.210851
1192.286753	-5459.704156	-4598.424387	-5412.340809	-53852.013213	-85463.034864	-89086.274992	-97746.257215
-5345.106762	-5786.129032	-5801.618791	-5698.823118	-138199.159586	-123948.357874	-133457.460518	-151719.573345
-6089.866887	-5709.574307	-5918.741932	-5752.534360	-54019.070151	-85779.736731	-87485.890089	-98582.458327
-5954.705889	-6182.693682	-5785.011445	-5698.800766	-138199.427807	-123947.553211	-133457.080538	-151719.260421
-200.428093	-5494.483470	-4838.280957	-5456.172580	-53892.246353	-85504.877329	-88889.736103	-97850.818676
-3346.592587	-4776.120755	-5815.588631	-5708.814348	-138206.379200	-123957.969124	-133465.037759	-151726.994124
-3205.463672	-5595.558059	-5400.114405	-5599.693131	-53936.882786	-85640.507715	-88229.957310	-98203.953887
-6468.371328	-6503.642381	-5783.670340	-5694.039845	-138196.253860	-123943.149918	-133453.817183	-151716.175880
-6467.298444	-6502.390683	-5783.692692	-5693.123423	-138195.180976	-123942.568772	-133453.191334	-151715.214755
-4857.950492	-5643.457847	-5708.412016	-5661.473353	-53988.582371	-85691.134416	-87900.939632	-98356.571598
-3823.824683	-5054.623491	-5801.059997	-5704.232240	-138201.618278	-123952.984685	-133460.321541	-151722.210851
1192.286753	-5459.704156	-4598.424387	-5412.340809	-53852.013213	-85463.034864	-89086.274992	-97746.257215
-5345.106762	-5786.129032	-5801.618791	-5698.823118	-138199.159586	-123948.357874	-133457.460518	-151719.573345
-6089.866887	-5709.574307	-5918.741932	-5752.534360	-54019.070151	-85779.736731	-87485.890089	-98582.458327
-5954.705889	-6182.693682	-5785.011445	-5698.800766	-138199.427807	-123947.553211	-133457.080538	-151719.260421
-200.428093	-5494.483470	-4838.280957	-5456.172580	-53892.246353	-85504.877329	-88889.736103	-97850.818676
-3346.592587	-4776.120755	-5815.588631	-5708.814348	-138206.379200	-123957.969124	-133465.037759	-151726.994124
-3205.463672	-5595.558059	-5400.114405	-5599.693131	-53936.882786	-85640.507715	-88229.957310	-98203.953887
-6468.371328	-6503.642381	-5783.670340	-5694.039845	-138196.253860	-123943.149918	-133453.817183	-151716.175880
-4899.211812	-5646.408277	-5716.525700	-5665.004929	-53994.147956	-85700.678611	-87894.457626	-98368.999168
-3871.210381	-5083.121965	-5802.535212	-5706.847394	-138204.591060	-123955.398673	-133462.824936	-151724.848357
1237.034945	-5461.045261	-4589.506041	-5413.190176	-53857.243521	-85470.142719	-89098.702562	-97750.235826
-5326.465407	-5777.188334	-5802.602268	-5700.521851	-138201.148892	-123949.944848	-133459.025140	-151721.182671
-6079.786251	-5709.484900	-5918.451359	-5752.132029	-54022.646430	-85785.637592	-87494.093179	-98585.922848
-5977.191744	-6195.791804	-5781.971607	-5696.967923	-138197.885537	-123945.653313	-133455.270047	-151717.516985
-264.935227	-5491.913020	-4851.334375	-5453.937406	-53892.805146	-85508.721830	-88878.806100	-97856.719536
-3347.441953	-4779.406462	-5810.537137	-5704.813386	-138202.624107	-123953.766996	-133460.947390	-151722.970810
-3148.131448	-5589.187812	-5388.044463	-5592.205297	-53934.669964	-85639.457183	-88242.429583	-98196.980142
-6466.292616	-6502.055407	-5780.965779	-5692.207002	-138194.800996	-123941.138261	-133451.872581	-151714.365389
-4958.108659	-5647.123533	-5728.617993	-5665.966054	-53997.701883	-85707.786466	-87882.700608	-98378.900990
-3906.123806	-5103.283239	-5800.031817	-5705.394531	-138203.518176	-123953.766996	-133461.215611	-151723.484900
1239.940672	-5457.804258	-4604.504061	-5408.831586	-53857.958777	-85472.422597	-89104.245794	-97748.984128
-5299.710369	-5762.860866	-5800.434148	-5699.270153	-138200.053656	-123948.268467	-133457.527573	-151719.863918
-5326.465407	-5777.188334	-5802.602268	-5700.521851	-138201.148892	-123949.944848	-133459.025140	-151721.182671
-6079.786251	-5709.484900	-5918.451359	-5752.132029	-54022.646430	-85785.637592	-87494.093179	-98585.922848
-5977.191744	-6195.791804	-5781.971607	-5696.967923	-138197.885537	-123945.653313	-133455.270047	-151717.516985
-264.935227	-5491.913020	-4851.334375	-5453.937406	-53892.805146	-85508.721830	-88878.806100	-97856.719536
-3347.441953	-4779.406462	-5810.537137	-5704.813386	-138202.624107	-123953.766996	-133460.947390	-151722.970810
-3148.131448	-5589.187812	-5388.044463	-5592.205297	-53934.669964	-85639.457183	-88242.429583	-98196.980142
-6466.292616	-6502.055407	-5780.965779	-5692.207002	-138194.800996	-123941.138261	-133451.872581	-151714.365389
-4958.108659	-5647.123533	-5728.617993	-5665.966054	-53997.701883	-85707.786466	-87882.700608	-98378.900990
-3906.123806	-5103.283239	-5800.031817	-5705.394531	-138203.518176	-123953.766996	-133461.215611	-151723.484900
1239.940672	-5457.804258	-4604.504061	-5408.831586	-53857.958777	-85472.422597	-89104.245794	-97748.984128
-5299.710369	-5762.860866	-5800.434148	-5699.270153	-138200.053656	-123948.268467	-133457.527573	-151719.863918
-6078.534553	-5707.495595	-5919.993629	-5749.405116	-54023.920479	-85789.191519	-87496.507167	-98587.263952
-6000.906944	-6210.521604	-5781.859849	-5697.839641	-138198.980772	-123946.145051	-133455.873544	-151718.366351
-363.282903	-5495.712816	-4891.902791	-5457.513685	-53899.600077	-85518.802466	-88870.558306	-97868.834182
-3339.171808	-4779.831145	-5813.241698	-5708.322609	-138206.289793	-123956.918592	-133464.121337	-151726.435331
-3113.150968	-5588.718425	-5389.162050	-5590.372454	-53938.358002	-85644.173401	-88260.199220	-98195.147299
-6464.593883	-6500.937820	-5781.815145	-5693.704569	-138196.343267	-123942.144089	-133453.079576	-151715.639438
-5023.800436	-5648.576397	-5743.168979	-5667.888304	-54001.635790	-85715.587224	-87870.116576	-98389.361607
-3934.756390	-5119.801178	-5799.674189	-5705.998028	-138204.166377	-123953.945810	-133461.550887	-151723.820177
1243.539303	-5456.194932	-4620.507910	-5406.328190	-53860.216303	-85476.334152	-89111.599518	-97749.028832
-5267.859133	-5746.499389	-5800.411797	-5699.739540	-138200.567746	-123948.380226	-133457.505221	-151720.042732
-6073.348948	-5706.199194	-5920.194795	-5747.661680	-54025.686267	-85793.527757	-87501.670420	-98588.560353
-6021.112921	-6222.524491	-5779.714081	-5696.476185	-138197.840833	-123944.446319	-133454.130108	-151716.846432
-440.955215	-5494.125842	-4906.386722	-5456.306691	-53900.382388	-85523.138705	-88857.795460	-97875.338540
-3329.247633	-4777.126584	-5810.313619	-5706.109787	-138204.211081	-123954.370493	-133461.506183	-151723.931935
-363.282903	-5495.712816	-4891.902791	-5457.513685	-53899.600077	-85518.802466	-88870.558306	-97868.834182
-3339.171808	-4779.831145	-5813.241698	-5708.322609	-138206.289793	-123956.918592	-133464.121337	-151726.435331
-3113.150968	-5588.718425	-5389.162050	-5590.372454	-53938.358002	-85644.173401	-88260.199220	-98195.147299
-6464.593883	-6500.937820	-5781.815145	-5693.704569	-138196.343267	-123942.144089	-133453.079576	-151715.639438
-5023.800436	-5648.576397	-5743.168979	-5667.888304	-54001.635790	-85715.587224	-87870.116576	-98389.361607
-3934.756390	-5119.801178	-5799.674189	-5705.998028	-138204.166377	-123953.945810	-133461.550887	-151723.820177
1243.539303	-5456.194932	-4620.507910	-5406.328190	-53860.216303	-85476.334152	-89111.599518	-97749.028832
-5267.859133	-5746.499389	-5800.411797	-5699.739540	-138200.567746	-123948.380226	-133457.505221	-151720.042732
-6073.348948	-5706.199194	-5920.194795	-5747.661680	-54025.686267	-85793.527757	-87501.670420	-98588.560353
-6021.112921	-6222.524491	-5779.714081	-5696.476185	-138197.840833	-123944.446319	-133454.130108	-151716.846432
-440.955215	-5494.125842	-4906.386722	-5456.306691	-53900.382388	-85523.138705	-88857.795460	-97875.338540
-3329.247633	-4777.126584	-5810.313619	-5706.109787	-138204.211081	-123954.370493	-133461.506183	-151723.931935
-3043.704098	-5584.248076	-5375.773355	-5584.628056	-53937.508635	-85644.396918	-88277.074787	-98188.620590
-6459.341223	-6496.713340	-5779.781136	-5692.296409	-138195.069217	-123940.445356	-133451.157326	-151714.007761
-5067.274578	-5648.241120	-5748.734563	-5667.798897	-54003.312171	-85721.152809	-87857.532544	-98397.542345
-3960.706766	-5132.206396	-5796.880221	-5704.008723	-138202.445293	-123951.643580	-133459.181602	-151721.719113
1277.491603	-5454.518551	-4609.935535	-5403.780091	-53861.847980	-85479.642210	-89119.132056	-97748.961776
-5236.186711	-5728.439179	-5800.054169	-5699.717188	-138200.724208	-123947.977894	-133457.147593	-151719.886270
-6057.725079	-5703.874612	-5916.707923	-5744.733601	-54026.490930	-85796.522891	-87506.990136	-98588.515650
-6038.457875	-6232.627479	-5778.842363	-5696.140909	-138197.684371	-123943.641656	-133453.571314	-151716.444101
-502.601326	-5496.316313	-4915.416827	-5458.631272	-53905.076254	-85531.095926	-88848.988873	-97885.285066
-3308.080531	-4765.526028	-5809.955992	-5706.243897	-138204.434598	-123954.035217	-133461.439128	-151723.976639
-2971.418556	-5579.978893	-5360.641224	-5578.928361	-53936.949842	-85644.843953	-88292.117511	-98182.272694
-6452.970976	-6491.348921	-5778.685901	-5691.134118	-138194.197499	-123938.970141	-133449.927980	-151712.800767
-5115.129663	-5648.799914	-5757.228226	-5668.670615	-54005.994380	-85727.634815	-87845.127326	-98406.192470
-3960.706766	-5132.206396	-5796.880221	-5704.008723	-138202.445293	-123951.643580	-133459.181602	-151721.719113
1277.491603	-5454.518551	-4609.935535	-5403.780091	-53861.847980	-85479.642210	-89119.132056	-97748.961776
-5236.186711	-5728.439179	-5800.054169	-5699.717188	-138200.724208	-123947.977894	-133457.147593	-151719.886270
-6057.725079	-5703.874612	-5916.707923	-5744.733601	-54026.490930	-85796.522891	-87506.990136	-98588.515650
-6038.457875	-6232.627479	-5778.842363	-5696.140909	-138197.684371	-123943.641656	-133453.571314	-151716.444101
-502.601326	-5496.316313	-4915.416827	-5458.631272	-53905.076254	-85531.095926	-88848.988873	-97885.285066
-3308.080531	-4765.526028	-5809.955992	-5706.243897	-138204.434598	-123954.035217	-133461.439128	-151723.976639
-2971.418556	-5579.978893	-5360.641224	-5578.928361	-53936.949842	-85644.843953	-88292.117511	-98182.272694
-6452.970976	-6491.348921	-5778.685901	-5691.134118	-138194.197499	-123938.970141	-133449.927980	-151712.800767
-5115.129663	-5648.799914	-5757.228226	-5668.670615	-54005.994380	-85727.634815	-87845.127326	-98406.192470
-3990.076958	-5147.986728	-5794.086253	-5701.482976	-138200.120711	-123948.804909	-133456.566448	-151719.260421
1294.791853	-5449.221188	-4613.265945	-5397.655713	-53859.702213	-85479.284582	-89120.450809	-97745.117276
-5201.139176	-5709.171976	-5797.662532	-5697.213792	-138198.354924	-123945.318037	-133454.443032	-151717.405226
-6041.989451	-5699.046636	-5911.410560	-5739.078610	-54023.965183	-85796.746409	-87507.839502	-98585.453461
-6051.332480	-6237.656622	-5772.762689	-5690.195345	-138191.917621	-123937.494926	-133447.469288	-151710.453833
-575.825641	-5493.410587	-4933.611147	-5455.837304	-53903.869260	-85533.912246	-88832.090954	-97890.448319
-3297.731673	-4762.262674	-5808.324314	-5704.612220	-138203.004086	-123952.157671	-133459.583933	-151722.233203
-2905.123282	-5575.821468	-5350.113553	-5573.228666	-53935.564033	-85645.179229	-88305.886186	-98176.036558
-6445.527845	-6485.068081	-5777.411852	-5689.502441	-138192.856394	-123937.114946	-133448.184544	-151711.258496
-5154.044050	-5649.001080	-5762.972625	-5669.095298	-54007.067264	-85733.647434	-87831.671576	-98414.507319
-4009.835900	-5157.486219	-5794.242715	-5701.661790	-138200.701857	-123948.737854	-133456.521744	-151719.416883
1326.844254	-5449.243539	-4607.499195	-5397.029864	-53861.803277	-85484.581945	-89126.195207	-97747.285396
-5168.907961	-5691.715263	-5799.227154	-5698.398435	-138199.964249	-123946.212106	-133455.605323	-151718.589868
-6029.137198	-5701.415920	-5911.589374	-5741.112619	-54027.787331	-85804.413057	-87515.103819	-98590.393196
-6073.214838	-6253.369898	-5778.820011	-5695.984447	-138198.287868	-123943.082862	-133453.213686	-151716.377046
-6051.332480	-6237.656622	-5772.762689	-5690.195345	-138191.917621	-123937.494926	-133447.469288	-151710.453833
-575.825641	-5493.410587	-4933.611147	-5455.837304	-53903.869260	-85533.912246	-88832.090954	-97890.448319
-3297.731673	-4762.262674	-5808.324314	-5704.612220	-138203.004086	-123952.157671	-133459.583933	-151722.233203
-2905.123282	-5575.821468	-5350.113553	-5573.228666	-53935.564033	-85645.179229	-88305.886186	-98176.036558
-6445.527845	-6485.068081	-5777.411852	-5689.502441	-138192.856394	-123937.114946	-133448.184544	-151711.258496
-5154.044050	-5649.001080	-5762.972625	-5669.095298	-54007.067264	-85733.647434	-87831.671576	-98414.507319
-4009.835900	-5157.486219	-5794.242715	-5701.661790	-138200.701857	-123948.737854	-133456.521744	-151719.416883
1326.844254	-5449.243539	-4607.499195	-5397.029864	-53861.803277	-85484.581945	-89126.195207	-97747.285396
-5168.907961	-5691.715263	-5799.227154	-5698.398435	-138199.964249	-123946.212106	-133455.605323	-151718.589868
-6029.137198	-5701.415920	-5911.589374	-5741.112619	-54027.787331	-85804.413057	-87515.103819	-98590.393196
-6073.214838	-6253.369898	-5778.820011	-5695.984447	-138198.287868	-123943.082862	-133453.213686	-151716.377046
-633.202569	-5499.579668	-4940.115504	-5462.431069	-53910.954763	-85546.071594	-88824.983099	-97904.976953
-3282.085452	-4756.205351	-5812.593497	-5708.635534	-138207.586194	-123955.935115	-133463.473137	-151726.435331
-2831.496636	-5579.598913	-5337.685983	-5575.933227	-53941.196673	-85653.896410	-88325.063983	-98178.919933
-6448.992365	-6489.873706	-5786.263142	-5697.817290	-138201.662982	-123945.273333	-133456.342930	-151719.752159
-5195.193612	-5658.768792	-5774.573180	-5679.108879	-54016.544404	-85749.181896	-87825.793067	-98432.992212
-4035.383944	-5173.043033	-5801.842308	-5708.881403	-138208.346153	-123955.689246	-133463.719006	-151726.792959
1377.403900	-5453.669185	-4585.952113	-5400.807309	-53866.988881	-85493.768512	-89134.621815	-97753.812105
-5133.927480	-5674.102089	-5803.295172	-5701.527679	-138203.272307	-123949.073130	-133458.443994	-151721.674409
-6008.417131	-5702.354694	-5908.169557	-5741.291433	-54028.413180	-85810.515083	-87518.769505	-98594.260048
-6088.436376	-6263.204666	-5780.965779	-5696.722054	-138199.405456	-123943.753415	-133454.018349	-151717.382874
-682.152889	-5501.166642	-4932.985298	-5464.308615	-53910.954763	-85553.268856	-88808.889843	-97915.459921
-3245.272129	-4734.971194	-5812.772311	-5707.450891	-138206.558014	-123954.437548	-133462.087329	-151725.273040
-2733.372478	-5573.541590	-5309.813358	-5568.445393	-53934.289984	-85652.421195	-88333.267073	-98172.259113
-6434.977822	-6477.736709	-5784.542058	-5693.749272	-138197.706723	-123940.825336	-133451.939637	-151715.639438
-6448.992365	-6489.873706	-5786.263142	-5697.817290	-138201.662982	-123945.273333	-133456.342930	-151719.752159
-5195.193612	-5658.768792	-5774.573180	-5679.108879	-54016.544404	-85749.181896	-87825.793067	-98432.992212
-4035.383944	-5173.043033	-5801.842308	-5708.881403	-138208.346153	-123955.689246	-133463.719006	-151726.792959
1377.403900	-5453.669185	-4585.952113	-5400.807309	-53866.988881	-85493.768512	-89134.621815	-97753.812105
-5133.927480	-5674.102089	-5803.295172	-5701.527679	-138203.272307	-123949.073130	-133458.443994	-151721.674409
-6008.417131	-5702.354694	-5908.169557	-5741.291433	-54028.413180	-85810.515083	-87518.769505	-98594.260048
-6088.436376	-6263.204666	-5780.965779	-5696.722054	-138199.405456	-123943.753415	-133454.018349	-151717.382874
-682.152889	-5501.166642	-4932.985298	-5464.308615	-53910.954763	-85553.268856	-88808.889843	-97915.459921
-3245.272129	-4734.971194	-5812.772311	-5707.450891	-138206.558014	-123954.437548	-133462.087329	-151725.273040
-2733.372478	-5573.541590	-5309.813358	-5568.445393	-53934.289984	-85652.421195	-88333.267073	-98172.259113
-6434.977822	-6477.736709	-5784.542058	-5693.749272	-138197.706723	-123940.825336	-133451.939637	-151715.639438
-5218.729999	-5656.891245	-5771.332177	-5677.432499	-54011.001171	-85753.473431	-87803.910709	-98441.977613
-4034.981613	-5166.181048	-5801.059997	-5705.975676	-138205.663944	-123952.470595	-133460.612114	-151723.976639
1435.563139	-5449.712926	-4547.127133	-5396.359312	-53860.350413	-85495.199024	-89130.442039	-97754.303843
-5081.758509	-5642.362612	-5805.172718	-5700.231278	-138202.378238	-123947.687322	-133457.102890	-151720.579174
-5975.336549	-5700.633609	-5897.083091	-5738.899796	-54021.461787	-85814.426638	-87515.237929	-98598.618638
-6096.795928	-6267.071517	-5784.832631	-5697.034979	-138200.031304	-123943.798118	-133454.286570	-151717.807557
-711.344267	-5503.446520	-4906.856109	-5467.191990	-53907.244373	-85561.851926	-88789.108549	-97930.301479
-3190.599762	-4699.051940	-5815.745093	-5707.249726	-138206.736828	-123954.169328	-133462.020273	-151725.183633
-2608.627392	-5568.825372	-5269.043776	-5562.835105	-53924.410513	-85653.136450	-88338.564436	-98170.716842
-6420.985630	-6465.979691	-5786.866639	-5691.648208	-138196.209156	-123938.768976	-133450.084442	-151713.828947
-5222.999182	-5655.997176	-5761.251540	-5677.208981	-54001.769901	-85759.396644	-87779.994342	-98455.813343
-4040.658956	-5164.325853	-5800.635314	-5702.041769	-138202.311182	-123948.581391	-133457.013483	-151720.355656
1529.976908	-5445.041412	-4478.149650	-5391.441928	-53850.180370	-85496.495425	-89123.892978	-97757.589550
-5034.439866	-5613.461806	-5805.463291	-5697.079682	-138199.673676	-123944.423967	-133454.040701	-151717.494633
-5081.758509	-5642.362612	-5805.172718	-5700.231278	-138202.378238	-123947.687322	-133457.102890	-151720.579174
-5975.336549	-5700.633609	-5897.083091	-5738.899796	-54021.461787	-85814.426638	-87515.237929	-98598.618638
-6096.795928	-6267.071517	-5784.832631	-5697.034979	-138200.031304	-123943.798118	-133454.286570	-151717.807557
-711.344267	-5503.446520	-4906.856109	-5467.191990	-53907.244373	-85561.851926	-88789.108549	-97930.301479
-3190.599762	-4699.051940	-5815.745093	-5707.249726	-138206.736828	-123954.169328	-133462.020273	-151725.183633
-2608.627392	-5568.825372	-5269.043776	-5562.835105	-53924.410513	-85653.136450	-88338.564436	-98170.716842
-6420.985630	-6465.979691	-5786.866639	-5691.648208	-138196.209156	-123938.768976	-133450.084442	-151713.828947
-5222.999182	-5655.997176	-5761.251540	-5677.208981	-54001.769901	-85759.396644	-87779.994342	-98455.813343
-4040.658956	-5164.325853	-5800.635314	-5702.041769	-138202.311182	-123948.581391	-133457.013483	-151720.355656
1529.976908	-5445.041412	-4478.149650	-5391.441928	-53850.180370	-85496.495425	-89123.892978	-97757.589550
-5034.439866	-5613.461806	-5805.463291	-5697.079682	-138199.673676	-123944.423967	-133454.040701	-151717.494633
-5925.939193	-5696.722054	-5879.827545	-5735.077648	-54010.777654	-85817.108848	-87510.052325	-98604.474795
-6103.881431	-6269.284340	-5785.592590	-5694.308066	-138197.885537	-123941.093557	-133451.671416	-151715.326514
-707.991506	-5502.395988	-4863.471373	-5467.013176	-53899.868298	-85568.021008	-88768.701407	-97944.204264
-3160.536666	-4679.471812	-5817.488529	-5706.512118	-138206.379200	-123953.409368	-133461.282666	-151724.557784
-2465.755041	-5567.596026	-5225.144950	-5561.091669	-53919.224908	-85658.322055	-88350.790840	-98174.784860
-6412.536670	-6459.117706	-5791.605209	-5693.257534	-138198.198461	-123940.400653	-133451.850230	-151715.661790
-5216.226604	-5656.690080	-5752.310843	-5678.840659	-53996.807813	-85767.689141	-87763.677569	-98471.884247
-4054.159409	-5168.148001	-5803.563393	-5702.488804	-138203.518176	-123949.162537	-133457.684035	-151721.137967
1650.698680	-5446.516627	-4406.042922	-5392.738329	-53848.995727	-85504.497350	-89128.586844	-97766.709061
-4991.256296	-5589.813660	-5811.922945	-5700.700665	-138204.076970	-123948.246115	-133458.064015	-151721.741464
-5871.780917	-5696.319723	-5867.310568	-5734.630613	-54007.424892	-85823.456743	-87515.573205	-98611.493243
-6111.704542	-6272.838267	-5788.520669	-5694.419824	-138198.869014	-123941.339426	-133452.118451	-151715.952363
-707.030381	-5502.507747	-4826.233366	-5467.728432	-53897.789585	-85575.285324	-88754.843325	-97956.654186
-3110.357000	-4647.039431	-5818.404951	-5705.305124	-138206.289793	-123952.627057	-133460.455651	-151724.021342
-3160.536666	-4679.471812	-5817.488529	-5706.512118	-138206.379200	-123953.409368	-133461.282666	-151724.557784
-2465.755041	-5567.596026	-5225.144950	-5561.091669	-53919.224908	-85658.322055	-88350.790840	-98174.784860
-6412.536670	-6459.117706	-5791.605209	-5693.257534	-138198.198461	-123940.400653	-133451.850230	-151715.661790
-5216.226604	-5656.690080	-5752.310843	-5678.840659	-53996.807813	-85767.689141	-87763.677569	-98471.884247
-4054.159409	-5168.148001	-5803.563393	-5702.488804	-138203.518176	-123949.162537	-133457.684035	-151721.137967
1650.698680	-5446.516627	-4406.042922	-5392.738329	-53848.995727	-85504.497350	-89128.586844	-97766.709061
-4991.256296	-5589.813660	-5811.922945	-5700.700665	-138204.076970	-123948.246115	-133458.064015	-151721.741464
-5871.780917	-5696.319723	-5867.310568	-5734.630613	-54007.424892	-85823.456743	-87515.573205	-98611.493243
-6111.704542	-6272.838267	-5788.520669	-5694.419824	-138198.869014	-123941.339426	-133452.118451	-151715.952363
-707.030381	-5502.507747	-4826.233366	-5467.728432	-53897.789585	-85575.285324	-88754.843325	-97956.654186
-3110.357000	-4647.039431	-5818.404951	-5705.305124	-138206.289793	-123952.627057	-133460.455651	-151724.021342
-2318.769970	-5562.075145	-5179.569743	-5554.408497	-53913.793434	-85658.702035	-88363.240762	-98170.806249
-6397.404539	-6446.466618	-5792.700445	-5691.603505	-138197.572612	-123939.104252	-133450.687939	-151714.678313
-5218.238261	-5655.483086	-5747.684031	-5677.946589	-53994.460880	-85773.366484	-87750.422984	-98481.093166
-4049.264377	-5158.447344	-5804.166890	-5701.393569	-138203.182900	-123948.290819	-133456.834669	-151720.512118
1728.393343	-5440.995746	-4361.004157	-5386.546896	-53844.905358	-85505.234957	-89128.050402	-97765.256198
-4932.247690	-5551.681584	-5808.883108	-5696.051502	-138200.098360	-123943.909877	-133453.504259	-151717.293467
-5828.016201	-5689.077757	-5855.106515	-5726.740447	-54001.501680	-85822.652080	-87515.304984	-98607.626391
-6115.526690	-6272.704157	-5787.358378	-5691.447042	-138196.857357	-123938.836031	-133449.682111	-151713.605429
-754.170210	-5499.758482	-4832.648317	-5465.269740	-53896.247315	-85579.599211	-88737.587778	-97963.516171
-3056.869275	-4610.539032	-5816.415646	-5702.399397	-138204.054618	-123949.989551	-133457.862849	-151721.696761
-2228.424219	-5553.782648	-5158.335585	-5544.931357	-53908.741940	-85656.288046	-88373.410806	-98161.642034
-6381.445394	-6433.167330	-5791.582858	-5689.167164	-138195.784473	-123936.913781	-133448.408061	-151712.711360
-5257.264406	-5654.097277	-5755.462439	-5677.030167	-53994.550287	-85779.133234	-87735.827295	-98488.804518
-4048.683232	-5151.406545	-5803.429282	-5700.186574	-138202.758217	-123947.284990	-133455.940599	-151719.908621
-4049.264377	-5158.447344	-5804.166890	-5701.393569	-138203.182900	-123948.290819	-133456.834669	-151720.512118
1728.393343	-5440.995746	-4361.004157	-5386.546896	-53844.905358	-85505.234957	-89128.050402	-97765.256198
-4932.247690	-5551.681584	-5808.883108	-5696.051502	-138200.098360	-123943.909877	-133453.504259	-151717.293467
-5828.016201	-5689.077757	-5855.106515	-5726.740447	-54001.501680	-85822.652080	-87515.304984	-98607.626391
-6115.526690	-6272.704157	-5787.358378	-5691.447042	-138196.857357	-123938.836031	-133449.682111	-151713.605429
-754.170210	-5499.758482	-4832.648317	-5465.269740	-53896.247315	-85579.599211	-88737.587778	-97963.516171
-3056.869275	-4610.539032	-5816.415646	-5702.399397	-138204.054618	-123949.989551	-133457.862849	-151721.696761
-2228.424219	-5553.782648	-5158.335585	-5544.931357	-53908.741940	-85656.288046	-88373.410806	-98161.642034
-6381.445394	-6433.167330	-5791.582858	-5689.167164	-138195.784473	-123936.913781	-133448.408061	-151712.711360
-5257.264406	-5654.097277	-5755.462439	-5677.030167	-53994.550287	-85779.133234	-87735.827295	-98488.804518
-4048.683232	-5151.406545	-5803.429282	-5700.186574	-138202.758217	-123947.284990	-133455.940599	-151719.908621
1728.527454	-5437.218301	-4379.444346	-5382.076547	-53844.368916	-85507.716001	-89129.302100	-97764.183314
-4881.106899	-5522.244337	-5809.777178	-5696.610295	-138201.305354	-123944.647484	-133454.286570	-151718.343999
-5815.789797	-5686.395548	-5855.017108	-5723.477092	-54001.434624	-85826.138953	-87519.171836	-98607.425226
-6123.707428	-6276.258084	-5784.743224	-5688.809537	-138194.845700	-123936.265580	-133447.134012	-151711.370255
-846.885246	-5497.098624	-4867.628797	-5463.258083	-53895.509707	-85583.890746	-88720.533397	-97970.154640
-3029.644850	-4596.055102	-5814.694561	-5701.058293	-138203.361714	-123948.648447	-133456.700558	-151720.757988
-2187.744044	-5549.021727	-5156.860370	-5539.455180	-53907.266725	-85657.427985	-88385.748969	-98156.501133
-6372.348234	-6426.528862	-5790.129994	-5687.691949	-138195.382142	-123935.863249	-133447.513991	-151711.906697
-5309.209860	-5654.030222	-5765.788944	-5677.633664	-53995.712578	-85786.151682	-87721.186903	-98498.795748
-4093.006741	-5178.787432	-5803.451634	-5700.655961	-138204.322839	-123948.246115	-133456.991131	-151721.182671
1720.302012	-5438.671164	-4397.549259	-5383.641170	-53848.302823	-85515.628519	-89134.800629	-97770.486506
-4854.128343	-5509.973229	-5810.961820	-5698.152566	-138203.696990	-123946.435624	-133456.342930	-151720.512118
-5800.680018	-5685.166202	-5853.519541	-5722.001877	-54002.395749	-85831.279854	-87524.849179	-98610.688580
-6147.132057	-6292.038416	-5785.547887	-5690.128289	-138197.147929	-123937.986665	-133449.168020	-151713.381912
-5815.789797	-5686.395548	-5855.017108	-5723.477092	-54001.434624	-85826.138953	-87519.171836	-98607.425226
-6123.707428	-6276.258084	-5784.743224	-5688.809537	-138194.845700	-123936.265580	-133447.134012	-151711.370255
-846.885246	-5497.098624	-4867.628797	-5463.258083	-53895.509707	-85583.890746	-88720.533397	-97970.154640
-3029.644850	-4596.055102	-5814.694561	-5701.058293	-138203.361714	-123948.648447	-133456.700558	-151720.757988
-2187.744044	-5549.021727	-5156.860370	-5539.455180	-53907.266725	-85657.427985	-88385.748969	-98156.501133
-6372.348234	-6426.528862	-5790.129994	-5687.691949	-138195.382142	-123935.863249	-133447.513991	-151711.906697
-5309.209860	-5654.030222	-5765.788944	-5677.633664	-53995.712578	-85786.151682	-87721.186903	-98498.795748
-4093.006741	-5178.787432	-5803.451634	-5700.655961	-138204.322839	-123948.246115	-133456.991131	-151721.182671
1720.302012	-5438.671164	-4397.549259	-5383.641170	-53848.302823	-85515.628519	-89134.800629	-97770.486506
-4854.128343	-5509.973229	-5810.961820	-5698.152566	-138203.696990	-123946.435624	-133456.342930	-151720.512118
-5800.680018	-5685.166202	-5853.519541	-5722.001877	-54002.395749	-85831.279854	-87524.849179	-98610.688580
-6147.132057	-6292.038416	-5785.547887	-5690.128289	-138197.147929	-123937.986665	-133449.168020	-151713.381912
-929.005555	-5500.384331	-4889.980541	-5467.482563	-53900.538850	-85594.396066	-88709.156359	-97985.040901
-3051.594264	-4613.690628	-5814.269878	-5701.482976	-138204.859281	-123949.542516	-133457.751090	-151721.741464
-2121.582880	-5546.987718	-5146.243292	-5536.415343	-53908.719588	-85661.093671	-88403.228033	-98155.137677
-6371.320053	-6426.484159	-5790.241753	-5688.876592	-138197.214985	-123937.182002	-133448.922151	-151713.426615
-5355.455620	-5656.935949	-5776.629541	-5680.964074	-54001.076996	-85795.695877	-87713.006164	-98512.139739
-4144.773381	-5209.185804	-5802.535212	-5701.237106	-138205.663944	-123948.961371	-133457.818145	-151722.099092
1716.949250	-5436.704211	-4408.076931	-5381.495402	-53850.292128	-85519.696536	-89139.718013	-97773.124012
-4831.396619	-5499.378502	-5808.369018	-5697.057330	-138203.294659	-123945.541554	-133455.314750	-151719.685104
-5789.414738	-5684.003911	-5854.279501	-5720.750179	-54005.904973	-85836.420755	-87535.578017	-98612.789644
-6169.729670	-6307.885803	-5786.374901	-5692.765795	-138200.634801	-123940.780633	-133452.029044	-151716.488804
-1026.392105	-5505.100549	-4927.419713	-5473.226961	-53909.188975	-85606.041325	-88703.009630	-97999.770701
-3064.245351	-4626.453474	-5816.862681	-5705.618048	-138209.687258	-123953.901107	-133462.087329	-151726.278868
-2087.027083	-5546.048945	-5148.746687	-5534.940128	-53913.502862	-85666.100462	-88424.015155	-98153.528351
-2121.582880	-5546.987718	-5146.243292	-5536.415343	-53908.719588	-85661.093671	-88403.228033	-98155.137677
-6371.320053	-6426.484159	-5790.241753	-5688.876592	-138197.214985	-123937.182002	-133448.922151	-151713.426615
-5355.455620	-5656.935949	-5776.629541	-5680.964074	-54001.076996	-85795.695877	-87713.006164	-98512.139739
-4144.773381	-5209.185804	-5802.535212	-5701.237106	-138205.663944	-123948.961371	-133457.818145	-151722.099092
1716.949250	-5436.704211	-4408.076931	-5381.495402	-53850.292128	-85519.696536	-89139.718013	-97773.124012
-4831.396619	-5499.378502	-5808.369018	-5697.057330	-138203.294659	-123945.541554	-133455.314750	-151719.685104
-5789.414738	-5684.003911	-5854.279501	-5720.750179	-54005.904973	-85836.420755	-87535.578017	-98612.789644
-6169.729670	-6307.885803	-5786.374901	-5692.765795	-138200.634801	-123940.780633	-133452.029044	-151716.488804
-1026.392105	-5505.100549	-4927.419713	-5473.226961	-53909.188975	-85606.041325	-88703.009630	-97999.770701
-3064.245351	-4626.453474	-5816.862681	-5705.618048	-138209.687258	-123953.901107	-133462.087329	-151726.278868
-2087.027083	-5546.048945	-5148.746687	-5534.940128	-53913.502862	-85666.100462	-88424.015155	-98153.528351
-6366.961463	-6423.936060	-5789.504145	-5689.681255	-138198.712551	-123938.210182	-133449.995035	-151714.588906
-5415.201833	-5655.907769	-5789.839421	-5681.120536	-54004.385055	-85802.066124	-87703.886652	-98520.387533
-4197.031760	-5241.148799	-5797.841346	-5698.309028	-138203.495825	-123946.234458	-133455.247695	-151719.573345
1665.875514	-5432.703249	-4452.109868	-5377.896771	-53851.521474	-85522.311690	-89141.148524	-97773.481640
-4809.804834	-5491.175412	-5807.318486	-5697.124385	-138204.233432	-123945.876830	-133455.784137	-151720.288601
-5789.146517	-5681.813441	-5856.089992	-5718.649115	-54008.162499	-85840.444069	-87544.071680	-98613.437845
-6187.387548	-6318.078198	-5783.156250	-5690.552973	-138199.316049	-123938.880734	-133450.062090	-151714.834775
-1138.486104	-5503.312409	-4967.518743	-5472.601112	-53910.507728	-85611.159874	-88688.235127	-98008.532585
-3098.465872	-4653.052050	-5813.264050	-5703.137005	-138208.055581	-123951.665932	-133459.896858	-151724.289563
-2058.416850	-5543.366735	-5153.127629	-5531.676773	-53914.754559	-85668.961486	-88440.488391	-98151.539046
-6364.078088	-6422.170272	-5789.146517	-5689.927124	-138199.852490	-123938.634865	-133450.509125	-151715.304162
-5459.078307	-5656.198341	-5797.617829	-5682.036958	-54006.329656	-85808.704592	-87694.588327	-98530.602280
-4255.995662	-5277.358625	-5795.427358	-5696.610295	-138202.758217	-123944.826298	-133453.794831	-151718.411054
1652.062136	-5430.356315	-4467.979606	-5375.460431	-53851.655585	-85525.664452	-89144.478934	-97776.365015
1665.875514	-5432.703249	-4452.109868	-5377.896771	-53851.521474	-85522.311690	-89141.148524	-97773.481640
-4809.804834	-5491.175412	-5807.318486	-5697.124385	-138204.233432	-123945.876830	-133455.784137	-151720.288601
-5789.146517	-5681.813441	-5856.089992	-5718.649115	-54008.162499	-85840.444069	-87544.071680	-98613.437845
-6187.387548	-6318.078198	-5783.156250	-5690.552973	-138199.316049	-123938.880734	-133450.062090	-151714.834775
-1138.486104	-5503.312409	-4967.518743	-5472.601112	-53910.507728	-85611.159874	-88688.235127	-98008.532585
-3098.465872	-4653.052050	-5813.264050	-5703.137005	-138208.055581	-123951.665932	-133459.896858	-151724.289563
-2058.416850	-5543.366735	-5153.127629	-5531.676773	-53914.754559	-85668.961486	-88440.488391	-98151.539046
-6364.078088	-6422.170272	-5789.146517	-5689.927124	-138199.852490	-123938.634865	-133450.509125	-151715.304162
-5459.078307	-5656.198341	-5797.617829	-5682.036958	-54006.329656	-85808.704592	-87694.588327	-98530.602280
-4255.995662	-5277.358625	-5795.427358	-5696.610295	-138202.758217	-123944.826298	-133453.794831	-151718.411054
1652.062136	-5430.356315	-4467.979606	-5375.460431	-53851.655585	-85525.664452	-89144.478934	-97776.365015
-4795.656180	-5485.229848	-5801.529384	-5691.804670	-138199.740732	-123940.870040	-133450.710291	-151715.393569
-5766.615959	-5674.727938	-5847.484570	-5711.049522	-54003.289819	-85838.812392	-87547.580903	-98609.950973
-6204.106653	-6328.382352	-5778.462384	-5686.552010	-138196.075046	-123935.036234	-133446.329349	-151711.191441
-1213.856186	-5503.871203	-4986.741243	-5473.696348	-53912.742902	-85617.910101	-88676.299295	-98019.887271
-3128.327802	-4678.398928	-5810.559489	-5701.259458	-138206.870938	-123949.833089	-133458.309884	-151722.769645
-1990.624009	-5538.561110	-5141.080039	-5525.753561	-53913.279344	-85669.006189	-88455.329949	-98146.711069
-6356.880827	-6416.492929	-5785.413776	-5686.641417	-138197.371447	-123935.595028	-133447.670454	-151712.465490
-5491.510688	-5657.248873	-5803.921020	-5683.378063	-54009.637715	-85815.700688	-87687.279306	-98540.302937
-4298.218107	-5301.923192	-5797.349608	-5699.247801	-138206.245089	-123947.664970	-133457.035834	-151721.450892
1655.750174	-5433.552615	-4476.339159	-5378.164992	-53858.562274	-85534.336929	-89153.196115	-97783.472870
-4774.958464	-5476.736185	-5804.680980	-5695.693874	-138204.166377	-123944.871002	-133454.800660	-151719.550993
-5750.992090	-5676.985464	-5849.093896	-5712.569441	-54009.347142	-85846.456688	-87561.416633	-98613.951935
-6220.468130	-6339.178245	-5780.094061	-5689.033054	-138199.248993	-123937.696092	-133449.033910	-151713.940706
-1293.629562	-5504.877031	-5010.098816	-5475.037453	-53916.609754	-85625.017956	-88665.726920	-98029.565576
-1213.856186	-5503.871203	-4986.741243	-5473.696348	-53912.742902	-85617.910101	-88676.299295	-98019.887271
-3128.327802	-4678.398928	-5810.559489	-5701.259458	-138206.870938	-123949.833089	-133458.309884	-151722.769645
-1990.624009	-5538.561110	-5141.080039	-5525.753561	-53913.279344	-85669.006189	-88455.329949	-98146.711069
-6356.880827	-6416.492929	-5785.413776	-5686.641417	-138197.371447	-123935.595028	-133447.670454	-151712.465490
-5491.510688	-5657.248873	-5803.921020	-5683.378063	-54009.637715	-85815.700688	-87687.279306	-98540.302937
-4298.218107	-5301.923192	-5797.349608	-5699.247801	-138206.245089	-123947.664970	-133457.035834	-151721.450892
1655.750174	-5433.552615	-4476.339159	-5378.164992	-53858.562274	-85534.336929	-89153.196115	-97783.472870
-4774.958464	-5476.736185	-5804.680980	-5695.693874	-138204.166377	-123944.871002	-133454.800660	-151719.550993
-5750.992090	-5676.985464	-5849.093896	-5712.569441	-54009.347142	-85846.456688	-87561.416633	-98613.951935
-6220.468130	-6339.178245	-5780.094061	-5689.033054	-138199.248993	-123937.696092	-133449.033910	-151713.940706
-1293.629562	-5504.877031	-5010.098816	-5475.037453	-53916.609754	-85625.017956	-88665.726920	-98029.565576
-3133.826331	-4681.796394	-5808.592535	-5700.387740	-138206.692124	-123949.162537	-133457.482869	-151722.143796
-1944.132381	-5537.130599	-5137.816684	-5523.116055	-53916.319181	-85672.671875	-88472.205516	-98144.185322
-6352.656347	-6413.833071	-5787.961875	-5689.994179	-138201.439464	-123939.148955	-133451.000863	-151716.198232
-5534.783666	-5660.042841	-5814.783968	-5686.194382	-54015.113892	-85824.529627	-87680.774949	-98550.629443
-4331.097523	-5319.379904	-5797.036683	-5700.074816	-138207.697953	-123948.559040	-133457.751090	-151722.546127
1636.237101	-5432.680897	-4495.382845	-5376.801536	-53861.020966	-85538.784926	-89155.900676	-97785.596286
-4743.353098	-5461.536999	-5805.843271	-5697.705531	-138206.848586	-123946.815604	-133456.857020	-151721.607354
-5739.503293	-5677.901885	-5850.256187	-5712.703551	-54012.878718	-85852.514011	-87571.363160	-98616.276516
-6237.097828	-6350.711745	-5781.859849	-5691.491746	-138202.579403	-123940.154784	-133451.894933	-151716.824081
-1384.288238	-5509.950877	-5036.652689	-5480.513630	-53922.935298	-85636.171476	-88655.020434	-98044.049507
-3138.900177	-4688.591324	-5811.453558	-5704.075778	-138210.961307	-123952.828223	-133461.237962	-151725.876537
-1888.320075	-5536.661212	-5131.267623	-5521.193805	-53918.129673	-85676.874003	-88489.528118	-98142.754810
-6346.710783	-6410.189737	-5789.191221	-5691.625856	-138203.518176	-123940.780633	-133452.721948	-151717.852261
-5573.854515	-5663.239141	-5822.495320	-5689.725958	-54018.287840	-85833.492676	-87671.521326	-98563.012309
-5534.783666	-5660.042841	-5814.783968	-5686.194382	-54015.113892	-85824.529627	-87680.774949	-98550.629443
-4331.097523	-5319.379904	-5797.036683	-5700.074816	-138207.697953	-123948.559040	-133457.751090	-151722.546127
1636.237101	-5432.680897	-4495.382845	-5376.801536	-53861.020966	-85538.784926	-89155.900676	-97785.596286
-4743.353098	-5461.536999	-5805.843271	-5697.705531	-138206.848586	-123946.815604	-133456.857020	-151721.607354
-5739.503293	-5677.901885	-5850.256187	-5712.703551	-54012.878718	-85852.514011	-87571.363160	-98616.276516
-6237.097828	-6350.711745	-5781.859849	-5691.491746	-138202.579403	-123940.154784	-133451.894933	-151716.824081
-1384.288238	-5509.950877	-5036.652689	-5480.513630	-53922.935298	-85636.171476	-88655.020434	-98044.049507
-3138.900177	-4688.591324	-5811.453558	-5704.075778	-138210.961307	-123952.828223	-133461.237962	-151725.876537
-1888.320075	-5536.661212	-5131.267623	-5521.193805	-53918.129673	-85676.874003	-88489.528118	-98142.754810
-6346.710783	-6410.189737	-5789.191221	-5691.625856	-138203.518176	-123940.780633	-133452.721948	-151717.852261
-5573.854515	-5663.239141	-5822.495320	-5689.725958	-54018.287840	-85833.492676	-87671.521326	-98563.012309
-4379.332588	-5347.230178	-5795.784986	-5699.493670	-138207.787360	-123948.067301	-133457.393462	-151722.300258
1629.084543	-5432.211510	-4497.908592	-5376.108632	-53861.825628	-85543.657606	-89157.621760	-97790.223097
-4721.783664	-5451.255196	-5805.172718	-5697.280848	-138207.049752	-123946.614438	-133456.611151	-151721.585002
-5714.938726	-5675.107917	-5843.908291	-5709.686066	-54011.314095	-85855.062110	-87577.800462	-98617.058828
-6249.950081	-6357.573731	-5778.149459	-5687.982522	-138199.606621	-123936.779670	-133448.475116	-151713.650133
-1454.785640	-5507.089854	-5044.408744	-5478.591380	-53920.789530	-85639.457183	-88637.764888	-98052.185542
-3151.439506	-4695.721530	-5805.016256	-5697.996104	-138205.552185	-123946.949714	-133455.404157	-151720.266249
-1813.575842	-5528.905157	-5110.748721	-5512.901308	-53912.832309	-85674.124738	-88500.391066	-98135.110514
-6336.317222	-6401.629019	-5785.726701	-5688.161336	-138200.791264	-123937.494926	-133449.458593	-151714.834775
-5601.995361	-5663.775583	-5826.362172	-5691.022359	-54019.964221	-85840.108793	-87661.753614	-98572.556504
-4413.575460	-5365.133925	-5794.980323	-5699.247801	-138208.189691	-123947.843784	-133457.281704	-151722.389665
1639.545159	-5431.004516	-4490.376054	-5374.722823	-53863.144381	-85547.859734	-89159.298141	-97792.748844
-4685.506783	-5432.658545	-5804.435111	-5696.967923	-138207.250918	-123946.346217	-133456.298227	-151721.495595
-5686.462603	-5673.476240	-5839.303832	-5707.383836	-54012.386979	-85858.616037	-87586.428235	-98616.231813
-5714.938726	-5675.107917	-5843.908291	-5709.686066	-54011.314095	-85855.062110	-87577.800462	-98617.058828
-6249.950081	-6357.573731	-5778.149459	-5687.982522	-138199.606621	-123936.779670	-133448.475116	-151713.650133
-1454.785640	-5507.089854	-5044.408744	-5478.591380	-53920.789530	-85639.457183	-88637.764888	-98052.185542
-3151.439506	-4695.721530	-5805.016256	-5697.996104	-138205.552185	-123946.949714	-133455.404157	-151720.266249
-1813.575842	-5528.905157	-5110.748721	-5512.901308	-53912.832309	-85674.124738	-88500.391066	-98135.110514
-6336.317222	-6401.629019	-5785.726701	-5688.161336	-138200.791264	-123937.494926	-133449.458593	-151714.834775
-5601.995361	-5663.775583	-5826.362172	-5691.022359	-54019.964221	-85840.108793	-87661.753614	-98572.556504
-4413.575460	-5365.133925	-5794.980323	-5699.247801	-138208.189691	-123947.843784	-133457.281704	-151722.389665
1639.545159	-5431.004516	-4490.376054	-5374.722823	-53863.144381	-85547.859734	-89159.298141	-97792.748844
-4685.506783	-5432.658545	-5804.435111	-5696.967923	-138207.250918	-123946.346217	-133456.298227	-151721.495595
-5686.462603	-5673.476240	-5839.303832	-5707.383836	-54012.386979	-85858.616037	-87586.428235	-98616.231813
-6263.227017	-6367.766126	-5780.608151	-5691.134118	-138203.317011	-123939.931266	-133451.582009	-151717.025246
-1521.796169	-5515.292944	-5060.032613	-5487.241505	-53931.048981	-85653.538782	-88631.238178	-98068.345853
-3128.216043	-4684.590362	-5812.839367	-5706.534470	-138214.604642	-123955.443377	-133463.964875	-151728.916374
-1740.507989	-5532.302622	-5100.690436	-5515.091779	-53920.074275	-85682.126663	-88521.446409	-98135.691659
-6326.705972	-6395.549344	-5787.961875	-5691.000008	-138204.144025	-123940.333598	-133452.297265	-151717.762854
-5635.187702	-5664.870818	-5833.402971	-5692.184650	-54023.607555	-85846.814316	-87653.416413	-98579.172621
-4430.942766	-5372.018262	-5796.410834	-5701.348865	-138211.050714	-123950.146014	-133459.539230	-151724.826005
1631.319717	-5434.692554	-4501.395464	-5377.941475	-53870.162829	-85556.733377	-89164.886077	-97798.180318
-4644.178408	-5411.111463	-5808.950163	-5701.907659	-138212.727095	-123951.397711	-133461.372073	-151726.703552
-5669.095298	-5674.482068	-5839.996736	-5707.741464	-54016.745569	-85864.405139	-87598.408770	-98616.522386
-6274.380538	-6374.806926	-5781.479869	-5692.452871	-138205.328668	-123941.361778	-133453.146631	-151718.723979
-1609.146787	-5517.125787	-5084.194849	-5489.633142	-53934.714667	-85660.892506	-88617.938890	-98077.599475
-3115.274383	-4676.096699	-5812.034704	-5706.512118	-138215.051677	-123955.443377	-133463.897820	-151729.050485
-1683.332227	-5530.000392	-5094.141375	-5511.582555	-53920.901289	-85683.981858	-88536.824410	-98130.349592
-1740.507989	-5532.302622	-5100.690436	-5515.091779	-53920.074275	-85682.126663	-88521.446409	-98135.691659
-6326.705972	-6395.549344	-5787.961875	-5691.000008	-138204.144025	-123940.333598	-133452.297265	-151717.762854
-5635.187702	-5664.870818	-5833.402971	-5692.184650	-54023.607555	-85846.814316	-87653.416413	-98579.172621
-4430.942766	-5372.018262	-5796.410834	-5701.348865	-138211.050714	-123950.146014	-133459.539230	-151724.826005
1631.319717	-5434.692554	-4501.395464	-5377.941475	-53870.162829	-85556.733377	-89164.886077	-97798.180318
-4644.178408	-5411.111463	-5808.950163	-5701.907659	-138212.727095	-123951.397711	-133461.372073	-151726.703552
-5669.095298	-5674.482068	-5839.996736	-5707.741464	-54016.745569	-85864.405139	-87598.408770	-98616.522386
-6274.380538	-6374.806926	-5781.479869	-5692.452871	-138205.328668	-123941.361778	-133453.146631	-151718.723979
-1609.146787	-5517.125787	-5084.194849	-5489.633142	-53934.714667	-85660.892506	-88617.938890	-98077.599475
-3115.274383	-4676.096699	-5812.034704	-5706.512118	-138215.051677	-123955.443377	-133463.897820	-151729.050485
-1683.332227	-5530.000392	-5094.141375	-5511.582555	-53920.901289	-85683.981858	-88536.824410	-98130.349592
-6316.960611	-6388.799118	-5788.543020	-5691.916429	-138205.507482	-123941.115909	-133453.303093	-151718.723979
-5669.743499	-5666.949530	-5840.600233	-5694.576287	-54026.848558	-85854.168040	-87645.056861	-98587.599228
-4464.135106	-5389.296161	-5795.516765	-5701.125348	-138211.385991	-123949.900144	-133459.561582	-151724.758950
1621.328488	-5434.200815	-4505.418778	-5377.203867	-53871.682748	-85561.002560	-89165.847202	-97800.303733
-4613.131835	-5395.264077	-5809.352494	-5702.712322	-138214.179959	-123952.180022	-133462.310846	-151727.597621
-5646.184760	-5675.197324	-5837.515692	-5707.920278	-54019.226613	-85869.724854	-87608.176483	-98617.662325
-6289.289151	-6384.887562	-5781.099889	-5692.564630	-138206.088627	-123941.540592	-133453.526611	-151718.902793
-1686.997913	-5518.712761	-5100.779843	-5492.091834	-53937.329821	-85668.268581	-88602.516187	-98088.507126
-3136.888520	-4691.497051	-5809.732474	-5704.746330	-138214.045848	-123953.856403	-133462.355550	-151727.619973
-1614.779426	-5526.334706	-5081.222067	-5507.201613	-53919.940164	-85684.853576	-88549.341386	-98125.722781
-6308.489300	-6382.339464	-5786.710177	-5690.284752	-138204.747522	-123939.707749	-133451.917285	-151717.561688
-5696.632647	-5666.457792	-5843.975347	-5694.777452	-54027.675572	-85859.331293	-87632.763402	-98595.087063
-4506.022275	-5412.340809	-5792.096948	-5698.331380	-138209.284927	-123947.106176	-133456.812317	-151722.188499
1613.348915	-5430.333964	-4509.755017	-5373.359367	-53869.984015	-85562.075444	-89162.270923	-97800.415492
-4613.131835	-5395.264077	-5809.352494	-5702.712322	-138214.179959	-123952.180022	-133462.310846	-151727.597621
-5646.184760	-5675.197324	-5837.515692	-5707.920278	-54019.226613	-85869.724854	-87608.176483	-98617.662325
-6289.289151	-6384.887562	-5781.099889	-5692.564630	-138206.088627	-123941.540592	-133453.526611	-151718.902793
-1686.997913	-5518.712761	-5100.779843	-5492.091834	-53937.329821	-85668.268581	-88602.516187	-98088.507126
-3136.888520	-4691.497051	-5809.732474	-5704.746330	-138214.045848	-123953.856403	-133462.355550	-151727.619973
-1614.779426	-5526.334706	-5081.222067	-5507.201613	-53919.940164	-85684.853576	-88549.341386	-98125.722781
-6308.489300	-6382.339464	-5786.710177	-5690.284752	-138204.747522	-123939.707749	-133451.917285	-151717.561688
-5696.632647	-5666.457792	-5843.975347	-5694.777452	-54027.675572	-85859.331293	-87632.763402	-98595.087063
-4506.022275	-5412.340809	-5792.096948	-5698.331380	-138209.284927	-123947.106176	-133456.812317	-151722.188499
1613.348915	-5430.333964	-4509.755017	-5373.359367	-53869.984015	-85562.075444	-89162.270923	-97800.415492
-4585.080395	-5379.349635	-5802.803433	-5696.654999	-138208.592022	-123946.234458	-133456.298227	-151721.763816
-5616.725161	-5668.871780	-5828.954974	-5701.035941	-54015.225651	-85868.093177	-87611.037506	-98612.253202
-6299.772119	-6390.944885	-5778.171811	-5690.240048	-138204.367543	-123939.238362	-133451.090270	-151716.935839
-1770.369920	-5518.176319	-5119.868233	-5492.091834	-53938.067429	-85673.230669	-88585.528861	-98096.419644
-3135.703878	-4691.519402	-5803.965724	-5699.896002	-138209.754313	-123948.939019	-133457.527573	-151722.948459
-1554.317958	-5517.796340	-5069.040366	-5497.299790	-53914.374580	-85680.651448	-88558.237381	-98114.502205
-6292.597210	-6369.822487	-5781.435166	-5685.635589	-138200.523043	-123934.946827	-133447.245770	-151713.091339
-5728.170959	-5664.312025	-5847.529274	-5692.654037	-54026.937965	-85862.460537	-87620.425239	-98598.775101
-4530.206863	-5423.896661	-5788.520669	-5695.872688	-138207.273270	-123944.535726	-133454.219515	-151719.953325
1589.298438	-5427.249423	-4521.601441	-5369.760736	-53869.626387	-85563.975342	-89159.611065	-97799.342608
-4540.622776	-5355.187399	-5799.875355	-5694.375121	-138206.960345	-123943.887525	-133453.951294	-151719.707456
-5591.333579	-5663.037975	-5821.958878	-5694.442176	-54012.163462	-85866.975590	-87616.848960	-98604.899479
-6302.320218	-6390.542554	-5771.958026	-5684.473298	-138199.427807	-123933.538667	-133445.524686	-151711.526717
-1853.205485	-5515.672924	-5133.636908	-5490.124880	-53937.329821	-85676.337561	-88566.418119	-98101.448786
-3113.285078	-4676.811955	-5803.362227	-5699.985409	-138210.424866	-123948.983723	-133457.706387	-151723.261383
-6299.772119	-6390.944885	-5778.171811	-5690.240048	-138204.367543	-123939.238362	-133451.090270	-151716.935839
-1770.369920	-5518.176319	-5119.868233	-5492.091834	-53938.067429	-85673.230669	-88585.528861	-98096.419644
-3135.703878	-4691.519402	-5803.965724	-5699.896002	-138209.754313	-123948.939019	-133457.527573	-151722.948459
-1554.317958	-5517.796340	-5069.040366	-5497.299790	-53914.374580	-85680.651448	-88558.237381	-98114.502205
-6292.597210	-6369.822487	-5781.435166	-5685.635589	-138200.523043	-123934.946827	-133447.245770	-151713.091339
-5728.170959	-5664.312025	-5847.529274	-5692.654037	-54026.937965	-85862.460537	-87620.425239	-98598.775101
-4530.206863	-5423.896661	-5788.520669	-5695.872688	-138207.273270	-123944.535726	-133454.219515	-151719.953325
1589.298438	-5427.249423	-4521.601441	-5369.760736	-53869.626387	-85563.975342	-89159.611065	-97799.342608
-4540.622776	-5355.187399	-5799.875355	-5694.375121	-138206.960345	-123943.887525	-133453.951294	-151719.707456
-5591.333579	-5663.037975	-5821.958878	-5694.442176	-54012.163462	-85866.975590	-87616.848960	-98604.899479
-6302.320218	-6390.542554	-5771.958026	-5684.473298	-138199.427807	-123933.538667	-133445.524686	-151711.526717
-1853.205485	-5515.672924	-5133.636908	-5490.124880	-53937.329821	-85676.337561	-88566.418119	-98101.448786
-3113.285078	-4676.811955	-5803.362227	-5699.985409	-138210.424866	-123948.983723	-133457.706387	-151723.261383
-1489.184974	-5515.672924	-5057.193942	-5494.304656	-53915.581574	-85682.886622	-88573.816547	-98109.316600
-6278.269741	-6359.607739	-5780.563448	-5685.166202	-138200.679505	-123934.589199	-133446.776384	-151712.689008
-5758.748145	-5664.155562	-5851.776105	-5692.810499	-54028.100256	-85867.579087	-87610.232843	-98604.653609
-4566.819020	-5441.845112	-5785.145555	-5693.346941	-138205.395723	-123942.054682	-133451.872581	-151717.718150
1574.322769	-5424.142530	-4523.635450	-5366.586788	-53868.620559	-85565.651723	-89156.303007	-97799.476719
-4505.418778	-5337.060134	-5797.439015	-5692.676388	-138205.596889	-123942.077034	-133452.230209	-151718.120482
-5561.158724	-5660.668690	-5815.745093	-5691.759967	-54012.051703	-85869.166061	-87626.437858	-98602.820766
-6313.965477	-6397.829222	-5770.281645	-5683.445118	-138198.936069	-123932.421080	-133444.585913	-151710.632647
-1929.961375	-5515.985848	-5148.143190	-5491.600095	-53938.626222	-85682.193718	-88550.816602	-98111.149444
-3131.121770	-4690.178298	-5798.869526	-5696.319723	-138207.407380	-123945.340388	-133454.085404	-151719.774511
-1422.844997	-5511.940183	-5044.498151	-5489.990770	-53914.486338	-85683.400712	-88588.054608	-98104.153348
-6270.536038	-6354.377431	-5780.563448	-5685.546182	-138201.484168	-123934.946827	-133447.156363	-151713.359560
-6278.269741	-6359.607739	-5780.563448	-5685.166202	-138200.679505	-123934.589199	-133446.776384	-151712.689008
-5758.748145	-5664.155562	-5851.776105	-5692.810499	-54028.100256	-85867.579087	-87610.232843	-98604.653609
-4566.819020	-5441.845112	-5785.145555	-5693.346941	-138205.395723	-123942.054682	-133451.872581	-151717.718150
1574.322769	-5424.142530	-4523.635450	-5366.586788	-53868.620559	-85565.651723	-89156.303007	-97799.476719
-4505.418778	-5337.060134	-5797.439015	-5692.676388	-138205.596889	-123942.077034	-133452.230209	-151718.120482
-5561.158724	-5660.668690	-5815.745093	-5691.759967	-54012.051703	-85869.166061	-87626.437858	-98602.820766
-6313.965477	-6397.829222	-5770.281645	-5683.445118	-138198.936069	-123932.421080	-133444.585913	-151710.632647
-1929.961375	-5515.985848	-5148.143190	-5491.600095	-53938.626222	-85682.193718	-88550.816602	-98111.149444
-3131.121770	-4690.178298	-5798.869526	-5696.319723	-138207.407380	-123945.340388	-133454.085404	-151719.774511
-1422.844997	-5511.940183	-5044.498151	-5489.990770	-53914.486338	-85683.400712	-88588.054608	-98104.153348
-6270.536038	-6354.377431	-5780.563448	-5685.546182	-138201.484168	-123934.946827	-133447.156363	-151713.359560
-5785.391424	-5665.720185	-5856.402916	-5695.112728	-54030.648354	-85874.374017	-87602.722657	-98613.571955
-4609.488500	-5465.180333	-5783.558581	-5692.274057	-138204.881633	-123941.026502	-133450.978512	-151716.913488
1559.525914	-5426.042429	-4531.257395	-5368.710204	-53872.465059	-85572.379598	-89158.314664	-97805.534042
-4487.805603	-5331.449846	-5800.836480	-5696.520888	-138209.843720	-123945.988589	-133456.074709	-151722.009685
-5538.874035	-5664.043804	-5815.990963	-5694.933915	-54017.729046	-85877.056226	-87640.832381	-98606.754673
-6330.394009	-6410.323848	-5774.148497	-5687.937819	-138203.898156	-123936.980836	-133449.056262	-151715.304162
-2011.165263	-5524.658325	-5170.494934	-5501.121938	-53948.617452	-85696.275317	-88543.462878	-98128.539101
-3146.119791	-4700.281286	-5804.859794	-5703.092301	-138214.626993	-123952.112967	-133460.880334	-151726.681200
-1365.222200	-5514.465930	-5039.401953	-5491.443633	-53919.806054	-85689.994477	-88606.070114	-98104.466272
-6260.835381	-6347.627204	-5781.032834	-5686.484955	-138203.026438	-123935.907952	-133448.206895	-151714.477147
-5812.928774	-5668.357690	-5862.683757	-5698.174917	-54034.738724	-85882.085369	-87595.480692	-98622.065618
-4639.372783	-5481.161831	-5786.531363	-5695.917391	-138209.396685	-123944.781595	-133454.823012	-151720.847395
1548.774725	-5429.641060	-4535.370116	-5372.085318	-53878.321216	-85580.649743	-89161.689778	-97811.680771
-4449.181789	-5310.260392	-5800.724721	-5696.766758	-138210.760142	-123946.234458	-133456.387634	-151722.523775
-4487.805603	-5331.449846	-5800.836480	-5696.520888	-138209.843720	-123945.988589	-133456.074709	-151722.009685
-5538.874035	-5664.043804	-5815.990963	-5694.933915	-54017.729046	-85877.056226	-87640.832381	-98606.754673
-6330.394009	-6410.323848	-5774.148497	-5687.937819	-138203.898156	-123936.980836	-133449.056262	-151715.304162
-2011.165263	-5524.658325	-5170.494934	-5501.121938	-53948.617452	-85696.275317	-88543.462878	-98128.539101
-3146.119791	-4700.281286	-5804.859794	-5703.092301	-138214.626993	-123952.112967	-133460.880334	-151726.681200
-1365.222200	-5514.465930	-5039.401953	-5491.443633	-53919.806054	-85689.994477	-88606.070114	-98104.466272
-6260.835381	-6347.627204	-5781.032834	-5686.484955	-138203.026438	-123935.907952	-133448.206895	-151714.477147
-5812.928774	-5668.357690	-5862.683757	-5698.174917	-54034.738724	-85882.085369	-87595.480692	-98622.065618
-4639.372783	-5481.161831	-5786.531363	-5695.917391	-138209.396685	-123944.781595	-133454.823012	-151720.847395
1548.774725	-5429.641060	-4535.370116	-5372.085318	-53878.321216	-85580.649743	-89161.689778	-97811.680771
-4449.181789	-5310.260392	-5800.724721	-5696.766758	-138210.760142	-123946.234458	-133456.387634	-151722.523775
-5509.280325	-5661.316891	-5810.268916	-5691.469394	-54017.147901	-85878.553793	-87648.029643	-98603.200746
-6339.334707	-6415.822377	-5771.846267	-5685.970865	-138202.601755	-123935.036234	-133447.245770	-151713.627781
-2092.123281	-5523.764255	-5184.084795	-5500.809014	-53948.550397	-85700.589204	-88524.016860	-98135.803418
-3140.375392	-4695.877993	-5799.763596	-5698.465490	-138210.558976	-123947.463804	-133456.231172	-151722.143796
-1289.941524	-5509.436787	-5023.107531	-5485.431014	-53917.414417	-85689.122759	-88618.810608	-98096.710217
-6248.474866	-6339.312355	-5780.831668	-5686.529659	-138203.473473	-123935.907952	-133448.050433	-151714.499499
-5838.409762	-5668.804725	-5866.371795	-5699.046636	-54036.012773	-85887.695657	-87585.176538	-98628.927604
-4680.097661	-5501.904249	-5782.016311	-5692.050539	-138205.842758	-123940.668874	-133450.665587	-151716.891136
1535.453085	-5425.237766	-4536.420648	-5367.592617	-53875.750765	-85580.873261	-89155.721862	-97810.764350
-4414.670696	-5291.328465	-5795.650875	-5692.139946	-138206.535662	-123941.428833	-133451.559657	-151717.740502
-5471.014139	-5656.600673	-5801.037645	-5686.261438	-54014.555098	-85878.330276	-87655.919809	-98597.903383
-6348.789495	-6421.745589	-5770.259293	-5684.965037	-138201.841796	-123933.739833	-133446.016424	-151712.510194
-2167.627474	-5525.306526	-5197.451138	-5503.379465	-53951.120848	-85707.562948	-88508.482398	-98146.219331
-3144.465762	-4696.749711	-5797.059035	-5696.364426	-138208.793188	-123945.139223	-133453.951294	-151720.087435
-3140.375392	-4695.877993	-5799.763596	-5698.465490	-138210.558976	-123947.463804	-133456.231172	-151722.143796
-1289.941524	-5509.436787	-5023.107531	-5485.431014	-53917.414417	-85689.122759	-88618.810608	-98096.710217
-6248.474866	-6339.312355	-5780.831668	-5686.529659	-138203.473473	-123935.907952	-133448.050433	-151714.499499
-5838.409762	-5668.804725	-5866.371795	-5699.046636	-54036.012773	-85887.695657	-87585.176538	-98628.927604
-4680.097661	-5501.904249	-5782.016311	-5692.050539	-138205.842758	-123940.668874	-133450.665587	-151716.891136
1535.453085	-5425.237766	-4536.420648	-5367.592617	-53875.750765	-85580.873261	-89155.721862	-97810.764350
-4414.670696	-5291.328465	-5795.650875	-5692.139946	-138206.535662	-123941.428833	-133451.559657	-151717.740502
-5471.014139	-5656.600673	-5801.037645	-5686.261438	-54014.555098	-85878.330276	-87655.919809	-98597.903383
-6348.789495	-6421.745589	-5770.259293	-5684.965037	-138201.841796	-123933.739833	-133446.016424	-151712.510194
-2167.627474	-5525.306526	-5197.451138	-5503.379465	-53951.120848	-85707.562948	-88508.482398	-98146.219331
-3144.465762	-4696.749711	-5797.059035	-5696.364426	-138208.793188	-123945.139223	-133453.951294	-151720.087435
-1216.717209	-5504.094720	-5005.717874	-5479.463098	-53914.799263	-85687.781654	-88630.925254	-98089.155327
-6232.515720	-6327.018896	-5776.718947	-5682.662807	-138199.874842	-123931.705824	-133444.004767	-151710.453833
-5861.812039	-5668.067118	-5869.054004	-5698.979580	-54036.705677	-85892.076599	-87574.917087	-98634.716706
-4713.245298	-5518.601003	-5782.150421	-5692.698740	-138206.937993	-123941.115909	-133451.313788	-151717.584040
1515.828254	-5428.434065	-4544.020241	-5370.900675	-53881.182239	-85588.919889	-89158.359368	-97817.715742
-4383.355902	-5276.889238	-5799.584782	-5696.431481	-138211.117770	-123945.452147	-133455.650026	-151721.942630
-5444.527321	-5658.657033	-5799.785948	-5687.759005	-54018.980744	-85884.678171	-87669.241449	-98599.691522
-6360.300643	-6430.507473	-5771.823915	-5686.864935	-138204.009915	-123935.304455	-133447.737509	-151714.275982
-2249.479562	-5529.821578	-5218.126502	-5508.699180	-53956.775839	-85717.375364	-88495.697200	-98159.630377
-3150.344271	-4703.321124	-5800.478852	-5700.432444	-138212.995316	-123948.670798	-133457.706387	-151723.775473
-1156.613369	-5507.045151	-5002.588630	-5481.318293	-53920.387199	-85694.643640	-88650.415975	-98089.803528
-6223.150340	-6321.855643	-5780.496392	-5686.619066	-138204.166377	-123935.349159	-133447.893971	-151714.320685
-5890.802251	-5671.710452	-5876.340673	-5702.801729	-54041.220729	-85900.592613	-87569.060930	-98644.573825
-4753.187865	-5540.818637	-5782.552753	-5693.592810	-138208.189691	-123941.741758	-133452.051395	-151718.411054
-4713.245298	-5518.601003	-5782.150421	-5692.698740	-138206.937993	-123941.115909	-133451.313788	-151717.584040
1515.828254	-5428.434065	-4544.020241	-5370.900675	-53881.182239	-85588.919889	-89158.359368	-97817.715742
-4383.355902	-5276.889238	-5799.584782	-5696.431481	-138211.117770	-123945.452147	-133455.650026	-151721.942630
-5444.527321	-5658.657033	-5799.785948	-5687.759005	-54018.980744	-85884.678171	-87669.241449	-98599.691522
-6360.300643	-6430.507473	-5771.823915	-5686.864935	-138204.009915	-123935.304455	-133447.737509	-151714.275982
-2249.479562	-5529.821578	-5218.126502	-5508.699180	-53956.775839	-85717.375364	-88495.697200	-98159.630377
-3150.344271	-4703.321124	-5800.478852	-5700.432444	-138212.995316	-123948.670798	-133457.706387	-151723.775473
-1156.613369	-5507.045151	-5002.588630	-5481.318293	-53920.387199	-85694.643640	-88650.415975	-98089.803528
-6223.150340	-6321.855643	-5780.496392	-5686.619066	-138204.166377	-123935.349159	-133447.893971	-151714.320685
-5890.802251	-5671.710452	-5876.340673	-5702.801729	-54041.220729	-85900.592613	-87569.060930	-98644.573825
-4753.187865	-5540.818637	-5782.552753	-5693.592810	-138208.189691	-123941.741758	-133452.051395	-151718.411054
1491.353094	-5429.305783	-4558.280654	-5371.548876	-53883.931504	-85594.440769	-89157.174725	-97822.007277
-4348.196608	-5260.460706	-5798.623657	-5695.693874	-138210.447217	-123944.267505	-133454.554791	-151720.959153
-5408.920992	-5654.209036	-5791.426395	-5682.618103	-54016.589107	-85884.275840	-87677.511594	-98594.349455
-6364.011033	-6431.714467	-5767.934712	-5683.154545	-138200.701857	-123931.415252	-133443.937712	-151710.565592
-2325.095513	-5528.636936	-5228.408304	-5508.207441	-53956.351156	-85721.309271	-88478.061673	-98166.604122
-3138.430791	-4694.805109	-5797.729587	-5698.107862	-138211.006011	-123946.256810	-133455.314750	-151721.495595
-1085.311304	-5505.189956	-4987.769423	-5478.211400	-53920.789530	-85696.610593	-88665.525754	-98085.310827
-6210.163976	-6314.032532	-5782.865677	-5688.988351	-138206.982697	-123937.651388	-133450.151497	-151716.712322
-5911.365856	-5675.152621	-5881.369815	-5706.445063	-54045.288747	-85908.907462	-87564.277657	-98653.425116
-4772.700938	-5549.066430	-5782.284532	-5693.682217	-138208.524967	-123941.652351	-133452.051395	-151718.366351
1485.698102	-5427.718810	-4544.310813	-5369.917198	-53883.506821	-85597.122979	-89154.537219	-97823.191920
-4301.995552	-5233.616261	-5797.930753	-5695.045673	-138210.111941	-123943.529897	-133453.861887	-151720.176842
-5369.894847	-5653.225559	-5784.519706	-5680.964074	-54016.969087	-85887.338029	-87687.659286	-98592.337798
-6371.029481	-6436.765961	-5768.269988	-5683.333359	-138201.394761	-123931.392900	-133444.071823	-151710.699703
-5408.920992	-5654.209036	-5791.426395	-5682.618103	-54016.589107	-85884.275840	-87677.511594	-98594.349455
-6364.011033	-6431.714467	-5767.934712	-5683.154545	-138200.701857	-123931.415252	-133443.937712	-151710.565592
-2325.095513	-5528.636936	-5228.408304	-5508.207441	-53956.351156	-85721.309271	-88478.061673	-98166.604122
-3138.430791	-4694.805109	-5797.729587	-5698.107862	-138211.006011	-123946.256810	-133455.314750	-151721.495595
-1085.311304	-5505.189956	-4987.769423	-5478.211400	-53920.789530	-85696.610593	-88665.525754	-98085.310827
-6210.163976	-6314.032532	-5782.865677	-5688.988351	-138206.982697	-123937.651388	-133450.151497	-151716.712322
-5911.365856	-5675.152621	-5881.369815	-5706.445063	-54045.288747	-85908.907462	-87564.277657	-98653.425116
-4772.700938	-5549.066430	-5782.284532	-5693.682217	-138208.524967	-123941.652351	-133452.051395	-151718.366351
1485.698102	-5427.718810	-4544.310813	-5369.917198	-53883.506821	-85597.122979	-89154.537219	-97823.191920
-4301.995552	-5233.616261	-5797.930753	-5695.045673	-138210.111941	-123943.529897	-133453.861887	-151720.176842
-5369.894847	-5653.225559	-5784.519706	-5680.964074	-54016.969087	-85887.338029	-87687.659286	-98592.337798
-6371.029481	-6436.765961	-5768.269988	-5683.333359	-138201.394761	-123931.392900	-133444.071823	-151710.699703
-2384.819375	-5531.922642	-5236.700801	-5512.029590	-53959.547455	-85729.557065	-88463.667150	-98177.779994
-3125.869110	-4687.183164	-5798.355436	-5698.621952	-138212.078895	-123946.614438	-133455.806488	-151722.076741
-1000.419378	-5501.591325	-4966.848191	-5473.718700	-53918.911984	-85696.811759	-88677.796862	-98078.985283
-6192.394339	-6301.247335	-5781.234000	-5687.066100	-138205.216909	-123935.483269	-133447.916323	-151714.588906
-5929.046086	-5676.359615	-5884.074376	-5708.054389	-54046.674555	-85914.853026	-87554.800517	-98660.242398
-4805.110968	-5566.299625	-5783.223305	-5694.576287	-138209.799017	-123942.233496	-133452.744300	-151719.193365
1476.310370	-5429.328135	-4547.238892	-5371.660634	-53886.166678	-85603.247357	-89152.614969	-97828.154007
-4264.735194	-5214.661981	-5799.607134	-5696.453833	-138211.877729	-123944.736891	-133455.046529	-151721.562650
-5332.008640	-5653.739650	-5780.339930	-5680.829964	-54019.047799	-85892.121302	-87698.902213	-98591.756653
-6383.591161	-6446.176046	-5771.309825	-5686.216734	-138204.501653	-123934.119813	-133446.821087	-151713.583078
-2475.545105	-5537.264709	-5260.125430	-5518.533947	-53965.358909	-85740.263550	-88447.395080	-98192.442738
-3134.586291	-4694.291019	-5799.830651	-5700.343037	-138213.889386	-123948.000246	-133457.169945	-151723.574307
-927.820912	-5500.607848	-4957.505161	-5472.109374	-53920.342495	-85699.829245	-88691.654943	-98075.476059
-1000.419378	-5501.591325	-4966.848191	-5473.718700	-53918.911984	-85696.811759	-88677.796862	-98078.985283
-6192.394339	-6301.247335	-5781.234000	-5687.066100	-138205.216909	-123935.483269	-133447.916323	-151714.588906
-5929.046086	-5676.359615	-5884.074376	-5708.054389	-54046.674555	-85914.853026	-87554.800517	-98660.242398
-4805.110968	-5566.299625	-5783.223305	-5694.576287	-138209.799017	-123942.233496	-133452.744300	-151719.193365
1476.310370	-5429.328135	-4547.238892	-5371.660634	-53886.166678	-85603.247357	-89152.614969	-97828.154007
-4264.735194	-5214.661981	-5799.607134	-5696.453833	-138211.877729	-123944.736891	-133455.046529	-151721.562650
-5332.008640	-5653.739650	-5780.339930	-5680.829964	-54019.047799	-85892.121302	-87698.902213	-98591.756653
-6383.591161	-6446.176046	-5771.309825	-5686.216734	-138204.501653	-123934.119813	-133446.821087	-151713.583078
-2475.545105	-5537.264709	-5260.125430	-5518.533947	-53965.358909	-85740.263550	-88447.395080	-98192.442738
-3134.586291	-4694.291019	-5799.830651	-5700.343037	-138213.889386	-123948.000246	-133457.169945	-151723.574307
-927.820912	-5500.607848	-4957.505161	-5472.109374	-53920.342495	-85699.829245	-88691.654943	-98075.476059
-6176.390490	-6290.764366	-5781.837497	-5687.446080	-138205.932165	-123935.550324	-133448.229247	-151714.991238
-5951.219016	-5677.052519	-5887.717710	-5708.993162	-54047.948605	-85920.150390	-87544.295197	-98666.053851
-4839.040916	-5583.555172	-5782.061014	-5693.525755	-138209.150816	-123941.026502	-133451.693768	-151718.187537
1451.052898	-5429.305783	-4555.754907	-5371.414765	-53887.507783	-85607.605947	-89147.384661	-97831.238548
-4223.987964	-5193.517231	-5799.428320	-5696.297371	-138211.944784	-123944.423967	-133454.733605	-151721.205022
-5291.775500	-5651.929158	-5773.410889	-5678.393624	-54019.025447	-85894.065904	-87708.759333	-98587.666284
-6388.888525	-6449.662918	-5771.131011	-5686.060272	-138204.635764	-123933.762185	-133446.530515	-151713.314857
-2548.277682	-5539.812808	-5271.390709	-5521.685543	-53968.197580	-85747.572571	-88430.430106	-98202.299857
-3119.744732	-4683.316312	-5800.054169	-5700.700665	-138214.694049	-123948.246115	-133457.460518	-151723.954287
-849.276882	-5498.909116	-4940.920167	-5469.203647	-53920.588365	-85701.729143	-88705.781246	-98070.066937
-6159.738440	-6280.080233	-5783.893857	-5689.122461	-138208.033229	-123937.182002	-133449.726814	-151716.667618
-5970.329758	-5680.002949	-5892.411577	-5712.345923	-54051.658994	-85927.906445	-87538.774316	-98673.653444
-4869.908675	-5599.179041	-5783.826802	-5695.246839	-138211.341287	-123942.725234	-133453.392500	-151719.998028
1438.915901	-5431.026868	-4554.525561	-5373.292312	-53890.368806	-85613.864435	-89146.110612	-97835.932414
-4839.040916	-5583.555172	-5782.061014	-5693.525755	-138209.150816	-123941.026502	-133451.693768	-151718.187537
1451.052898	-5429.305783	-4555.754907	-5371.414765	-53887.507783	-85607.605947	-89147.384661	-97831.238548
-4223.987964	-5193.517231	-5799.428320	-5696.297371	-138211.944784	-123944.423967	-133454.733605	-151721.205022
-5291.775500	-5651.929158	-5773.410889	-5678.393624	-54019.025447	-85894.065904	-87708.759333	-98587.666284
-6388.888525	-6449.662918	-5771.131011	-5686.060272	-138204.635764	-123933.762185	-133446.530515	-151713.314857
-2548.277682	-5539.812808	-5271.390709	-5521.685543	-53968.197580	-85747.572571	-88430.430106	-98202.299857
-3119.744732	-4683.316312	-5800.054169	-5700.700665	-138214.694049	-123948.246115	-133457.460518	-151723.954287
-849.276882	-5498.909116	-4940.920167	-5469.203647	-53920.588365	-85701.729143	-88705.781246	-98070.066937
-6159.738440	-6280.080233	-5783.893857	-5689.122461	-138208.033229	-123937.182002	-133449.726814	-151716.667618
-5970.329758	-5680.002949	-5892.411577	-5712.345923	-54051.658994	-85927.906445	-87538.774316	-98673.653444
-4869.908675	-5599.179041	-5783.826802	-5695.246839	-138211.341287	-123942.725234	-133453.392500	-151719.998028
1438.915901	-5431.026868	-4554.525561	-5373.292312	-53890.368806	-85613.864435	-89146.110612	-97835.932414
-4179.396233	-5169.064423	-5798.713064	-5695.448005	-138211.520101	-123943.351083	-133453.727776	-151720.333304
-5245.552092	-5649.515170	-5764.693709	-5675.331435	-54018.243136	-85895.563471	-87720.449295	-98583.106528
-6397.315132	-6455.831999	-5772.963854	-5687.624894	-138206.669772	-123935.080938	-133447.916323	-151714.834775
-2622.641936	-5544.126695	-5288.646256	-5526.938203	-53972.891447	-85756.960303	-88417.063763	-98214.794483
-3129.959480	-4690.223001	-5800.389445	-5700.946534	-138215.319898	-123948.313170	-133457.639332	-151724.110749
-774.577352	-5496.830403	-4928.090266	-5466.275569	-53920.655420	-85703.360820	-88720.756915	-98065.440126
-6142.482894	-6268.099698	-5783.066843	-5688.004874	-138207.183863	-123935.818545	-133448.408061	-151715.371217
-5985.171316	-5679.310045	-5893.059777	-5711.898889	-54051.413125	-85931.683890	-87531.197075	-98677.900276
-4908.644248	-5620.815530	-5782.664512	-5694.218659	-138210.626031	-123941.227667	-133452.006692	-151718.701627
1413.792540	-5432.435028	-4563.756831	-5374.745175	-53893.229829	-85619.564130	-89143.942492	-97841.274481
-4152.261216	-5158.603806	-5800.501204	-5697.057330	-138213.285889	-123944.669836	-133455.046529	-151721.853223
-5205.475414	-5648.710507	-5758.390517	-5673.587999	-54019.114854	-85898.446846	-87733.167438	-98580.625484
-6403.908897	-6460.324700	-5772.628578	-5687.066100	-138206.423903	-123934.320978	-133447.223419	-151714.231278
-6397.315132	-6455.831999	-5772.963854	-5687.624894	-138206.669772	-123935.080938	-133447.916323	-151714.834775
-2622.641936	-5544.126695	-5288.646256	-5526.938203	-53972.891447	-85756.960303	-88417.063763	-98214.794483
-3129.959480	-4690.223001	-5800.389445	-5700.946534	-138215.319898	-123948.313170	-133457.639332	-151724.110749
-774.577352	-5496.830403	-4928.090266	-5466.275569	-53920.655420	-85703.360820	-88720.756915	-98065.440126
-6142.482894	-6268.099698	-5783.066843	-5688.004874	-138207.183863	-123935.818545	-133448.408061	-151715.371217
-5985.171316	-5679.310045	-5893.059777	-5711.898889	-54051.413125	-85931.683890	-87531.197075	-98677.900276
-4908.644248	-5620.815530	-5782.664512	-5694.218659	-138210.626031	-123941.227667	-133452.006692	-151718.701627
1413.792540	-5432.435028	-4563.756831	-5374.745175	-53893.229829	-85619.564130	-89143.942492	-97841.274481
-4152.261216	-5158.603806	-5800.501204	-5697.057330	-138213.285889	-123944.669836	-133455.046529	-151721.853223
-5205.475414	-5648.710507	-5758.390517	-5673.587999	-54019.114854	-85898.446846	-87733.167438	-98580.625484
-6403.908897	-6460.324700	-5772.628578	-5687.066100	-138206.423903	-123934.320978	-133447.223419	-151714.231278
-2704.114044	-5546.898311	-5306.862927	-5530.201558	-53975.975987	-85764.470490	-88401.797521	-98225.813893
-3145.426887	-4703.142310	-5800.143576	-5700.901830	-138215.565767	-123947.955543	-133457.281704	-151724.021342
-712.506558	-5495.511651	-4921.317687	-5463.749822	-53921.415379	-85705.528939	-88734.860865	-98061.394460
-6128.200129	-6259.404869	-5784.698520	-5689.323627	-138208.860243	-123937.003188	-133449.637407	-151716.667618
-6007.299543	-5683.579228	-5899.564135	-5716.056313	-54056.218750	-85940.311663	-87527.754906	-98686.997436
-4947.804504	-5643.614309	-5785.302017	-5696.900868	-138213.755275	-123943.798118	-133454.577143	-151721.517947
1379.504964	-5435.005478	-4577.927837	-5376.913294	-53896.917867	-85626.269654	-89142.556684	-97847.398859
-4123.203948	-5145.528036	-5800.657666	-5697.124385	-138213.732924	-123944.602781	-133454.957122	-151721.808520
-5169.243237	-5647.972899	-5753.182561	-5671.889266	-54019.807758	-85901.419628	-87745.773822	-98578.300903
-6411.575545	-6465.845581	-5772.852096	-5687.043749	-138206.870938	-123934.119813	-133447.022253	-151714.208926
-2780.177031	-5548.105305	-5322.307983	-5532.146160	-53977.250037	-85770.617219	-88385.301934	-98235.425143
-3162.436564	-4714.027609	-5797.997808	-5698.800766	-138214.001145	-123945.921534	-133455.247695	-151721.920278
-648.848790	-5492.829441	-4912.175824	-5460.195894	-53920.364847	-85706.646527	-88748.204857	-98056.812353
-6113.716199	-6250.039488	-5783.983264	-5688.608371	-138208.435560	-123936.176173	-133448.765689	-151715.862956
-6128.200129	-6259.404869	-5784.698520	-5689.323627	-138208.860243	-123937.003188	-133449.637407	-151716.667618
-6007.299543	-5683.579228	-5899.564135	-5716.056313	-54056.218750	-85940.311663	-87527.754906	-98686.997436
-4947.804504	-5643.614309	-5785.302017	-5696.900868	-138213.755275	-123943.798118	-133454.577143	-151721.517947
1379.504964	-5435.005478	-4577.927837	-5376.913294	-53896.917867	-85626.269654	-89142.556684	-97847.398859
-4123.203948	-5145.528036	-5800.657666	-5697.124385	-138213.732924	-123944.602781	-133454.957122	-151721.808520
-5169.243237	-5647.972899	-5753.182561	-5671.889266	-54019.807758	-85901.419628	-87745.773822	-98578.300903
-6411.575545	-6465.845581	-5772.852096	-5687.043749	-138206.870938	-123934.119813	-133447.022253	-151714.208926
-2780.177031	-5548.105305	-5322.307983	-5532.146160	-53977.250037	-85770.617219	-88385.301934	-98235.425143
-3162.436564	-4714.027609	-5797.997808	-5698.800766	-138214.001145	-123945.921534	-133455.247695	-151721.920278
-648.848790	-5492.829441	-4912.175824	-5460.195894	-53920.364847	-85706.646527	-88748.204857	-98056.812353
-6113.716199	-6250.039488	-5783.983264	-5688.608371	-138208.435560	-123936.176173	-133448.765689	-151715.862956
-6022.878709	-5683.892153	-5901.553440	-5716.816272	-54056.710488	-85945.251399	-87521.407011	-98692.540669
-4986.853002	-5664.133211	-5782.306884	-5694.084548	-138211.274232	-123940.914743	-133451.760823	-151718.701627
1351.073545	-5433.284394	-4582.711110	-5375.460431	-53896.046149	-85629.130677	-89138.041632	-97849.991661
-4102.394474	-5137.839036	-5799.495375	-5695.895040	-138212.749447	-123943.105214	-133453.504259	-151720.489767
-5129.188911	-5646.229463	-5745.627671	-5669.676443	-54019.584241	-85903.654802	-87757.843764	-98575.529286
-6419.979801	-6472.439345	-5773.030910	-5687.289618	-138207.228566	-123934.052758	-133447.066956	-151714.320685
-2851.993186	-5553.156799	-5338.982384	-5538.203482	-53982.681511	-85780.653153	-88373.813137	-98249.283224
-3191.896163	-4735.641746	-5800.791776	-5701.907659	-138217.085685	-123948.447281	-133457.929904	-151724.736598
-587.135623	-5493.567049	-4904.755045	-5460.330005	-53923.337629	-85711.116876	-88764.141651	-98056.052393
-6100.193393	-6241.009383	-5784.072671	-5688.563667	-138208.413209	-123935.527973	-133448.229247	-151715.393569
-6036.446218	-5683.199249	-5902.380455	-5716.503348	-54057.112820	-85949.073547	-87515.081467	-98697.145128
-5026.929680	-5685.389720	-5779.267046	-5691.111766	-138208.547319	-123937.316112	-133448.385709	-151715.527679
1314.148464	-5431.160978	-4596.837413	-5373.649940	-53895.733225	-85631.276444	-89132.051364	-97852.405650
-4082.769642	-5129.993573	-5796.366131	-5692.788147	-138209.799017	-123939.573638	-133450.062090	-151717.047598
-5129.188911	-5646.229463	-5745.627671	-5669.676443	-54019.584241	-85903.654802	-87757.843764	-98575.529286
-6419.979801	-6472.439345	-5773.030910	-5687.289618	-138207.228566	-123934.052758	-133447.066956	-151714.320685
-2851.993186	-5553.156799	-5338.982384	-5538.203482	-53982.681511	-85780.653153	-88373.813137	-98249.283224
-3191.896163	-4735.641746	-5800.791776	-5701.907659	-138217.085685	-123948.447281	-133457.929904	-151724.736598
-587.135623	-5493.567049	-4904.755045	-5460.330005	-53923.337629	-85711.116876	-88764.141651	-98056.052393
-6100.193393	-6241.009383	-5784.072671	-5688.563667	-138208.413209	-123935.527973	-133448.229247	-151715.393569
-6036.446218	-5683.199249	-5902.380455	-5716.503348	-54057.112820	-85949.073547	-87515.081467	-98697.145128
-5026.929680	-5685.389720	-5779.267046	-5691.111766	-138208.547319	-123937.316112	-133448.385709	-151715.527679
1314.148464	-5431.160978	-4596.837413	-5373.649940	-53895.733225	-85631.276444	-89132.051364	-97852.405650
-4082.769642	-5129.993573	-5796.366131	-5692.788147	-138209.799017	-123939.573638	-133450.062090	-151717.047598
-5090.051006	-5641.669707	-5737.111656	-5664.624949	-54017.729046	-85902.939546	-87767.678531	-98569.941350
-6422.550252	-6472.774622	-5768.649968	-5682.752214	-138203.160549	-123929.157725	-133442.306035	-151709.693874
-2930.537216	-5550.094610	-5355.254454	-5535.811846	-53980.960426	-85782.396589	-88354.165954	-98254.669995
-3215.141978	-4747.890502	-5794.577991	-5695.760929	-138211.341287	-123941.965275	-133451.582009	-151718.567517
-536.307756	-5487.241505	-4902.184594	-5452.819819	-53920.118978	-85708.389963	-88773.417625	-98047.670489
-6083.384881	-6229.073552	-5781.435166	-5685.590885	-138205.909813	-123932.421080	-133445.122355	-151712.510194
-6054.372317	-5683.467470	-5905.822623	-5716.883328	-54059.079773	-85953.946227	-87509.135903	-98702.107215
-5062.223084	-5704.075778	-5779.021177	-5691.089414	-138208.904947	-123937.070243	-133448.184544	-151715.460624
1268.573257	-5432.747952	-4616.641059	-5375.147507	-53899.555373	-85637.311415	-89130.263225	-97857.792420
-4054.740555	-5117.767169	-5796.969628	-5693.637513	-138210.916604	-123940.154784	-133450.665587	-151717.852261
-5058.222122	-5640.708582	-5733.088342	-5662.792106	-54019.293668	-85905.800570	-87780.396674	-98567.013272
-6428.406409	-6477.021453	-5768.471154	-5682.573400	-138203.272307	-123928.688339	-133441.948407	-151709.559764
-3010.645868	-5551.972157	-5372.889980	-5538.494055	-53983.933208	-85789.303278	-88339.078526	-98264.348300
-3220.551100	-4749.969214	-5793.683922	-5695.246839	-138211.140121	-123941.093557	-133450.777346	-151717.919316
-483.267067	-5484.089909	-4897.088396	-5448.863560	-53919.627240	-85709.082867	-88786.202822	-98042.127257
-536.307756	-5487.241505	-4902.184594	-5452.819819	-53920.118978	-85708.389963	-88773.417625	-98047.670489
-6083.384881	-6229.073552	-5781.435166	-5685.590885	-138205.909813	-123932.421080	-133445.122355	-151712.510194
-6054.372317	-5683.467470	-5905.822623	-5716.883328	-54059.079773	-85953.946227	-87509.135903	-98702.107215
-5062.223084	-5704.075778	-5779.021177	-5691.089414	-138208.904947	-123937.070243	-133448.184544	-151715.460624
1268.573257	-5432.747952	-4616.641059	-5375.147507	-53899.555373	-85637.311415	-89130.263225	-97857.792420
-4054.740555	-5117.767169	-5796.969628	-5693.637513	-138210.916604	-123940.154784	-133450.665587	-151717.852261
-5058.222122	-5640.708582	-5733.088342	-5662.792106	-54019.293668	-85905.800570	-87780.396674	-98567.013272
-6428.406409	-6477.021453	-5768.471154	-5682.573400	-138203.272307	-123928.688339	-133441.948407	-151709.559764
-3010.645868	-5551.972157	-5372.889980	-5538.494055	-53983.933208	-85789.303278	-88339.078526	-98264.348300
-3220.551100	-4749.969214	-5793.683922	-5695.246839	-138211.140121	-123941.093557	-133450.777346	-151717.919316
-483.267067	-5484.089909	-4897.088396	-5448.863560	-53919.627240	-85709.082867	-88786.202822	-98042.127257
-6063.849457	-6215.237822	-5778.730604	-5683.087490	-138203.629935	-123929.582409	-133442.306035	-151709.872688
-6067.649253	-5681.098185	-5905.777920	-5714.625801	-54057.872779	-85956.069643	-87500.865758	-98704.051817
-5096.398902	-5720.861938	-5775.444898	-5687.759005	-138205.932165	-123933.561019	-133444.742375	-151712.040807
1228.451875	-5432.323269	-4626.297012	-5374.700472	-53900.494146	-85641.334729	-89125.323489	-97861.636920
-4031.204168	-5107.127739	-5796.835518	-5693.458699	-138211.095418	-123939.841859	-133450.218552	-151717.673447
-5018.883052	-5639.747457	-5726.561633	-5661.160429	-54020.165386	-85908.683945	-87793.785369	-98564.465173
-6436.587147	-6483.212886	-5769.164058	-5683.243952	-138204.255784	-123929.224781	-133442.328387	-151710.230316
-3088.921677	-5555.347270	-5387.798594	-5542.919700	-53987.688302	-85797.685182	-88324.661651	-98276.798222
-3252.000004	-4770.957502	-5792.991017	-5694.777452	-138210.916604	-123940.400653	-133450.062090	-151717.449929
-420.033982	-5482.771156	-4887.588905	-5447.075420	-53920.409551	-85711.608614	-88800.105608	-98039.601510
-6050.863093	-6207.571174	-5779.490564	-5683.758042	-138204.434598	-123929.962388	-133442.618959	-151710.453833
-6083.474288	-5684.652112	-5910.449435	-5718.827929	-54062.253721	-85964.362140	-87499.211728	-98713.193680
-5141.661184	-5747.035831	-5778.149459	-5690.620028	-138209.150816	-123936.153821	-133447.335177	-151715.058293
1191.839718	-5436.167769	-4638.545768	-5379.461393	-53905.858565	-85649.850744	-89125.099972	-97870.778784
-5096.398902	-5720.861938	-5775.444898	-5687.759005	-138205.932165	-123933.561019	-133444.742375	-151712.040807
1228.451875	-5432.323269	-4626.297012	-5374.700472	-53900.494146	-85641.334729	-89125.323489	-97861.636920
-4031.204168	-5107.127739	-5796.835518	-5693.458699	-138211.095418	-123939.841859	-133450.218552	-151717.673447
-5018.883052	-5639.747457	-5726.561633	-5661.160429	-54020.165386	-85908.683945	-87793.785369	-98564.465173
-6436.587147	-6483.212886	-5769.164058	-5683.243952	-138204.255784	-123929.224781	-133442.328387	-151710.230316
-3088.921677	-5555.347270	-5387.798594	-5542.919700	-53987.688302	-85797.685182	-88324.661651	-98276.798222
-3252.000004	-4770.957502	-5792.991017	-5694.777452	-138210.916604	-123940.400653	-133450.062090	-151717.449929
-420.033982	-5482.771156	-4887.588905	-5447.075420	-53920.409551	-85711.608614	-88800.105608	-98039.601510
-6050.863093	-6207.571174	-5779.490564	-5683.758042	-138204.434598	-123929.962388	-133442.618959	-151710.453833
-6083.474288	-5684.652112	-5910.449435	-5718.827929	-54062.253721	-85964.362140	-87499.211728	-98713.193680
-5141.661184	-5747.035831	-5778.149459	-5690.620028	-138209.150816	-123936.153821	-133447.335177	-151715.058293
1191.839718	-5436.167769	-4638.545768	-5379.461393	-53905.858565	-85649.850744	-89125.099972	-97870.778784
-4017.815473	-5104.222012	-5797.595477	-5694.397473	-138212.145950	-123940.378301	-133450.844401	-151718.388703
-4975.006577	-5636.037068	-5717.486825	-5657.070059	-54018.801930	-85908.907462	-87805.318869	-98560.084231
-6437.950604	-6483.168183	-5763.576122	-5677.857182	-138199.092531	-123923.413327	-133436.785154	-151704.552973
-3162.347157	-5554.184980	-5400.673199	-5542.897349	-53987.576543	-85801.552034	-88307.339049	-98284.643684
-3275.089356	-4783.496831	-5790.800547	-5693.101071	-138209.374334	-123938.344292	-133447.961026	-151715.482976
-371.083661	-5481.497107	-4885.040806	-5445.421391	-53921.996525	-85714.246120	-88814.298965	-98037.075762
-6037.452047	-6199.211621	-5780.764613	-5685.143850	-138205.909813	-123930.945865	-133443.647140	-151711.482014
-6098.919344	-5685.680292	-5913.936307	-5720.057275	-54064.935930	-85970.039483	-87495.657801	-98719.139244
-5175.009987	-5764.313729	-5776.070747	-5689.010702	-138207.653249	-123934.075109	-133445.390576	-151713.068987
1144.543427	-5436.793618	-4656.337757	-5381.070719	-53908.764292	-85655.215163	-89121.590748	-97876.411423
-3995.709598	-5095.549535	-5797.617829	-5694.531583	-138212.391819	-123940.020673	-133450.620884	-151718.276944
-4943.557673	-5636.886434	-5714.826967	-5657.360632	-54022.266450	-85913.824846	-87820.696869	-98559.525437
-6450.065249	-6493.986427	-5769.834610	-5684.294484	-138205.708647	-123929.448298	-133442.842477	-151710.811461
-6437.950604	-6483.168183	-5763.576122	-5677.857182	-138199.092531	-123923.413327	-133436.785154	-151704.552973
-3162.347157	-5554.184980	-5400.673199	-5542.897349	-53987.576543	-85801.552034	-88307.339049	-98284.643684
-3275.089356	-4783.496831	-5790.800547	-5693.101071	-138209.374334	-123938.344292	-133447.961026	-151715.482976
-371.083661	-5481.497107	-4885.040806	-5445.421391	-53921.996525	-85714.246120	-88814.298965	-98037.075762
-6037.452047	-6199.211621	-5780.764613	-5685.143850	-138205.909813	-123930.945865	-133443.647140	-151711.482014
-6098.919344	-5685.680292	-5913.936307	-5720.057275	-54064.935930	-85970.039483	-87495.657801	-98719.139244
-5175.009987	-5764.313729	-5776.070747	-5689.010702	-138207.653249	-123934.075109	-133445.390576	-151713.068987
1144.543427	-5436.793618	-4656.337757	-5381.070719	-53908.764292	-85655.215163	-89121.590748	-97876.411423
-3995.709598	-5095.549535	-5797.617829	-5694.531583	-138212.391819	-123940.020673	-133450.620884	-151718.276944
-4943.557673	-5636.886434	-5714.826967	-5657.360632	-54022.266450	-85913.824846	-87820.696869	-98559.525437
-6450.065249	-6493.986427	-5769.834610	-5684.294484	-138205.708647	-123929.448298	-133442.842477	-151710.811461
-3245.339184	-5564.131506	-5426.087132	-5553.849704	-53998.663008	-85816.706516	-88300.857043	-98303.285039
-3305.286563	-4806.183852	-5795.382654	-5698.107862	-138214.604642	-123942.948752	-133452.677244	-151720.333304
-321.507492	-5482.011197	-4885.532544	-5445.846074	-53925.081065	-85718.828227	-88829.095820	-98036.494617
-6022.699895	-6190.382682	-5781.658683	-5686.149679	-138207.161511	-123931.616417	-133444.384747	-151712.331380
-6114.073827	-5689.167164	-5918.943097	-5723.901775	-54069.585093	-85978.197870	-87494.584917	-98727.521149
-5213.969077	-5786.620770	-5778.127107	-5691.379987	-138210.313107	-123936.019711	-133447.469288	-151715.371217
1104.891432	-5438.045316	-4665.926655	-5382.568286	-53911.357094	-85661.026616	-89117.410972	-97882.625208
-3976.867077	-5087.346445	-5796.299076	-5693.749272	-138211.654211	-123938.813679	-133449.257427	-151717.047598
-4897.580135	-5633.019582	-5704.992200	-5652.756173	-54020.388904	-85913.869549	-87831.269244	-98554.473943
-6451.495761	-6494.075834	-5765.632482	-5680.405281	-138201.953554	-123925.179115	-133438.461535	-151706.631685
-3310.650982	-5562.700994	-5435.027830	-5553.223855	-53997.746587	-85820.349851	-88282.036875	-98310.772873
-3323.950270	-4815.906860	-5790.420567	-5693.637513	-138210.067238	-123937.986665	-133447.692805	-151715.371217
-256.620378	-5477.116165	-4873.104974	-5440.168731	-53922.555318	-85717.822399	-88838.997643	-98030.549053
-6004.438520	-6178.178630	-5780.027006	-5684.696816	-138205.552185	-123929.604760	-133442.417794	-151710.409130
-6022.699895	-6190.382682	-5781.658683	-5686.149679	-138207.161511	-123931.616417	-133444.384747	-151712.331380
-6114.073827	-5689.167164	-5918.943097	-5723.901775	-54069.585093	-85978.197870	-87494.584917	-98727.521149
-5213.969077	-5786.620770	-5778.127107	-5691.379987	-138210.313107	-123936.019711	-133447.469288	-151715.371217
1104.891432	-5438.045316	-4665.926655	-5382.568286	-53911.357094	-85661.026616	-89117.410972	-97882.625208
-3976.867077	-5087.346445	-5796.299076	-5693.749272	-138211.654211	-123938.813679	-133449.257427	-151717.047598
-4897.580135	-5633.019582	-5704.992200	-5652.756173	-54020.388904	-85913.869549	-87831.269244	-98554.473943
-6451.495761	-6494.075834	-5765.632482	-5680.405281	-138201.953554	-123925.179115	-133438.461535	-151706.631685
-3310.650982	-5562.700994	-5435.027830	-5553.223855	-53997.746587	-85820.349851	-88282.036875	-98310.772873
-3323.950270	-4815.906860	-5790.420567	-5693.637513	-138210.067238	-123937.986665	-133447.692805	-151715.371217
-256.620378	-5477.116165	-4873.104974	-5440.168731	-53922.555318	-85717.822399	-88838.997643	-98030.549053
-6004.438520	-6178.178630	-5780.027006	-5684.696816	-138205.552185	-123929.604760	-133442.417794	-151710.409130
-6121.718123	-5688.697778	-5919.054856	-5723.700610	-54070.210942	-85982.355295	-87489.622830	-98731.969146
-5246.513217	-5803.384579	-5776.227209	-5689.815365	-138208.815540	-123933.896295	-133445.412927	-151713.404264
1072.436699	-5438.559406	-4672.408661	-5383.462356	-53913.547565	-85666.167517	-89112.918271	-97888.347255
-3952.995414	-5078.964541	-5798.198974	-5695.805633	-138213.710572	-123940.311246	-133450.844401	-151718.612220
-4853.837771	-5635.433571	-5700.991237	-5654.633719	-54025.306287	-85920.329204	-87849.441212	-98555.390365
-6461.084659	-6502.927125	-5771.555695	-5686.395548	-138207.921470	-123930.632941	-133444.027119	-151712.219621
-3386.155175	-5570.814678	-5452.909226	-5562.253959	-54006.821395	-85833.403269	-88273.543212	-98327.268461
-3335.215549	-4823.305288	-5794.063901	-5697.817290	-138214.403476	-123941.585295	-133451.425547	-151719.215717
-201.411569	-5478.703139	-4866.287692	-5441.196911	-53926.891557	-85723.164466	-88855.359120	-98030.236129
-5986.557124	-6167.539199	-5781.636331	-5686.596714	-138207.608546	-123930.968217	-133443.781250	-151711.951400
-6134.972708	-5690.240048	-5922.340563	-5725.421694	-54073.183724	-85988.457321	-87487.454711	-98737.244157
-5279.079709	-5820.707181	-5776.808354	-5691.201173	-138210.223700	-123934.835069	-133446.396404	-151714.387740
1017.898442	-5441.062801	-4689.373635	-5386.323379	-53917.973211	-85673.141262	-89109.431399	-97895.075130
-3925.234547	-5066.022881	-5798.623657	-5696.856165	-138214.694049	-123940.735929	-133451.403195	-151719.305124
1072.436699	-5438.559406	-4672.408661	-5383.462356	-53913.547565	-85666.167517	-89112.918271	-97888.347255
-3952.995414	-5078.964541	-5798.198974	-5695.805633	-138213.710572	-123940.311246	-133450.844401	-151718.612220
-4853.837771	-5635.433571	-5700.991237	-5654.633719	-54025.306287	-85920.329204	-87849.441212	-98555.390365
-6461.084659	-6502.927125	-5771.555695	-5686.395548	-138207.921470	-123930.632941	-133444.027119	-151712.219621
-3386.155175	-5570.814678	-5452.909226	-5562.253959	-54006.821395	-85833.403269	-88273.543212	-98327.268461
-3335.215549	-4823.305288	-5794.063901	-5697.817290	-138214.403476	-123941.585295	-133451.425547	-151719.215717
-201.411569	-5478.703139	-4866.287692	-5441.196911	-53926.891557	-85723.164466	-88855.359120	-98030.236129
-5986.557124	-6167.539199	-5781.636331	-5686.596714	-138207.608546	-123930.968217	-133443.781250	-151711.951400
-6134.972708	-5690.240048	-5922.340563	-5725.421694	-54073.183724	-85988.457321	-87487.454711	-98737.244157
-5279.079709	-5820.707181	-5776.808354	-5691.201173	-138210.223700	-123934.835069	-133446.396404	-151714.387740
1017.898442	-5441.062801	-4689.373635	-5386.323379	-53917.973211	-85673.141262	-89109.431399	-97895.075130
-3925.234547	-5066.022881	-5798.623657	-5696.856165	-138214.694049	-123940.735929	-133451.403195	-151719.305124
-4817.337372	-5633.824245	-5695.291542	-5652.264434	-54026.535633	-85922.497323	-87863.388701	-98551.322347
-6463.275130	-6503.977657	-5769.476982	-5684.987388	-138206.490959	-123928.554228	-133442.082517	-151710.431482
-3463.715728	-5571.239361	-5468.466040	-5563.460954	-54008.676590	-85838.790040	-88257.271142	-98335.270385
-3354.639215	-4834.972898	-5793.415701	-5698.040807	-138214.559938	-123941.250019	-133450.978512	-151719.059255
-162.251313	-5478.479621	-4868.791088	-5440.235786	-53929.596118	-85726.718393	-88868.770166	-98027.933899
-5970.083889	-6157.883246	-5782.709215	-5688.384853	-138209.150816	-123932.085804	-133444.720023	-151713.068987
-6148.942548	-5692.117595	-5926.430932	-5727.410999	-54077.005872	-85994.782864	-87486.560641	-98742.474466
-5314.753093	-5840.443771	-5776.830706	-5692.274057	-138211.229528	-123935.147993	-133446.798735	-151715.013589
965.528305	-5444.124990	-4704.751635	-5389.832603	-53923.225871	-85680.651448	-89107.173873	-97902.317095
-3904.849756	-5059.116192	-5797.260201	-5696.587944	-138214.269366	-123939.908915	-133450.352663	-151718.522813
-4773.706767	-5628.437475	-5685.054443	-5646.274167	-54024.009886	-85920.798590	-87874.408111	-98543.186312
-6465.733822	-6505.609334	-5765.543075	-5682.014606	-138203.495825	-123925.045004	-133438.483887	-151707.056368
-3541.388040	-5572.982797	-5483.776985	-5566.299625	-54011.962296	-85845.584970	-88242.921322	-98345.082801
-3463.715728	-5571.239361	-5468.466040	-5563.460954	-54008.676590	-85838.790040	-88257.271142	-98335.270385
-3354.639215	-4834.972898	-5793.415701	-5698.040807	-138214.559938	-123941.250019	-133450.978512	-151719.059255
-162.251313	-5478.479621	-4868.791088	-5440.235786	-53929.596118	-85726.718393	-88868.770166	-98027.933899
-5970.083889	-6157.883246	-5782.709215	-5688.384853	-138209.150816	-123932.085804	-133444.720023	-151713.068987
-6148.942548	-5692.117595	-5926.430932	-5727.410999	-54077.005872	-85994.782864	-87486.560641	-98742.474466
-5314.753093	-5840.443771	-5776.830706	-5692.274057	-138211.229528	-123935.147993	-133446.798735	-151715.013589
965.528305	-5444.124990	-4704.751635	-5389.832603	-53923.225871	-85680.651448	-89107.173873	-97902.317095
-3904.849756	-5059.116192	-5797.260201	-5696.587944	-138214.269366	-123939.908915	-133450.352663	-151718.522813
-4773.706767	-5628.437475	-5685.054443	-5646.274167	-54024.009886	-85920.798590	-87874.408111	-98543.186312
-6465.733822	-6505.609334	-5765.543075	-5682.014606	-138203.495825	-123925.045004	-133438.483887	-151707.056368
-3541.388040	-5572.982797	-5483.776985	-5566.299625	-54011.962296	-85845.584970	-88242.921322	-98345.082801
-3390.357302	-4857.123477	-5790.979360	-5696.900868	-138213.375296	-123939.439528	-133449.324483	-151717.405226
-109.814121	-5474.724528	-4863.113745	-5436.011307	-53929.037324	-85726.763097	-88880.057797	-98022.189501
-5951.196665	-6145.030993	-5777.300093	-5684.182725	-138204.881633	-123927.213124	-133440.003805	-151708.419825
-6156.966824	-5689.122461	-5925.626269	-5724.818197	-54076.335320	-85996.235728	-87481.509147	-98742.966204
-5350.627643	-5858.056946	-5770.907494	-5687.759005	-138206.759179	-123929.940037	-133441.747241	-151709.872688
911.839415	-5439.632289	-4716.575708	-5385.786937	-53921.236565	-85680.740855	-89096.936774	-97902.384150
-3892.355131	-5053.438849	-5791.404044	-5691.916429	-138209.642554	-123934.566848	-133445.167058	-151713.337208
-4733.741848	-5624.414161	-5677.454850	-5641.602652	-54023.719314	-85920.440962	-87886.902736	-98536.503141
-6468.013700	-6506.570459	-5759.776325	-5677.812478	-138199.271345	-123920.060565	-133433.678261	-151702.340150
-3621.228471	-5570.635864	-5497.232735	-5564.936169	-54012.185813	-85848.088366	-88224.212912	-98350.223702
-3417.827596	-4870.780393	-5785.436128	-5692.698740	-138209.329630	-123934.633903	-133444.630616	-151712.867822
-71.771451	-5470.745918	-4863.091393	-5431.429199	-53929.238490	-85726.561931	-88890.205489	-98015.886309
-5932.890586	-6132.983402	-5774.282607	-5682.349882	-138203.026438	-123924.687377	-133437.589817	-151706.072891
-6170.154353	-5688.787185	-5928.666106	-5724.572328	-54079.196343	-86000.035524	-87478.782234	-98745.111972
-5951.196665	-6145.030993	-5777.300093	-5684.182725	-138204.881633	-123927.213124	-133440.003805	-151708.419825
-6156.966824	-5689.122461	-5925.626269	-5724.818197	-54076.335320	-85996.235728	-87481.509147	-98742.966204
-5350.627643	-5858.056946	-5770.907494	-5687.759005	-138206.759179	-123929.940037	-133441.747241	-151709.872688
911.839415	-5439.632289	-4716.575708	-5385.786937	-53921.236565	-85680.740855	-89096.936774	-97902.384150
-3892.355131	-5053.438849	-5791.404044	-5691.916429	-138209.642554	-123934.566848	-133445.167058	-151713.337208
-4733.741848	-5624.414161	-5677.454850	-5641.602652	-54023.719314	-85920.440962	-87886.902736	-98536.503141
-6468.013700	-6506.570459	-5759.776325	-5677.812478	-138199.271345	-123920.060565	-133433.678261	-151702.340150
-3621.228471	-5570.635864	-5497.232735	-5564.936169	-54012.185813	-85848.088366	-88224.212912	-98350.223702
-3417.827596	-4870.780393	-5785.436128	-5692.698740	-138209.329630	-123934.633903	-133444.630616	-151712.867822
-71.771451	-5470.745918	-4863.091393	-5431.429199	-53929.238490	-85726.561931	-88890.205489	-98015.886309
-5932.890586	-6132.983402	-5774.282607	-5682.349882	-138203.026438	-123924.687377	-133437.589817	-151706.072891
-6170.154353	-5688.787185	-5928.666106	-5724.572328	-54079.196343	-86000.035524	-87478.782234	-98745.111972
-5386.390434	-5877.324149	-5769.231113	-5687.669598	-138206.535662	-123929.135374	-133440.987282	-151709.358598
848.516923	-5442.426257	-4738.592176	-5389.005588	-53927.159778	-85687.714599	-89092.622887	-97909.089674
-3872.015044	-5046.867436	-5792.119299	-5693.682217	-138211.117770	-123935.505621	-133446.105831	-151714.432444
-4697.286153	-5623.967126	-5673.520943	-5640.418010	-54027.206186	-85923.324337	-87902.995992	-98532.166902
-6474.138078	-6512.024285	-5760.759802	-5679.935894	-138201.104188	-123921.513429	-133435.019366	-151703.748310
-3701.203013	-5574.323901	-5513.884784	-5569.183000	-54017.907860	-85856.157345	-88210.578348	-98360.483153
-3426.723591	-4874.982521	-5784.542058	-5693.011665	-138209.217871	-123934.119813	-133444.049471	-151712.331380
-27.716163	-5469.494220	-4860.319777	-5429.350487	-53931.496016	-85728.461829	-88902.454245	-98011.460663
-5913.779844	-6122.120455	-5775.489602	-5684.294484	-138204.725171	-123925.983778	-133438.729756	-151707.235182
-6183.319531	-5690.687083	-5933.292917	-5726.516929	-54083.711396	-86005.981088	-87477.463481	-98749.157637
-5413.994838	-5890.511679	-5765.900703	-5685.121499	-138203.965211	-123926.117888	-133437.790982	-151706.341112
792.414044	-5440.124028	-4750.192732	-5386.949228	-53927.159778	-85689.636849	-89083.212803	-97910.453130
-3841.460209	-5031.243566	-5789.750015	-5691.961133	-138209.217871	-123933.270446	-133443.803602	-151712.197269
-4697.286153	-5623.967126	-5673.520943	-5640.418010	-54027.206186	-85923.324337	-87902.995992	-98532.166902
-6474.138078	-6512.024285	-5760.759802	-5679.935894	-138201.104188	-123921.513429	-133435.019366	-151703.748310
-3701.203013	-5574.323901	-5513.884784	-5569.183000	-54017.907860	-85856.157345	-88210.578348	-98360.483153
-3426.723591	-4874.982521	-5784.542058	-5693.011665	-138209.217871	-123934.119813	-133444.049471	-151712.331380
-27.716163	-5469.494220	-4860.319777	-5429.350487	-53931.496016	-85728.461829	-88902.454245	-98011.460663
-5913.779844	-6122.120455	-5775.489602	-5684.294484	-138204.725171	-123925.983778	-133438.729756	-151707.235182
-6183.319531	-5690.687083	-5933.292917	-5726.516929	-54083.711396	-86005.981088	-87477.463481	-98749.157637
-5413.994838	-5890.511679	-5765.900703	-5685.121499	-138203.965211	-123926.117888	-133437.790982	-151706.341112
792.414044	-5440.124028	-4750.192732	-5386.949228	-53927.159778	-85689.636849	-89083.212803	-97910.453130
-3841.460209	-5031.243566	-5789.750015	-5691.961133	-138209.217871	-123933.270446	-133443.803602	-151712.197269
-4654.035527	-5621.083751	-5665.742536	-5636.640565	-54027.474407	-85923.972538	-87915.200045	-98525.796655
-6476.194438	-6513.521852	-5759.128125	-5678.818307	-138200.031304	-123919.769993	-133433.544151	-151702.183688
-3770.158144	-5577.833125	-5527.049962	-5573.653349	-54023.026410	-85864.248677	-88197.279060	-98370.809659
-3436.558358	-4879.184649	-5786.017273	-5695.023322	-138211.229528	-123935.572676	-133445.636445	-151713.985409
24.430457	-5469.985958	-4852.854294	-5429.126969	-53934.759371	-85732.462791	-88916.155865	-98009.337248
-5893.842088	-6110.788120	-5776.897761	-5685.926162	-138206.200386	-123926.944903	-133439.735584	-151708.464528
-6191.544973	-5692.139946	-5935.617499	-5728.126255	-54086.728881	-86011.412562	-87475.876507	-98752.823323
-5444.102638	-5907.431949	-5766.303035	-5685.993217	-138204.769874	-123926.296702	-133438.215666	-151706.743444
747.755259	-5442.538016	-4754.596025	-5389.474975	-53931.048981	-85695.962393	-89077.602515	-97916.488101
-3814.302840	-5019.084217	-5789.302980	-5691.827022	-138208.949650	-123932.398728	-133443.088346	-151711.459662
-4604.638172	-5619.876757	-5657.025356	-5634.539501	-54028.591994	-85925.783029	-87929.616920	-98520.678105
-6481.424747	-6518.394532	-5760.692747	-5680.829964	-138201.975906	-123921.088746	-133434.818200	-151703.636551
-3843.047183	-5583.376358	-5542.025631	-5579.755375	-54029.284898	-85874.128148	-88184.896193	-98383.013711
-3457.703109	-4893.288600	-5785.883163	-5695.380949	-138211.497749	-123935.170345	-133445.323520	-151713.694836
78.342864	-5467.191990	-4844.248872	-5425.505987	-53934.357039	-85732.798068	-88925.968281	-98003.637553
24.430457	-5469.985958	-4852.854294	-5429.126969	-53934.759371	-85732.462791	-88916.155865	-98009.337248
-5893.842088	-6110.788120	-5776.897761	-5685.926162	-138206.200386	-123926.944903	-133439.735584	-151708.464528
-6191.544973	-5692.139946	-5935.617499	-5728.126255	-54086.728881	-86011.412562	-87475.876507	-98752.823323
-5444.102638	-5907.431949	-5766.303035	-5685.993217	-138204.769874	-123926.296702	-133438.215666	-151706.743444
747.755259	-5442.538016	-4754.596025	-5389.474975	-53931.048981	-85695.962393	-89077.602515	-97916.488101
-3814.302840	-5019.084217	-5789.302980	-5691.827022	-138208.949650	-123932.398728	-133443.088346	-151711.459662
-4604.638172	-5619.876757	-5657.025356	-5634.539501	-54028.591994	-85925.783029	-87929.616920	-98520.678105
-6481.424747	-6518.394532	-5760.692747	-5680.829964	-138201.975906	-123921.088746	-133434.818200	-151703.636551
-3843.047183	-5583.376358	-5542.025631	-5579.755375	-54029.284898	-85874.128148	-88184.896193	-98383.013711
-3457.703109	-4893.288600	-5785.883163	-5695.380949	-138211.497749	-123935.170345	-133445.323520	-151713.694836
78.342864	-5467.191990	-4844.248872	-5425.505987	-53934.357039	-85732.798068	-88925.968281	-98003.637553
-5871.646806	-6097.064149	-5774.975511	-5684.339188	-138204.367543	-123924.642673	-133437.411003	-151706.117595
-6197.915220	-5692.743444	-5937.070362	-5728.796807	-54088.807593	-86015.793504	-87473.976609	-98755.416126
-5474.635121	-5924.083999	-5766.101869	-5686.395548	-138204.993392	-123925.916723	-133437.880389	-151706.542278
699.944878	-5443.968528	-4762.977929	-5391.263114	-53934.133522	-85701.326811	-89071.612247	-97921.629002
-3787.972485	-5005.404950	-5788.565372	-5691.491746	-138208.390857	-123931.370548	-133441.881352	-151710.453833
-4555.419630	-5618.982687	-5649.179894	-5632.818417	-54030.111913	-85928.062907	-87945.643120	-98515.850129
-6485.984503	-6522.216680	-5762.525590	-5683.087490	-138203.942860	-123922.631016	-133436.248712	-151705.178822
-3912.203480	-5587.377320	-5554.564959	-5584.516297	-54034.179930	-85882.442997	-88171.753367	-98393.787252
-3472.969350	-4899.256515	-5787.470137	-5697.437310	-138213.241185	-123936.466746	-133446.530515	-151715.080644
131.428257	-5469.538923	-4837.073962	-5427.227071	-53939.028554	-85738.453059	-88940.943949	-98003.458739
-5852.938396	-6086.514126	-5778.238866	-5687.557839	-138207.340325	-123926.989606	-133439.735584	-151708.710397
-6203.994895	-5695.872688	-5940.199606	-5731.858996	-54093.032073	-86022.633138	-87475.027141	-98760.400565
-5501.166642	-5939.193778	-5768.806430	-5689.368330	-138207.630897	-123927.995435	-133439.914398	-151708.822156
662.617464	-5448.908263	-4767.738851	-5396.448719	-53940.235548	-85710.133399	-89069.466480	-97930.234424
-5474.635121	-5924.083999	-5766.101869	-5686.395548	-138204.993392	-123925.916723	-133437.880389	-151706.542278
699.944878	-5443.968528	-4762.977929	-5391.263114	-53934.133522	-85701.326811	-89071.612247	-97921.629002
-3787.972485	-5005.404950	-5788.565372	-5691.491746	-138208.390857	-123931.370548	-133441.881352	-151710.453833
-4555.419630	-5618.982687	-5649.179894	-5632.818417	-54030.111913	-85928.062907	-87945.643120	-98515.850129
-6485.984503	-6522.216680	-5762.525590	-5683.087490	-138203.942860	-123922.631016	-133436.248712	-151705.178822
-3912.203480	-5587.377320	-5554.564959	-5584.516297	-54034.179930	-85882.442997	-88171.753367	-98393.787252
-3472.969350	-4899.256515	-5787.470137	-5697.437310	-138213.241185	-123936.466746	-133446.530515	-151715.080644
131.428257	-5469.538923	-4837.073962	-5427.227071	-53939.028554	-85738.453059	-88940.943949	-98003.458739
-5852.938396	-6086.514126	-5778.238866	-5687.557839	-138207.340325	-123926.989606	-133439.735584	-151708.710397
-6203.994895	-5695.872688	-5940.199606	-5731.858996	-54093.032073	-86022.633138	-87475.027141	-98760.400565
-5501.166642	-5939.193778	-5768.806430	-5689.368330	-138207.630897	-123927.995435	-133439.914398	-151708.822156
662.617464	-5448.908263	-4767.738851	-5396.448719	-53940.235548	-85710.133399	-89069.466480	-97930.234424
-3760.479839	-4992.820918	-5792.521631	-5695.425653	-138212.034191	-123934.320978	-133444.921189	-151713.694836
-4502.267182	-5617.865100	-5640.306251	-5631.052629	-54030.983631	-85930.186323	-87959.434147	-98511.446835
-6483.548162	-6519.579174	-5758.926959	-5679.399452	-138200.008953	-123918.026557	-133431.733660	-151700.887287
-3969.356891	-5585.455070	-5560.801096	-5583.398710	-54032.525901	-85884.789930	-88153.022606	-98398.637581
-3488.392054	-4905.939687	-5782.753918	-5692.989313	-138208.524967	-123931.035272	-133441.188448	-151709.827985
191.465043	-5463.213380	-4825.629869	-5420.119216	-53934.625260	-85735.323815	-88946.598941	-97994.830965
-5825.602213	-6068.029233	-5773.500296	-5683.042786	-138202.467645	-123921.625188	-133434.326462	-151703.323627
-6203.637267	-5692.475223	-5936.824493	-5728.774456	-54090.752195	-86023.303690	-87469.863888	-98759.238274
-5531.497959	-5953.744764	-5765.230151	-5686.194382	-138204.389895	-123924.128583	-133436.069898	-151705.022359
611.163749	-5449.645871	-4778.154764	-5397.700417	-53942.180150	-85715.050783	-89060.592837	-97935.710601
-3741.614967	-4985.824822	-5792.968666	-5696.230316	-138212.592985	-123934.477441	-133444.943541	-151713.828947
-4446.901911	-5618.312135	-5633.108989	-5630.762056	-54033.710543	-85933.762602	-87976.354417	-98508.183480
-6489.985465	-6525.390628	-5762.637348	-5683.489821	-138203.875804	-123921.356967	-133435.086421	-151704.262400
-3969.356891	-5585.455070	-5560.801096	-5583.398710	-54032.525901	-85884.789930	-88153.022606	-98398.637581
-3488.392054	-4905.939687	-5782.753918	-5692.989313	-138208.524967	-123931.035272	-133441.188448	-151709.827985
191.465043	-5463.213380	-4825.629869	-5420.119216	-53934.625260	-85735.323815	-88946.598941	-97994.830965
-5825.602213	-6068.029233	-5773.500296	-5683.042786	-138202.467645	-123921.625188	-133434.326462	-151703.323627
-6203.637267	-5692.475223	-5936.824493	-5728.774456	-54090.752195	-86023.303690	-87469.863888	-98759.238274
-5531.497959	-5953.744764	-5765.230151	-5686.194382	-138204.389895	-123924.128583	-133436.069898	-151705.022359
611.163749	-5449.645871	-4778.154764	-5397.700417	-53942.180150	-85715.050783	-89060.592837	-97935.710601
-3741.614967	-4985.824822	-5792.968666	-5696.230316	-138212.592985	-123934.477441	-133444.943541	-151713.828947
-4446.901911	-5618.312135	-5633.108989	-5630.762056	-54033.710543	-85933.762602	-87976.354417	-98508.183480
-6489.985465	-6525.390628	-5762.637348	-5683.489821	-138203.875804	-123921.356967	-133435.086421	-151704.262400
-4034.355764	-5593.233477	-5576.402614	-5592.115890	-54041.265433	-85896.837520	-88143.858390	-98413.166215
-3509.089769	-4921.027115	-5787.514840	-5698.554897	-138213.911738	-123935.907952	-133445.927017	-151714.700665
244.371622	-5467.460211	-4819.281974	-5423.807254	-53941.420191	-85742.834001	-88962.625141	-97996.440291
-5809.128977	-6060.742564	-5778.596494	-5688.608371	-138207.765008	-123926.319054	-133439.020328	-151708.173955
-6212.108578	-5697.839641	-5942.971223	-5734.004764	-54098.016512	-86032.333795	-87474.021312	-98765.809687
-5558.968253	-5970.396813	-5767.822953	-5689.524792	-138207.407380	-123926.520220	-133438.439183	-151707.637514
564.001568	-5452.372784	-4784.636770	-5400.494385	-53946.963423	-85721.555140	-89056.189544	-97941.186779
-3712.133016	-4970.849153	-5792.052244	-5695.984447	-138211.833025	-123933.270446	-133443.714195	-151712.689008
-4398.711550	-5615.808739	-5624.704733	-5627.275184	-54034.559910	-85934.366099	-87990.167795	-98501.075626
-6492.265343	-6527.670506	-5762.302072	-5683.936856	-138203.853453	-123920.909932	-133434.549980	-151703.882421
-4101.813328	-5596.318018	-5590.506564	-5595.602762	-54046.428686	-85904.034782	-88131.609634	-98421.302250
-3520.153883	-4924.871615	-5787.090157	-5698.800766	-138213.799979	-123935.326807	-133445.390576	-151714.320685
283.822451	-5466.923769	-4819.907823	-5422.443798	-53944.527083	-85745.270341	-88974.583325	-97992.305218
-5787.090157	-6048.382050	-5779.177639	-5689.815365	-138208.636726	-123926.810792	-133439.534419	-151708.643342
-6221.138683	-5699.672484	-5947.620386	-5735.725848	-54102.956248	-86037.586455	-87475.004789	-98767.620178
-6212.108578	-5697.839641	-5942.971223	-5734.004764	-54098.016512	-86032.333795	-87474.021312	-98765.809687
-5558.968253	-5970.396813	-5767.822953	-5689.524792	-138207.407380	-123926.520220	-133438.439183	-151707.637514
564.001568	-5452.372784	-4784.636770	-5400.494385	-53946.963423	-85721.555140	-89056.189544	-97941.186779
-3712.133016	-4970.849153	-5792.052244	-5695.984447	-138211.833025	-123933.270446	-133443.714195	-151712.689008
-4398.711550	-5615.808739	-5624.704733	-5627.275184	-54034.559910	-85934.366099	-87990.167795	-98501.075626
-6492.265343	-6527.670506	-5762.302072	-5683.936856	-138203.853453	-123920.909932	-133434.549980	-151703.882421
-4101.813328	-5596.318018	-5590.506564	-5595.602762	-54046.428686	-85904.034782	-88131.609634	-98421.302250
-3520.153883	-4924.871615	-5787.090157	-5698.800766	-138213.799979	-123935.326807	-133445.390576	-151714.320685
283.822451	-5466.923769	-4819.907823	-5422.443798	-53944.527083	-85745.270341	-88974.583325	-97992.305218
-5787.090157	-6048.382050	-5779.177639	-5689.815365	-138208.636726	-123926.810792	-133439.534419	-151708.643342
-6221.138683	-5699.672484	-5947.620386	-5735.725848	-54102.956248	-86037.586455	-87475.004789	-98767.620178
-5590.081881	-5987.942933	-5768.292340	-5691.156470	-138208.681429	-123927.369586	-133439.377956	-151708.553935
494.062959	-5454.585606	-4809.022523	-5402.886021	-53952.171380	-85727.321890	-89049.618131	-97945.902997
-3685.310922	-4958.980377	-5792.588686	-5697.236144	-138212.682392	-123933.739833	-133444.049471	-151713.113691
-4357.383175	-5615.406408	-5620.569661	-5625.688210	-54038.024430	-85936.534218	-88006.216348	-98494.571268
-6493.785261	-6529.101018	-5761.765630	-5684.428595	-138203.965211	-123920.440545	-133434.102945	-151703.547144
-4178.770385	-5598.039102	-5606.175137	-5597.882640	-54050.675517	-85909.510959	-88115.963413	-98427.493683
-3530.189816	-4929.543129	-5786.084328	-5698.756063	-138213.397648	-123934.343330	-133444.474154	-151713.471319
318.355896	-5465.984996	-4824.355820	-5420.499196	-53947.321051	-85746.991425	-88985.692142	-97986.449061
-5760.089250	-6032.802884	-5779.065881	-5690.307103	-138208.592022	-123926.319054	-133439.020328	-151708.241011
-6227.106598	-5699.225449	-5949.833208	-5735.055296	-54105.213774	-86040.201609	-87473.350760	-98766.346129
-5613.327696	-6000.616372	-5766.794773	-5690.418862	-138207.675601	-123925.581446	-133437.813334	-151706.966961
430.248729	-5455.569083	-4826.814512	-5403.958905	-53955.278272	-85731.702832	-89040.722137	-97948.942834
-3649.235207	-4939.109676	-5790.912305	-5695.984447	-138211.073066	-123931.303493	-133441.948407	-151710.967924
-4306.152976	-5610.600783	-5611.047818	-5619.764998	-54036.079828	-85934.209637	-88017.772200	-98483.730672
-4357.383175	-5615.406408	-5620.569661	-5625.688210	-54038.024430	-85936.534218	-88006.216348	-98494.571268
-6493.785261	-6529.101018	-5761.765630	-5684.428595	-138203.965211	-123920.440545	-133434.102945	-151703.547144
-4178.770385	-5598.039102	-5606.175137	-5597.882640	-54050.675517	-85909.510959	-88115.963413	-98427.493683
-3530.189816	-4929.543129	-5786.084328	-5698.756063	-138213.397648	-123934.343330	-133444.474154	-151713.471319
318.355896	-5465.984996	-4824.355820	-5420.499196	-53947.321051	-85746.991425	-88985.692142	-97986.449061
-5760.089250	-6032.802884	-5779.065881	-5690.307103	-138208.592022	-123926.319054	-133439.020328	-151708.241011
-6227.106598	-5699.225449	-5949.833208	-5735.055296	-54105.213774	-86040.201609	-87473.350760	-98766.346129
-5613.327696	-6000.616372	-5766.794773	-5690.418862	-138207.675601	-123925.581446	-133437.813334	-151706.966961
430.248729	-5455.569083	-4826.814512	-5403.958905	-53955.278272	-85731.702832	-89040.722137	-97948.942834
-3649.235207	-4939.109676	-5790.912305	-5695.984447	-138211.073066	-123931.303493	-133441.948407	-151710.967924
-4306.152976	-5610.600783	-5611.047818	-5619.764998	-54036.079828	-85934.209637	-88017.772200	-98483.730672
-6491.415976	-6526.687029	-5759.575159	-5682.305179	-138201.595926	-123917.311301	-133431.197218	-151700.596714
-4241.221159	-5599.089634	-5616.211071	-5599.402559	-54052.508360	-85914.450695	-88098.976087	-98433.640413
-3534.995441	-4929.878405	-5784.854982	-5697.906697	-138212.145950	-123932.354025	-133442.618959	-151711.660828
371.463641	-5464.822705	-4817.024448	-5418.487539	-53947.991603	-85748.645454	-88995.169281	-97981.822250
-5733.624784	-6017.916622	-5780.965779	-5692.095243	-138210.111941	-123927.213124	-133439.936750	-151709.313894
-6228.850034	-5701.930011	-5951.710755	-5737.603395	-54108.365370	-86046.258932	-87474.289533	-98769.989463
-5639.993327	-6015.301468	-5768.247636	-5691.849374	-138208.815540	-123926.140240	-133438.461535	-151707.749272
389.725016	-5458.363051	-4824.512282	-5406.976391	-53958.005185	-85737.938969	-89032.854323	-97955.626006
-3618.702724	-4923.485806	-5791.068767	-5695.984447	-138210.760142	-123930.543534	-133440.964930	-151710.275019
-4236.192016	-5608.611477	-5596.586239	-5617.015733	-54034.939889	-85934.991948	-88031.026784	-98478.053329
-6491.974770	-6527.357582	-5759.910436	-5682.394586	-138201.461816	-123916.685452	-133430.571369	-151700.037920
-4292.630171	-5601.324809	-5621.530786	-5602.442396	-54053.782410	-85920.597425	-88082.279334	-98443.162256
-3560.498781	-4943.132990	-5781.278703	-5694.263362	-138208.368505	-123928.129545	-133438.372128	-151707.525755
447.616034	-5458.899493	-4790.224706	-5411.893774	-53942.716592	-85745.605617	-88998.499691	-97974.289712
-3534.995441	-4929.878405	-5784.854982	-5697.906697	-138212.145950	-123932.354025	-133442.618959	-151711.660828
371.463641	-5464.822705	-4817.024448	-5418.487539	-53947.991603	-85748.645454	-88995.169281	-97981.822250
-5733.624784	-6017.916622	-5780.965779	-5692.095243	-138210.111941	-123927.213124	-133439.936750	-151709.313894
-6228.850034	-5701.930011	-5951.710755	-5737.603395	-54108.365370	-86046.258932	-87474.289533	-98769.989463
-5639.993327	-6015.301468	-5768.247636	-5691.849374	-138208.815540	-123926.140240	-133438.461535	-151707.749272
389.725016	-5458.363051	-4824.512282	-5406.976391	-53958.005185	-85737.938969	-89032.854323	-97955.626006
-3618.702724	-4923.485806	-5791.068767	-5695.984447	-138210.760142	-123930.543534	-133440.964930	-151710.275019
-4236.192016	-5608.611477	-5596.586239	-5617.015733	-54034.939889	-85934.991948	-88031.026784	-98478.053329
-6491.974770	-6527.357582	-5759.910436	-5682.394586	-138201.461816	-123916.685452	-133430.571369	-151700.037920
-4292.630171	-5601.324809	-5621.530786	-5602.442396	-54053.782410	-85920.597425	-88082.279334	-98443.162256
-3560.498781	-4943.132990	-5781.278703	-5694.263362	-138208.368505	-123928.129545	-133438.372128	-151707.525755
447.616034	-5458.899493	-4790.224706	-5411.893774	-53942.716592	-85745.605617	-88998.499691	-97974.289712
-5702.667618	-5997.040093	-5774.953160	-5685.590885	-138203.339363	-123919.926455	-133432.672433	-151702.049577
-6216.266002	-5697.146737	-5943.597072	-5732.998935	-54103.582097	-86045.186048	-87467.807528	-98767.441364
-5664.937873	-6027.796093	-5766.906532	-5690.329455	-138207.161511	-123923.793307	-133436.159305	-151705.558801
365.093394	-5461.693461	-4814.588107	-5410.843243	-53961.670871	-85745.337396	-89025.344136	-97964.343186
-3594.808709	-4912.354638	-5794.086253	-5698.800766	-138213.241185	-123932.465784	-133443.043642	-151712.152566
-4158.184428	-5608.544422	-5582.482288	-5616.345181	-54036.437456	-85938.098840	-88047.097689	-98474.901733
-6491.214811	-6526.485864	-5760.223360	-5682.372234	-138201.126540	-123915.701975	-133429.722003	-151699.277961
-4333.578567	-5605.638695	-5627.319888	-5607.560945	-54058.252759	-85929.202846	-88069.561192	-98454.785163
-3568.143078	-4944.362336	-5784.877334	-5697.772586	-138211.520101	-123930.498830	-133440.964930	-151710.140909
529.468123	-5460.084136	-4767.336520	-5412.407865	-53945.622318	-85750.120670	-89010.882558	-97973.753270
-5675.085565	-5981.527982	-5777.814183	-5688.183688	-138205.440427	-123921.491077	-133434.237055	-151703.636551
-6211.169804	-5699.292505	-5943.597072	-5734.988241	-54106.733692	-86051.019853	-87470.087405	-98771.039995
-5686.641417	-6038.681393	-5765.207799	-5688.831888	-138205.283964	-123921.334615	-133433.767668	-151703.211868
-5664.937873	-6027.796093	-5766.906532	-5690.329455	-138207.161511	-123923.793307	-133436.159305	-151705.558801
365.093394	-5461.693461	-4814.588107	-5410.843243	-53961.670871	-85745.337396	-89025.344136	-97964.343186
-3594.808709	-4912.354638	-5794.086253	-5698.800766	-138213.241185	-123932.465784	-133443.043642	-151712.152566
-4158.184428	-5608.544422	-5582.482288	-5616.345181	-54036.437456	-85938.098840	-88047.097689	-98474.901733
-6491.214811	-6526.485864	-5760.223360	-5682.372234	-138201.126540	-123915.701975	-133429.722003	-151699.277961
-4333.578567	-5605.638695	-5627.319888	-5607.560945	-54058.252759	-85929.202846	-88069.561192	-98454.785163
-3568.143078	-4944.362336	-5784.877334	-5697.772586	-138211.520101	-123930.498830	-133440.964930	-151710.140909
529.468123	-5460.084136	-4767.336520	-5412.407865	-53945.622318	-85750.120670	-89010.882558	-97973.753270
-5675.085565	-5981.527982	-5777.814183	-5688.183688	-138205.440427	-123921.491077	-133434.237055	-151703.636551
-6211.169804	-5699.292505	-5943.597072	-5734.988241	-54106.733692	-86051.019853	-87470.087405	-98771.039995
-5686.641417	-6038.681393	-5765.207799	-5688.831888	-138205.283964	-123921.334615	-133433.767668	-151703.211868
331.543426	-5460.084136	-4807.659067	-5409.368027	-53960.955615	-85747.572571	-89013.743581	-97966.712471
-3556.386060	-4891.343998	-5792.141651	-5696.565592	-138210.693086	-123929.291836	-133439.914398	-151709.202136
-4080.713282	-5605.035198	-5566.634901	-5611.718370	-54035.208110	-85937.540047	-88061.112232	-98466.542180
-6487.549125	-6523.021343	-5758.077593	-5680.159411	-138198.489034	-123912.550379	-133426.503352	-151696.171069
-4384.048806	-5605.750454	-5633.086638	-5608.186794	-54059.280939	-85933.382622	-88053.244418	-98460.283692
-3575.832078	-4945.524626	-5784.184430	-5697.146737	-138210.603679	-123929.180077	-133439.489715	-151708.755101
589.214336	-5460.397060	-4754.640729	-5412.005533	-53948.550397	-85753.451080	-89022.036078	-97970.556971
-5646.005946	-5964.853581	-5779.468212	-5689.748310	-138206.647421	-123922.228685	-133434.974663	-151704.463566
-6208.375836	-5699.784243	-5943.395906	-5735.390572	-54108.946515	-86054.864354	-87471.272048	-98771.017643
-5712.792958	-6052.941805	-5765.945407	-5689.815365	-138205.999220	-123921.468725	-133433.924131	-151703.457737
271.014902	-5463.459249	-4823.797026	-5413.100769	-53966.029461	-85754.680425	-89005.473436	-97973.440346
-3529.876891	-4877.262399	-5793.326294	-5697.794938	-138211.564805	-123929.671816	-133440.339081	-151709.693874
-4022.509339	-5604.834033	-5559.191770	-5610.466672	-54037.622099	-85940.065794	-88077.943096	-98460.306044
-6488.778471	-6524.228337	-5760.826857	-5682.796917	-138200.970078	-123914.450278	-133428.582064	-151698.227429
-4384.048806	-5605.750454	-5633.086638	-5608.186794	-54059.280939	-85933.382622	-88053.244418	-98460.283692
-3575.832078	-4945.524626	-5784.184430	-5697.146737	-138210.603679	-123929.180077	-133439.489715	-151708.755101
589.214336	-5460.397060	-4754.640729	-5412.005533	-53948.550397	-85753.451080	-89022.036078	-97970.556971
-5646.005946	-5964.853581	-5779.468212	-5689.748310	-138206.647421	-123922.228685	-133434.974663	-151704.463566
-6208.375836	-5699.784243	-5943.395906	-5735.390572	-54108.946515	-86054.864354	-87471.272048	-98771.017643
-5712.792958	-6052.941805	-5765.945407	-5689.815365	-138205.999220	-123921.468725	-133433.924131	-151703.457737
271.014902	-5463.459249	-4823.797026	-5413.100769	-53966.029461	-85754.680425	-89005.473436	-97973.440346
-3529.876891	-4877.262399	-5793.326294	-5697.794938	-138211.564805	-123929.671816	-133440.339081	-151709.693874
-4022.509339	-5604.834033	-5559.191770	-5610.466672	-54037.622099	-85940.065794	-88077.943096	-98460.306044
-6488.778471	-6524.228337	-5760.826857	-5682.796917	-138200.970078	-123914.450278	-133428.582064	-151698.227429
-4449.718231	-5609.237326	-5647.011774	-5612.411274	-54063.885398	-85940.870457	-88039.274578	-98468.576189
-3587.723206	-4949.570292	-5783.290360	-5696.543240	-138209.866072	-123927.660159	-133438.193314	-151707.548107
624.686554	-5458.944197	-4755.154819	-5409.837414	-53949.667984	-85754.948646	-89030.775610	-97965.416070
-5616.523995	-5948.313290	-5780.429337	-5690.687083	-138207.385028	-123922.295740	-133435.064070	-151704.709435
-6211.393322	-5701.013589	-5946.458095	-5736.575214	-54112.433387	-86059.558220	-87472.881374	-98771.710547
-5736.664621	-6066.062279	-5765.051337	-5689.055406	-138205.172206	-123919.904103	-133432.650081	-151702.206040
197.298848	-5462.587531	-4843.846541	-5412.586679	-53966.945883	-85757.519097	-88994.051694	-97975.250837
-3498.718560	-4862.465544	-5790.197049	-5694.844508	-138208.435560	-123925.916723	-133436.628692	-151706.028188
-3974.587199	-5601.168347	-5550.876922	-5605.728102	-54036.772732	-85938.970559	-88091.309439	-98450.784201
-6488.063215	-6524.205986	-5761.318596	-5683.378063	-138201.283002	-123914.159705	-133428.202084	-151698.070967
-4521.735552	-5612.724198	-5662.255664	-5616.568698	-54068.467506	-85948.179477	-88025.282386	-98477.203962
-3615.528776	-4967.094060	-5781.144593	-5694.866859	-138207.854415	-123925.000301	-133435.622863	-151705.089415
656.180162	-5454.473848	-4759.692223	-5404.830623	-53947.723382	-85753.428728	-89035.737698	-97957.950587
-5585.767995	-5929.515473	-5776.875410	-5687.133156	-138203.294659	-123917.758336	-133430.571369	-151700.306141
-6206.207717	-5698.107862	-5943.306499	-5733.647136	-54110.868765	-86060.072310	-87470.489737	-98768.760117
-6211.393322	-5701.013589	-5946.458095	-5736.575214	-54112.433387	-86059.558220	-87472.881374	-98771.710547
-5736.664621	-6066.062279	-5765.051337	-5689.055406	-138205.172206	-123919.904103	-133432.650081	-151702.206040
197.298848	-5462.587531	-4843.846541	-5412.586679	-53966.945883	-85757.519097	-88994.051694	-97975.250837
-3498.718560	-4862.465544	-5790.197049	-5694.844508	-138208.435560	-123925.916723	-133436.628692	-151706.028188
-3974.587199	-5601.168347	-5550.876922	-5605.728102	-54036.772732	-85938.970559	-88091.309439	-98450.784201
-6488.063215	-6524.205986	-5761.318596	-5683.378063	-138201.283002	-123914.159705	-133428.202084	-151698.070967
-4521.735552	-5612.724198	-5662.255664	-5616.568698	-54068.467506	-85948.179477	-88025.282386	-98477.203962
-3615.528776	-4967.094060	-5781.144593	-5694.866859	-138207.854415	-123925.000301	-133435.622863	-151705.089415
656.180162	-5454.473848	-4759.692223	-5404.830623	-53947.723382	-85753.428728	-89035.737698	-97957.950587
-5585.767995	-5929.515473	-5776.875410	-5687.133156	-138203.294659	-123917.758336	-133430.571369	-151700.306141
-6206.207717	-5698.107862	-5943.306499	-5733.647136	-54110.868765	-86060.072310	-87470.489737	-98768.760117
-5760.178657	-6077.931056	-5763.509067	-5687.691949	-138203.317011	-123917.512467	-133430.258445	-151699.948514
139.385478	-5464.107450	-4850.507361	-5414.665391	-53969.493982	-85762.816460	-88983.904002	-97981.330512
-3473.841068	-4848.585111	-5790.085291	-5694.978618	-138207.943822	-123924.977949	-133435.734622	-151705.178822
-3905.006219	-5597.882640	-5536.996488	-5601.995361	-54035.521035	-85938.814096	-88105.547500	-98443.497532
-6485.470412	-6521.412018	-5759.753973	-5681.925199	-138199.338400	-123911.812772	-133425.877503	-151695.813441
-4573.681006	-5614.624097	-5669.162353	-5619.675591	-54070.568570	-85954.594428	-88009.859682	-98486.636399
-3642.417925	-4979.566333	-5781.926904	-5695.962095	-138208.502616	-123925.156763	-133435.824029	-151705.335284
712.975945	-5454.429144	-4743.911891	-5404.405940	-53949.019784	-85756.848545	-89045.214837	-97957.190628
-5558.118887	-5913.131644	-5776.741299	-5686.909638	-138202.624107	-123916.663100	-133429.498485	-151699.121499
-6198.451662	-5697.727883	-5940.490179	-5733.490674	-54110.689951	-86063.469775	-87471.070882	-98770.905885
-5786.352549	-6093.085539	-5762.972625	-5687.468432	-138202.624107	-123916.283121	-133429.073802	-151698.853278
94.838452	-5468.488391	-4848.853332	-5419.761589	-53973.517296	-85771.421882	-88976.170299	-97992.081701
-3460.854704	-4847.311061	-5794.086253	-5698.867822	-138211.453046	-123927.906028	-133438.707404	-151708.151604
-3827.602128	-5598.597896	-5523.205462	-5601.816547	-54037.108009	-85942.680948	-88124.434724	-98441.351764
-3905.006219	-5597.882640	-5536.996488	-5601.995361	-54035.521035	-85938.814096	-88105.547500	-98443.497532
-6485.470412	-6521.412018	-5759.753973	-5681.925199	-138199.338400	-123911.812772	-133425.877503	-151695.813441
-4573.681006	-5614.624097	-5669.162353	-5619.675591	-54070.568570	-85954.594428	-88009.859682	-98486.636399
-3642.417925	-4979.566333	-5781.926904	-5695.962095	-138208.502616	-123925.156763	-133435.824029	-151705.335284
712.975945	-5454.429144	-4743.911891	-5404.405940	-53949.019784	-85756.848545	-89045.214837	-97957.190628
-5558.118887	-5913.131644	-5776.741299	-5686.909638	-138202.624107	-123916.663100	-133429.498485	-151699.121499
-6198.451662	-5697.727883	-5940.490179	-5733.490674	-54110.689951	-86063.469775	-87471.070882	-98770.905885
-5786.352549	-6093.085539	-5762.972625	-5687.468432	-138202.624107	-123916.283121	-133429.073802	-151698.853278
94.838452	-5468.488391	-4848.853332	-5419.761589	-53973.517296	-85771.421882	-88976.170299	-97992.081701
-3460.854704	-4847.311061	-5794.086253	-5698.867822	-138211.453046	-123927.906028	-133438.707404	-151708.151604
-3827.602128	-5598.597896	-5523.205462	-5601.816547	-54037.108009	-85942.680948	-88124.434724	-98441.351764
-6485.381005	-6521.657887	-5760.737450	-5682.372234	-138199.450159	-123911.231626	-133425.408116	-151695.321702
-4622.608974	-5618.267431	-5675.599656	-5624.235347	-54073.273131	-85962.618704	-87995.621621	-98498.929858
-3677.487812	-5000.599325	-5783.022139	-5696.744406	-138208.972002	-123925.045004	-133435.846381	-151705.357636
781.685207	-5454.809124	-4723.370638	-5404.428292	-53950.070316	-85760.625990	-89055.429584	-97957.414145
-5533.777837	-5900.726426	-5779.848192	-5689.278923	-138204.591060	-123918.115964	-133430.996052	-151700.775528
-6188.438080	-5700.119519	-5938.925557	-5736.038773	-54112.947477	-86069.840022	-87474.825975	-98776.270303
-5817.153253	-6110.922231	-5764.961930	-5688.921295	-138203.764046	-123916.886618	-133429.811410	-151699.590886
52.973634	-5470.969435	-4846.461695	-5422.644964	-53975.752470	-85778.194461	-88966.044958	-98001.469433
-3454.439754	-4846.193474	-5794.510936	-5698.800766	-138211.050714	-123927.101365	-133437.768631	-151707.391644
-3743.872493	-5599.111986	-5507.983924	-5601.503623	-54038.493817	-85946.391338	-88142.561989	-98439.295404
-6487.616180	-6523.870709	-5764.403136	-5685.456775	-138202.177072	-123913.533856	-133427.755049	-151697.825098
-4662.886818	-5621.977821	-5680.718205	-5628.571585	-54076.424727	-85970.710036	-87982.367037	-98510.731579
-3700.912440	-5011.149348	-5783.737395	-5697.191441	-138209.128464	-123924.620321	-133435.466401	-151705.156470
855.892999	-5455.770249	-4700.996542	-5404.428292	-53952.439601	-85764.828117	-89066.448994	-97957.682366
781.685207	-5454.809124	-4723.370638	-5404.428292	-53950.070316	-85760.625990	-89055.429584	-97957.414145
-5533.777837	-5900.726426	-5779.848192	-5689.278923	-138204.591060	-123918.115964	-133430.996052	-151700.775528
-6188.438080	-5700.119519	-5938.925557	-5736.038773	-54112.947477	-86069.840022	-87474.825975	-98776.270303
-5817.153253	-6110.922231	-5764.961930	-5688.921295	-138203.764046	-123916.886618	-133429.811410	-151699.590886
52.973634	-5470.969435	-4846.461695	-5422.644964	-53975.752470	-85778.194461	-88966.044958	-98001.469433
-3454.439754	-4846.193474	-5794.510936	-5698.800766	-138211.050714	-123927.101365	-133437.768631	-151707.391644
-3743.872493	-5599.111986	-5507.983924	-5601.503623	-54038.493817	-85946.391338	-88142.561989	-98439.295404
-6487.616180	-6523.870709	-5764.403136	-5685.456775	-138202.177072	-123913.533856	-133427.755049	-151697.825098
-4662.886818	-5621.977821	-5680.718205	-5628.571585	-54076.424727	-85970.710036	-87982.367037	-98510.731579
-3700.912440	-5011.149348	-5783.737395	-5697.191441	-138209.128464	-123924.620321	-133435.466401	-151705.156470
855.892999	-5455.770249	-4700.996542	-5404.428292	-53952.439601	-85764.828117	-89066.448994	-97957.682366
-5505.569936	-5884.946094	-5781.412814	-5690.441214	-138205.328668	-123918.384185	-133431.219570	-151701.222563
-6176.703415	-5700.790072	-5936.511569	-5736.306994	-54114.623858	-86074.086854	-87477.999923	-98778.416071
-5842.835408	-6125.316754	-5764.894875	-5688.630723	-138203.339363	-123915.836086	-133428.872636	-151698.875630
0.268221	-5473.003444	-4850.216788	-5424.947193	-53978.769955	-85784.274135	-88956.165487	-98009.560765
-3435.552530	-4838.079791	-5793.393349	-5697.459662	-138209.486092	-123925.000301	-133435.667567	-151705.558801
-3666.691919	-5594.149899	-5490.638970	-5595.379245	-54036.258642	-85944.670253	-88156.442422	-98430.667631
-6482.832907	-6519.579174	-5762.324424	-5683.087490	-138199.651325	-123910.315205	-133424.603453	-151694.762909
-4717.760350	-5623.408332	-5689.368330	-5630.605594	-54078.905771	-85976.566193	-87967.860754	-98519.158187
-3728.248623	-5026.527348	-5782.440994	-5696.073854	-138207.854415	-123922.742775	-133433.611206	-151703.345979
891.275810	-5452.976281	-4696.347379	-5401.231992	-53952.305490	-85765.722187	-89072.662779	-97953.994328
-5474.836287	-5867.467030	-5781.055186	-5689.837717	-138204.613412	-123917.065432	-133429.856113	-151699.993217
-6172.456583	-5701.125348	-5937.025659	-5736.776380	-54117.350771	-86078.579554	-87481.330333	-98779.935989
-5865.298911	-6138.213711	-5765.207799	-5689.144813	-138203.719342	-123915.545513	-133428.559712	-151698.696816
-69.960960	-5474.098679	-4867.114707	-5426.914147	-53981.742738	-85789.906775	-88945.190781	-98016.199233
0.268221	-5473.003444	-4850.216788	-5424.947193	-53978.769955	-85784.274135	-88956.165487	-98009.560765
-3435.552530	-4838.079791	-5793.393349	-5697.459662	-138209.486092	-123925.000301	-133435.667567	-151705.558801
-3666.691919	-5594.149899	-5490.638970	-5595.379245	-54036.258642	-85944.670253	-88156.442422	-98430.667631
-6482.832907	-6519.579174	-5762.324424	-5683.087490	-138199.651325	-123910.315205	-133424.603453	-151694.762909
-4717.760350	-5623.408332	-5689.368330	-5630.605594	-54078.905771	-85976.566193	-87967.860754	-98519.158187
-3728.248623	-5026.527348	-5782.440994	-5696.073854	-138207.854415	-123922.742775	-133433.611206	-151703.345979
891.275810	-5452.976281	-4696.347379	-5401.231992	-53952.305490	-85765.722187	-89072.662779	-97953.994328
-5474.836287	-5867.467030	-5781.055186	-5689.837717	-138204.613412	-123917.065432	-133429.856113	-151699.993217
-6172.456583	-5701.125348	-5937.025659	-5736.776380	-54117.350771	-86078.579554	-87481.330333	-98779.935989
-5865.298911	-6138.213711	-5765.207799	-5689.144813	-138203.719342	-123915.545513	-133428.559712	-151698.696816
-69.960960	-5474.098679	-4867.114707	-5426.914147	-53981.742738	-85789.906775	-88945.190781	-98016.199233
-3408.551622	-4824.959317	-5793.683922	-5697.951400	-138209.687258	-123924.463859	-133435.309939	-151705.134118
-3609.583212	-5592.428814	-5482.413528	-5593.077015	-54037.733857	-85946.391338	-88172.513327	-98425.057343
-6482.341168	-6519.623878	-5764.581950	-5685.546182	-138201.685333	-123911.879827	-133426.212779	-151696.349883
-4783.094499	-5628.012792	-5705.014551	-5636.282937	-54084.985445	-85985.909222	-87955.857868	-98530.803446
-3745.079487	-5035.468046	-5783.715044	-5697.549069	-138209.061409	-123923.279217	-133434.326462	-151704.083586
912.666430	-5452.685708	-4705.422187	-5400.494385	-53954.451258	-85769.052597	-89080.977628	-97952.094430
-5443.297975	-5850.770277	-5782.731567	-5691.447042	-138205.820406	-123917.758336	-133430.571369	-151700.663769
-6173.283598	-5703.449929	-5940.512531	-5738.698630	-54120.882347	-86084.636877	-87484.638391	-98782.975827
-5889.170574	-6153.457600	-5768.538209	-5692.542278	-138206.714476	-123917.914798	-133431.063107	-151701.244915
-147.163885	-5478.971360	-4890.137004	-5432.256214	-53987.576543	-85799.003935	-88937.278263	-98026.458684
-3385.261105	-4815.057494	-5797.483718	-5701.617086	-138213.017668	-123927.347234	-133438.148610	-151708.084548
-3558.732993	-5593.881678	-5477.809069	-5593.568753	-54040.863102	-85950.951094	-88189.724170	-98422.822168
-6480.910657	-6518.796863	-5766.191276	-5686.753176	-138202.713514	-123912.192751	-133426.659814	-151696.931028
-4835.688154	-5629.912690	-5714.089360	-5638.719277	-54086.840640	-85992.167710	-87940.613978	-98539.632385
-4783.094499	-5628.012792	-5705.014551	-5636.282937	-54084.985445	-85985.909222	-87955.857868	-98530.803446
-3745.079487	-5035.468046	-5783.715044	-5697.549069	-138209.061409	-123923.279217	-133434.326462	-151704.083586
912.666430	-5452.685708	-4705.422187	-5400.494385	-53954.451258	-85769.052597	-89080.977628	-97952.094430
-5443.297975	-5850.770277	-5782.731567	-5691.447042	-138205.820406	-123917.758336	-133430.571369	-151700.663769
-6173.283598	-5703.449929	-5940.512531	-5738.698630	-54120.882347	-86084.636877	-87484.638391	-98782.975827
-5889.170574	-6153.457600	-5768.538209	-5692.542278	-138206.714476	-123917.914798	-133431.063107	-151701.244915
-147.163885	-5478.971360	-4890.137004	-5432.256214	-53987.576543	-85799.003935	-88937.278263	-98026.458684
-3385.261105	-4815.057494	-5797.483718	-5701.617086	-138213.017668	-123927.347234	-133438.148610	-151708.084548
-3558.732993	-5593.881678	-5477.809069	-5593.568753	-54040.863102	-85950.951094	-88189.724170	-98422.822168
-6480.910657	-6518.796863	-5766.191276	-5686.753176	-138202.713514	-123912.192751	-133426.659814	-151696.931028
-4835.688154	-5629.912690	-5714.089360	-5638.719277	-54086.840640	-85992.167710	-87940.613978	-98539.632385
-3773.779127	-5050.711936	-5784.005616	-5697.929048	-138209.016706	-123922.631016	-133433.722965	-151703.681255
948.786849	-5453.020984	-4702.225888	-5400.427330	-53956.239397	-85772.919449	-89088.040780	-97952.340299
-5414.441873	-5834.609966	-5782.888029	-5691.178821	-138205.194557	-123916.506638	-133429.453782	-151699.546182
-6159.514923	-5699.963057	-5934.522263	-5735.256462	-54118.244841	-86085.106264	-87483.230231	-98781.366501
-5907.320190	-6161.683042	-5764.425488	-5688.027225	-138202.154720	-123912.773897	-133425.922206	-151696.126365
-192.940258	-5477.160868	-4887.946533	-5430.982164	-53986.213086	-85801.552034	-88922.883740	-98030.772570
-3369.748994	-4805.379189	-5793.885087	-5697.727883	-138208.793188	-123922.608664	-133433.544151	-151703.502441
-3475.293931	-5587.511431	-5457.379574	-5586.326788	-54036.415104	-85948.157125	-88201.056504	-98413.389732
-6475.188610	-6513.365390	-5764.000805	-5683.981560	-138199.539566	-123908.616472	-133423.083535	-151693.488859
-4875.675425	-5632.639603	-5719.431426	-5642.228501	-54089.746367	-85999.521434	-87927.515856	-98549.802428
-3802.098787	-5065.531142	-5784.631465	-5698.465490	-138209.463741	-123922.631016	-133433.655910	-151703.725958
1011.081160	-5451.031679	-4681.327007	-5397.968638	-53956.015880	-85774.618182	-89094.679248	-97950.105125
-5381.093071	-5815.186300	-5781.390462	-5689.234220	-138203.205252	-123914.182057	-133426.995090	-151697.221601
-6141.789990	-5696.923220	-5928.710810	-5732.417790	-54116.434350	-86086.223851	-87484.548984	-98779.980693
-6159.514923	-5699.963057	-5934.522263	-5735.256462	-54118.244841	-86085.106264	-87483.230231	-98781.366501
-5907.320190	-6161.683042	-5764.425488	-5688.027225	-138202.154720	-123912.773897	-133425.922206	-151696.126365
-192.940258	-5477.160868	-4887.946533	-5430.982164	-53986.213086	-85801.552034	-88922.883740	-98030.772570
-3369.748994	-4805.379189	-5793.885087	-5697.727883	-138208.793188	-123922.608664	-133433.544151	-151703.502441
-3475.293931	-5587.511431	-5457.379574	-5586.326788	-54036.415104	-85948.157125	-88201.056504	-98413.389732
-6475.188610	-6513.365390	-5764.000805	-5683.981560	-138199.539566	-123908.616472	-133423.083535	-151693.488859
-4875.675425	-5632.639603	-5719.431426	-5642.228501	-54089.746367	-85999.521434	-87927.515856	-98549.802428
-3802.098787	-5065.531142	-5784.631465	-5698.465490	-138209.463741	-123922.631016	-133433.655910	-151703.725958
1011.081160	-5451.031679	-4681.327007	-5397.968638	-53956.015880	-85774.618182	-89094.679248	-97950.105125
-5381.093071	-5815.186300	-5781.390462	-5689.234220	-138203.205252	-123914.182057	-133426.995090	-151697.221601
-6141.789990	-5696.923220	-5928.710810	-5732.417790	-54116.434350	-86086.223851	-87484.548984	-98779.980693
-5927.660278	-6171.651920	-5760.536285	-5684.115670	-138197.997296	-123908.191789	-133421.384802	-151691.678368
-247.210294	-5475.260970	-4890.472280	-5429.730467	-53985.006092	-85804.234243	-88907.796312	-98035.935823
-3355.935616	-4801.355875	-5791.180526	-5695.023322	-138205.865110	-123919.300606	-133430.169038	-151700.127327
-3394.224154	-5583.354006	-5439.989917	-5581.454108	-54034.135227	-85947.598332	-88215.495731	-98406.773616
-6470.338281	-6508.939744	-5762.302072	-5682.104013	-138197.639668	-123906.224836	-133420.669546	-151691.030167
-4918.546071	-5632.483141	-5723.655906	-5643.033164	-54089.522849	-86004.416466	-87912.249614	-98558.407850
-3825.948098	-5075.500020	-5782.798622	-5696.587944	-138207.362677	-123920.105269	-133431.241921	-151701.244915
1054.912931	-5450.182313	-4668.519457	-5396.761644	-53956.105287	-85778.037998	-89100.915384	-97950.798029
-5352.393431	-5799.182451	-5783.357416	-5690.888249	-138204.412246	-123914.942016	-133427.822104	-151698.115670
-6130.412952	-5698.621952	-5927.034429	-5734.116523	-54117.529585	-86092.437636	-87489.175795	-98785.881553
-5952.783639	-6186.404072	-5762.883218	-5686.194382	-138199.852490	-123909.488190	-133422.904721	-151693.287694
-302.530861	-5480.759499	-4892.148661	-5435.921900	-53988.939999	-85814.963080	-88897.313344	-98051.358527
-3351.398212	-4800.640619	-5795.203840	-5698.532545	-138209.128464	-123922.005167	-133433.007709	-151703.055406
-3313.042618	-5584.650407	-5423.516682	-5582.258771	-54034.425799	-85953.163916	-88232.885388	-98409.321715
-6470.338281	-6508.939744	-5762.302072	-5682.104013	-138197.639668	-123906.224836	-133420.669546	-151691.030167
-4918.546071	-5632.483141	-5723.655906	-5643.033164	-54089.522849	-86004.416466	-87912.249614	-98558.407850
-3825.948098	-5075.500020	-5782.798622	-5696.587944	-138207.362677	-123920.105269	-133431.241921	-151701.244915
1054.912931	-5450.182313	-4668.519457	-5396.761644	-53956.105287	-85778.037998	-89100.915384	-97950.798029
-5352.393431	-5799.182451	-5783.357416	-5690.888249	-138204.412246	-123914.942016	-133427.822104	-151698.115670
-6130.412952	-5698.621952	-5927.034429	-5734.116523	-54117.529585	-86092.437636	-87489.175795	-98785.881553
-5952.783639	-6186.404072	-5762.883218	-5686.194382	-138199.852490	-123909.488190	-133422.904721	-151693.287694
-302.530861	-5480.759499	-4892.148661	-5435.921900	-53988.939999	-85814.963080	-88897.313344	-98051.358527
-3351.398212	-4800.640619	-5795.203840	-5698.532545	-138209.128464	-123922.005167	-133433.007709	-151703.055406
-3313.042618	-5584.650407	-5423.516682	-5582.258771	-54034.425799	-85953.163916	-88232.885388	-98409.321715
-6469.824191	-6508.895041	-5766.817125	-5685.322664	-138200.590098	-123908.750583	-133423.284700	-151693.779432
-4954.331214	-5637.333469	-5726.673392	-5649.291652	-54090.506326	-86015.055897	-87897.564518	-98576.959798
-3868.595227	-5098.678779	-5784.698520	-5697.370255	-138208.010877	-123920.105269	-133431.487791	-151701.602543
1132.406429	-5450.629348	-4631.303803	-5396.247553	-53954.250092	-85783.469472	-89105.922175	-97957.302386
-5324.900785	-5784.385596	-5786.844288	-5692.274057	-138205.753351	-123915.724327	-133428.805581	-151699.143851
-6102.987361	-5700.007761	-5918.808987	-5736.485807	-54115.026190	-86099.657249	-87492.036819	-98796.766853
-5976.834116	-6200.865650	-5768.426450	-5689.480089	-138203.205252	-123912.192751	-133425.676337	-151696.014606
-310.175158	-5486.325084	-4857.592864	-5442.940348	-53990.415214	-85826.988319	-88886.852728	-98071.743318
-3339.507084	-4794.404482	-5799.696541	-5700.879479	-138211.385991	-123923.636845	-133434.728793	-151704.977656
-3173.388919	-5582.772861	-5386.479841	-5580.604742	-54029.955450	-85956.919009	-88248.084575	-98412.562718
-6463.163371	-6502.345979	-5769.722851	-5685.300313	-138200.545394	-123908.035327	-133422.658851	-151693.310045
-4951.000804	-5638.987498	-5716.726865	-5652.957338	-54087.421785	-86023.661318	-87881.918297	-98595.020007
-3891.103434	-5106.412483	-5787.224267	-5697.549069	-138208.234395	-123919.769993	-133431.063107	-151701.401377
1279.078576	-5448.617691	-4553.765601	-5395.644056	-53950.003260	-85787.157510	-89109.967841	-97962.823267
-5284.511183	-5759.284587	-5788.408910	-5691.111766	-138204.367543	-123913.824429	-133426.905683	-151697.355711
1132.406429	-5450.629348	-4631.303803	-5396.247553	-53954.250092	-85783.469472	-89105.922175	-97957.302386
-5324.900785	-5784.385596	-5786.844288	-5692.274057	-138205.753351	-123915.724327	-133428.805581	-151699.143851
-6102.987361	-5700.007761	-5918.808987	-5736.485807	-54115.026190	-86099.657249	-87492.036819	-98796.766853
-5976.834116	-6200.865650	-5768.426450	-5689.480089	-138203.205252	-123912.192751	-133425.676337	-151696.014606
-310.175158	-5486.325084	-4857.592864	-5442.940348	-53990.415214	-85826.988319	-88886.852728	-98071.743318
-3339.507084	-4794.404482	-5799.696541	-5700.879479	-138211.385991	-123923.636845	-133434.728793	-151704.977656
-3173.388919	-5582.772861	-5386.479841	-5580.604742	-54029.955450	-85956.919009	-88248.084575	-98412.562718
-6463.163371	-6502.345979	-5769.722851	-5685.300313	-138200.545394	-123908.035327	-133422.658851	-151693.310045
-4951.000804	-5638.987498	-5716.726865	-5652.957338	-54087.421785	-86023.661318	-87881.918297	-98595.020007
-3891.103434	-5106.412483	-5787.224267	-5697.549069	-138208.234395	-123919.769993	-133431.063107	-151701.401377
1279.078576	-5448.617691	-4553.765601	-5395.644056	-53950.003260	-85787.157510	-89109.967841	-97962.823267
-5284.511183	-5759.284587	-5788.408910	-5691.111766	-138204.367543	-123913.824429	-133426.905683	-151697.355711
-6051.645404	-5697.325551	-5902.738083	-5734.697668	-54109.460605	-86103.166473	-87494.026124	-98803.025341
-5987.495898	-6204.218412	-5770.862790	-5689.100109	-138202.668810	-123911.119868	-133424.670508	-151695.209944
-285.767053	-5485.833345	-4806.541479	-5443.946176	-53987.218915	-85832.822124	-88871.944114	-98084.036778
-3290.154432	-4760.116906	-5801.194108	-5700.164223	-138210.469569	-123922.318092	-133433.320634	-151703.748310
-3008.589507	-5578.391919	-5342.268091	-5575.687358	-54024.792197	-85957.611913	-88262.389691	-98409.791101
-6448.768848	-6489.516078	-5771.645102	-5684.070967	-138199.248993	-123906.314243	-133421.004822	-151691.700720
-4946.552807	-5637.624042	-5707.540298	-5652.487952	-54083.689044	-86028.645757	-87864.685102	-98605.637086
-3874.339625	-5089.246343	-5788.408910	-5696.520888	-138207.116807	-123918.183019	-133429.587892	-151699.903810
1399.442720	-5444.057935	-4488.878487	-5390.413748	-53945.667022	-85787.805711	-89112.091257	-97961.437459
-5225.614336	-5722.068932	-5788.699483	-5689.010702	-138202.378238	-123911.343385	-133424.446991	-151695.008778
-6008.573593	-5691.827022	-5889.729367	-5728.774456	-54103.805614	-86103.322936	-87493.601441	-98801.281905
-5987.406491	-6200.999761	-5770.214590	-5685.970865	-138199.763083	-123907.610644	-133421.384802	-151691.946589
-303.626097	-5482.413528	-4790.559982	-5440.526359	-53983.776746	-85835.236113	-88855.023844	-98088.752996
-285.767053	-5485.833345	-4806.541479	-5443.946176	-53987.218915	-85832.822124	-88871.944114	-98084.036778
-3290.154432	-4760.116906	-5801.194108	-5700.164223	-138210.469569	-123922.318092	-133433.320634	-151703.748310
-3008.589507	-5578.391919	-5342.268091	-5575.687358	-54024.792197	-85957.611913	-88262.389691	-98409.791101
-6448.768848	-6489.516078	-5771.645102	-5684.070967	-138199.248993	-123906.314243	-133421.004822	-151691.700720
-4946.552807	-5637.624042	-5707.540298	-5652.487952	-54083.689044	-86028.645757	-87864.685102	-98605.637086
-3874.339625	-5089.246343	-5788.408910	-5696.520888	-138207.116807	-123918.183019	-133429.587892	-151699.903810
1399.442720	-5444.057935	-4488.878487	-5390.413748	-53945.667022	-85787.805711	-89112.091257	-97961.437459
-5225.614336	-5722.068932	-5788.699483	-5689.010702	-138202.378238	-123911.343385	-133424.446991	-151695.008778
-6008.573593	-5691.827022	-5889.729367	-5728.774456	-54103.805614	-86103.322936	-87493.601441	-98801.281905
-5987.406491	-6200.999761	-5770.214590	-5685.970865	-138199.763083	-123907.610644	-133421.384802	-151691.946589
-303.626097	-5482.413528	-4790.559982	-5440.526359	-53983.776746	-85835.236113	-88855.023844	-98088.752996
-3212.906803	-4708.417321	-5798.757768	-5696.163260	-138206.669772	-123917.959502	-133429.140857	-151699.590886
-2901.614058	-5569.719442	-5313.702561	-5565.673776	-54017.974915	-85953.856820	-88271.263334	-98399.174023
-6434.173159	-6476.730880	-5772.740337	-5683.333359	-138198.712551	-123905.219007	-133420.021346	-151690.918409
-4981.890915	-5637.333469	-5714.022304	-5652.465600	-54083.621989	-86034.412507	-87848.793012	-98613.348438
-3858.715756	-5072.259017	-5789.817070	-5696.945572	-138207.943822	-123918.317129	-133429.945520	-151700.417900
1425.638965	-5444.460266	-4492.991208	-5390.056120	-53948.215121	-85793.214833	-89117.321565	-97962.443288
-5176.753423	-5694.732749	-5795.405006	-5694.531583	-138208.077932	-123916.573693	-133429.722003	-151700.350845
-6002.672732	-5694.241010	-5894.020902	-5730.473188	-54107.672466	-86110.833122	-87498.027086	-98804.992295
-6001.488090	-6209.739293	-5775.042567	-5689.793013	-138204.099322	-123911.164571	-133425.072840	-151695.813441
-404.007781	-5485.252200	-4833.564738	-5443.968528	-53987.956522	-85843.841534	-88840.338748	-98098.721874
-3169.477364	-4685.819708	-5802.870489	-5699.739540	-138210.626031	-123921.401670	-133432.605378	-151703.077758
-2866.320654	-5569.607683	-5316.563584	-5564.511486	-54020.701828	-85958.170707	-88285.814319	-98395.843613
-6427.579394	-6472.215828	-5776.383671	-5686.037920	-138201.774740	-123907.722403	-133422.591796	-151693.511211
-5049.415535	-5639.590995	-5729.400304	-5655.192513	-54086.684178	-86042.235618	-87832.364480	-98623.294964
-4981.890915	-5637.333469	-5714.022304	-5652.465600	-54083.621989	-86034.412507	-87848.793012	-98613.348438
-3858.715756	-5072.259017	-5789.817070	-5696.945572	-138207.943822	-123918.317129	-133429.945520	-151700.417900
1425.638965	-5444.460266	-4492.991208	-5390.056120	-53948.215121	-85793.214833	-89117.321565	-97962.443288
-5176.753423	-5694.732749	-5795.405006	-5694.531583	-138208.077932	-123916.573693	-133429.722003	-151700.350845
-6002.672732	-5694.241010	-5894.020902	-5730.473188	-54107.672466	-86110.833122	-87498.027086	-98804.992295
-6001.488090	-6209.739293	-5775.042567	-5689.793013	-138204.099322	-123911.164571	-133425.072840	-151695.813441
-404.007781	-5485.252200	-4833.564738	-5443.968528	-53987.956522	-85843.841534	-88840.338748	-98098.721874
-3169.477364	-4685.819708	-5802.870489	-5699.739540	-138210.626031	-123921.401670	-133432.605378	-151703.077758
-2866.320654	-5569.607683	-5316.563584	-5564.511486	-54020.701828	-85958.170707	-88285.814319	-98395.843613
-6427.579394	-6472.215828	-5776.383671	-5686.037920	-138201.774740	-123907.722403	-133422.591796	-151693.511211
-5049.415535	-5639.590995	-5729.400304	-5655.192513	-54086.684178	-86042.235618	-87832.364480	-98623.294964
-3874.898419	-5080.417404	-5791.761672	-5698.621952	-138210.044886	-123919.814696	-133431.465439	-151702.094281
1419.492235	-5443.409734	-4516.035857	-5388.469146	-53949.444467	-85796.969926	-89120.719030	-97962.063308
-5135.983841	-5671.755156	-5794.756805	-5693.548106	-138207.563842	-123915.500810	-133428.559712	-151699.389720
-5993.799090	-5690.463566	-5891.316341	-5726.472226	-54105.236126	-86112.017764	-87496.350705	-98803.382969
-6020.352962	-6219.931688	-5772.695633	-5687.423728	-138202.132368	-123908.683528	-133422.524741	-151693.488859
-480.942485	-5485.878049	-4852.071983	-5445.175522	-53989.364682	-85849.988264	-88825.318375	-98107.729627
-3163.777669	-4686.154984	-5803.429282	-5700.723016	-138211.922432	-123921.982816	-133433.342985	-151703.882421
-2790.682350	-5567.640730	-5303.823090	-5561.628111	-54021.104159	-85960.696454	-88302.019334	-98391.976761
-6423.734894	-6469.421860	-5775.914285	-5685.657941	-138201.841796	-123907.096554	-133422.100058	-151693.019473
-5091.436814	-5640.976803	-5736.776380	-5657.360632	-54088.829945	-86049.276417	-87817.478218	-98633.621470
-3914.908041	-5103.663218	-5789.906477	-5697.526717	-138209.284927	-123918.361833	-133430.191389	-151700.864935
1456.014986	-5440.414600	-4507.832767	-5385.228143	-53948.930377	-85798.735714	-89123.401239	-97960.766907
-5106.904221	-5656.645376	-5793.818032	-5693.145775	-138207.407380	-123914.696147	-133427.911511	-151698.830926
-5976.990578	-5690.552973	-5889.885830	-5726.405171	-54107.761873	-86116.912796	-87500.798702	-98805.193461
-5993.799090	-5690.463566	-5891.316341	-5726.472226	-54105.236126	-86112.017764	-87496.350705	-98803.382969
-6020.352962	-6219.931688	-5772.695633	-5687.423728	-138202.132368	-123908.683528	-133422.524741	-151693.488859
-480.942485	-5485.878049	-4852.071983	-5445.175522	-53989.364682	-85849.988264	-88825.318375	-98107.729627
-3163.777669	-4686.154984	-5803.429282	-5700.723016	-138211.922432	-123921.982816	-133433.342985	-151703.882421
-2790.682350	-5567.640730	-5303.823090	-5561.628111	-54021.104159	-85960.696454	-88302.019334	-98391.976761
-6423.734894	-6469.421860	-5775.914285	-5685.657941	-138201.841796	-123907.096554	-133422.100058	-151693.019473
-5091.436814	-5640.976803	-5736.776380	-5657.360632	-54088.829945	-86049.276417	-87817.478218	-98633.621470
-3914.908041	-5103.663218	-5789.906477	-5697.526717	-138209.284927	-123918.361833	-133430.191389	-151700.864935
1456.014986	-5440.414600	-4507.832767	-5385.228143	-53948.930377	-85798.735714	-89123.401239	-97960.766907
-5106.904221	-5656.645376	-5793.818032	-5693.145775	-138207.407380	-123914.696147	-133427.911511	-151698.830926
-5976.990578	-5690.552973	-5889.885830	-5726.405171	-54107.761873	-86116.912796	-87500.798702	-98805.193461
-6042.391782	-6234.125046	-5773.589703	-5688.943647	-138204.076970	-123909.845818	-133423.955253	-151694.986426
-549.674100	-5488.783775	-4865.438326	-5448.617691	-53993.991493	-85858.191354	-88812.354363	-98118.011429
-3154.881675	-4684.210382	-5804.166890	-5702.175880	-138213.643517	-123923.189810	-133434.572331	-151705.290580
-2723.828283	-5566.277273	-5291.842555	-5559.281177	-54023.026410	-85963.579829	-88316.436209	-98387.729929
-6420.359781	-6467.387851	-5777.635369	-5687.736653	-138204.099322	-123908.750583	-133423.910549	-151695.053481
-5141.728239	-5643.189626	-5747.326404	-5660.042841	-54092.540335	-86056.965418	-87802.927232	-98642.942148
-3939.830236	-5115.196719	-5789.571201	-5697.794938	-138209.888424	-123918.294778	-133430.347852	-151701.155508
1468.353149	-5438.224129	-4512.101950	-5382.434175	-53949.511522	-85801.172054	-89125.167027	-97958.889360
-5064.257093	-5632.170216	-5791.381692	-5690.932952	-138205.328668	-123912.215103	-133425.609282	-151696.439290
-5962.886627	-5685.993217	-5886.175440	-5721.376028	-54105.213774	-86117.091610	-87500.150502	-98801.192498
-6055.065221	-6241.501122	-5773.075613	-5688.720130	-138203.942860	-123909.287025	-133423.552921	-151694.651150
-631.816761	-5491.667150	-4891.746329	-5451.903397	-53998.215973	-85866.550906	-88799.859738	-98127.197996
-3118.448331	-4663.847943	-5806.737340	-5704.791034	-138216.661002	-123925.648502	-133437.209837	-151707.950438
-2667.591294	-5564.287968	-5285.338197	-5555.928416	-54023.294630	-85965.658541	-88331.389526	-98381.851421
-3154.881675	-4684.210382	-5804.166890	-5702.175880	-138213.643517	-123923.189810	-133434.572331	-151705.290580
-2723.828283	-5566.277273	-5291.842555	-5559.281177	-54023.026410	-85963.579829	-88316.436209	-98387.729929
-6420.359781	-6467.387851	-5777.635369	-5687.736653	-138204.099322	-123908.750583	-133423.910549	-151695.053481
-5141.728239	-5643.189626	-5747.326404	-5660.042841	-54092.540335	-86056.965418	-87802.927232	-98642.942148
-3939.830236	-5115.196719	-5789.571201	-5697.794938	-138209.888424	-123918.294778	-133430.347852	-151701.155508
1468.353149	-5438.224129	-4512.101950	-5382.434175	-53949.511522	-85801.172054	-89125.167027	-97958.889360
-5064.257093	-5632.170216	-5791.381692	-5690.932952	-138205.328668	-123912.215103	-133425.609282	-151696.439290
-5962.886627	-5685.993217	-5886.175440	-5721.376028	-54105.213774	-86117.091610	-87500.150502	-98801.192498
-6055.065221	-6241.501122	-5773.075613	-5688.720130	-138203.942860	-123909.287025	-133423.552921	-151694.651150
-631.816761	-5491.667150	-4891.746329	-5451.903397	-53998.215973	-85866.550906	-88799.859738	-98127.197996
-3118.448331	-4663.847943	-5806.737340	-5704.791034	-138216.661002	-123925.648502	-133437.209837	-151707.950438
-2667.591294	-5564.287968	-5285.338197	-5555.928416	-54023.294630	-85965.658541	-88331.389526	-98381.851421
-6411.240269	-6460.168238	-5777.434203	-5687.535487	-138204.211081	-123908.348251	-133423.642328	-151694.785261
-5192.936086	-5643.860178	-5756.177694	-5660.981615	-54093.367349	-86062.776871	-87787.504528	-98650.385279
-3959.142144	-5124.271527	-5788.721834	-5697.236144	-138209.620203	-123917.467763	-133429.610244	-151700.462604
1478.947875	-5435.072533	-4513.130130	-5378.723786	-53947.678679	-85802.490807	-89125.926986	-97956.408317
-5021.229985	-5607.426835	-5789.414738	-5688.809537	-138203.652287	-123909.845818	-133423.329404	-151694.360577
-5944.178217	-5682.081661	-5879.514620	-5717.017438	-54101.704550	-86117.784514	-87501.513958	-98798.085606
-6068.900951	-6247.401982	-5768.113526	-5683.802746	-138199.584269	-123904.079068	-133418.590834	-151689.778470
-699.408436	-5485.788642	-4889.935838	-5446.807199	-53992.225706	-85865.992113	-88778.290305	-98129.500226
-3100.455177	-4651.576835	-5797.550773	-5695.962095	-138207.988525	-123916.417231	-133428.090325	-151699.032092
-2575.725624	-5553.760297	-5256.169171	-5544.685488	-54014.175119	-85959.355349	-88339.503210	-98368.999168
-6401.316095	-6451.629871	-5773.232075	-5683.087490	-138200.232470	-123903.833199	-133419.037869	-151690.404319
-5225.860205	-5643.055516	-5758.614034	-5661.316891	-54092.674445	-86067.694255	-87772.886488	-98658.364851
-3999.487042	-5144.835132	-5784.832631	-5693.391644	-138206.446255	-123913.511504	-133425.765744	-151696.841621
1478.947875	-5435.072533	-4513.130130	-5378.723786	-53947.678679	-85802.490807	-89125.926986	-97956.408317
-5021.229985	-5607.426835	-5789.414738	-5688.809537	-138203.652287	-123909.845818	-133423.329404	-151694.360577
-5944.178217	-5682.081661	-5879.514620	-5717.017438	-54101.704550	-86117.784514	-87501.513958	-98798.085606
-6068.900951	-6247.401982	-5768.113526	-5683.802746	-138199.584269	-123904.079068	-133418.590834	-151689.778470
-699.408436	-5485.788642	-4889.935838	-5446.807199	-53992.225706	-85865.992113	-88778.290305	-98129.500226
-3100.455177	-4651.576835	-5797.550773	-5695.962095	-138207.988525	-123916.417231	-133428.090325	-151699.032092
-2575.725624	-5553.760297	-5256.169171	-5544.685488	-54014.175119	-85959.355349	-88339.503210	-98368.999168
-6401.316095	-6451.629871	-5773.232075	-5683.087490	-138200.232470	-123903.833199	-133419.037869	-151690.404319
-5225.860205	-5643.055516	-5758.614034	-5661.316891	-54092.674445	-86067.694255	-87772.886488	-98658.364851
-3999.487042	-5144.835132	-5784.832631	-5693.391644	-138206.446255	-123913.511504	-133425.765744	-151696.841621
1518.152835	-5431.250385	-4495.740473	-5374.946341	-53945.510560	-85803.474284	-89128.318623	-97955.044860
-4992.798566	-5592.451166	-5789.839421	-5689.189516	-138204.591060	-123910.114039	-133423.552921	-151694.829964
-5922.541728	-5684.003911	-5878.151164	-5718.872633	-54105.347884	-86124.512389	-87511.952223	-98802.220679
-6092.504393	-6262.467058	-5770.661625	-5686.395548	-138202.959383	-123906.895388	-133421.384802	-151692.773604
-766.195448	-5489.811956	-4903.950382	-5451.612824	-53997.500717	-85875.446901	-88768.880221	-98142.218368
-3104.791415	-4655.309576	-5798.154270	-5696.766758	-138209.575499	-123917.400708	-133429.029099	-151700.172031
-2499.483824	-5552.195674	-5242.445200	-5542.137389	-54015.784444	-85961.992855	-88358.144564	-98365.333481
-6397.695112	-6448.791200	-5773.902628	-5683.936856	-138201.797092	-123904.771972	-133419.998994	-151691.566609
-5269.781383	-5644.463676	-5766.817125	-5663.149734	-54095.557820	-86074.310371	-87762.470575	-98667.417308
-4033.260528	-5161.665995	-5782.440994	-5691.782319	-138205.485130	-123911.991586	-133424.245825	-151695.500516
1529.932204	-5428.858749	-4499.450862	-5371.973559	-53946.158760	-85805.664755	-89131.671385	-97953.860218
-4956.365222	-5573.340425	-5787.738358	-5687.759005	-138203.451121	-123908.527065	-133421.988299	-151693.444156
-5906.426121	-5680.315874	-5874.843106	-5714.670505	-54104.789091	-86125.406459	-87516.087296	-98798.912620
-6108.597649	-6271.988901	-5767.890008	-5684.696816	-138201.528871	-123904.861379	-133419.350793	-151690.985464
-857.591731	-5490.706025	-4931.845359	-5452.886874	-54000.697017	-85881.638334	-88754.150421	-98150.309700
-766.195448	-5489.811956	-4903.950382	-5451.612824	-53997.500717	-85875.446901	-88768.880221	-98142.218368
-3104.791415	-4655.309576	-5798.154270	-5696.766758	-138209.575499	-123917.400708	-133429.029099	-151700.172031
-2499.483824	-5552.195674	-5242.445200	-5542.137389	-54015.784444	-85961.992855	-88358.144564	-98365.333481
-6397.695112	-6448.791200	-5773.902628	-5683.936856	-138201.797092	-123904.771972	-133419.998994	-151691.566609
-5269.781383	-5644.463676	-5766.817125	-5663.149734	-54095.557820	-86074.310371	-87762.470575	-98667.417308
-4033.260528	-5161.665995	-5782.440994	-5691.782319	-138205.485130	-123911.991586	-133424.245825	-151695.500516
1529.932204	-5428.858749	-4499.450862	-5371.973559	-53946.158760	-85805.664755	-89131.671385	-97953.860218
-4956.365222	-5573.340425	-5787.738358	-5687.759005	-138203.451121	-123908.527065	-133421.988299	-151693.444156
-5906.426121	-5680.315874	-5874.843106	-5714.670505	-54104.789091	-86125.406459	-87516.087296	-98798.912620
-6108.597649	-6271.988901	-5767.890008	-5684.696816	-138201.528871	-123904.861379	-133419.350793	-151690.985464
-857.591731	-5490.706025	-4931.845359	-5452.886874	-54000.697017	-85881.638334	-88754.150421	-98150.309700
-3095.537793	-4655.019004	-5797.081387	-5696.878516	-138209.843720	-123917.132487	-133428.649119	-151700.037920
-2446.621948	-5548.708802	-5235.940842	-5537.376468	-54015.963258	-85962.484594	-88372.069701	-98358.002109
-6388.575600	-6441.772752	-5771.510991	-5682.439289	-138200.523043	-123902.939129	-133418.143799	-151689.890228
-5317.412951	-5642.787295	-5774.282607	-5661.652167	-54095.826041	-86077.663133	-87746.623188	-98671.731194
-4053.265340	-5169.958493	-5781.055186	-5691.536449	-138205.440427	-123911.365737	-133423.597625	-151695.142888
1524.545434	-5428.925804	-4511.297287	-5371.459469	-53949.198598	-85810.023345	-89135.828809	-97954.173142
-4918.054333	-5551.793343	-5788.475965	-5689.144813	-138205.082799	-123909.845818	-133423.195293	-151694.807612
-5898.513603	-5681.053481	-5876.608893	-5714.826967	-54108.052445	-86130.435602	-87523.239854	-98799.538469
-6127.998963	-6284.774099	-5770.639273	-5688.161336	-138205.261613	-123908.236493	-133422.748258	-151694.494688
-942.930692	-5495.109319	-4953.884179	-5457.848961	-54006.642581	-85891.093122	-88743.890970	-98161.418517
-3076.739976	-4642.569082	-5797.975456	-5698.309028	-138211.721267	-123918.607702	-133430.146686	-151701.535487
-2382.405386	-5545.490151	-5223.736790	-5533.040229	-54015.695037	-85963.244553	-88387.671219	-98351.274234
-6382.026539	-6436.922423	-5770.996901	-5682.372234	-138200.813615	-123902.805019	-133418.009689	-151689.778470
-5359.791858	-5647.391754	-5784.206782	-5666.770717	-54101.481033	-86087.341438	-87738.464801	-98683.197639
-5317.412951	-5642.787295	-5774.282607	-5661.652167	-54095.826041	-86077.663133	-87746.623188	-98671.731194
-4053.265340	-5169.958493	-5781.055186	-5691.536449	-138205.440427	-123911.365737	-133423.597625	-151695.142888
1524.545434	-5428.925804	-4511.297287	-5371.459469	-53949.198598	-85810.023345	-89135.828809	-97954.173142
-4918.054333	-5551.793343	-5788.475965	-5689.144813	-138205.082799	-123909.845818	-133423.195293	-151694.807612
-5898.513603	-5681.053481	-5876.608893	-5714.826967	-54108.052445	-86130.435602	-87523.239854	-98799.538469
-6127.998963	-6284.774099	-5770.639273	-5688.161336	-138205.261613	-123908.236493	-133422.748258	-151694.494688
-942.930692	-5495.109319	-4953.884179	-5457.848961	-54006.642581	-85891.093122	-88743.890970	-98161.418517
-3076.739976	-4642.569082	-5797.975456	-5698.309028	-138211.721267	-123918.607702	-133430.146686	-151701.535487
-2382.405386	-5545.490151	-5223.736790	-5533.040229	-54015.695037	-85963.244553	-88387.671219	-98351.274234
-6382.026539	-6436.922423	-5770.996901	-5682.372234	-138200.813615	-123902.805019	-133418.009689	-151689.778470
-5359.791858	-5647.391754	-5784.206782	-5666.770717	-54101.481033	-86087.341438	-87738.464801	-98683.197639
-4086.837660	-5188.801013	-5784.139727	-5695.135080	-138209.597851	-123915.076126	-133427.375070	-151698.786223
1545.041984	-5430.423371	-4504.345894	-5372.510001	-53952.886635	-85815.745391	-89142.579036	-97956.564779
-4883.610294	-5533.219043	-5788.140689	-5689.144813	-138205.552185	-123909.711708	-133423.083535	-151694.695854
-5875.245437	-5677.700720	-5870.462164	-5710.960115	-54106.711341	-86131.352023	-87528.000775	-98796.543336
-6141.208844	-6292.172526	-5766.772421	-5684.875630	-138202.557051	-123904.839028	-133419.417849	-151691.141926
-1007.974268	-5495.489299	-4958.734507	-5458.787734	-54008.341313	-85896.457541	-88730.010537	-98169.040462
-3062.881894	-4635.304765	-5798.042512	-5699.180746	-138212.972964	-123919.188847	-133430.839590	-151702.317798
-2307.415284	-5545.378392	-5208.850528	-5531.967346	-54018.533709	-85966.776129	-88405.552614	-98347.899121
-6376.796231	-6433.234386	-5771.443936	-5683.333359	-138202.132368	-123903.564978	-133418.903758	-151690.829002
-5404.405940	-5647.101181	-5791.091119	-5667.307158	-54102.911544	-86092.102360	-87724.003222	-98690.104328
-4127.987221	-5209.811653	-5780.943427	-5692.899906	-138207.653249	-123912.528028	-133424.983433	-151696.573400
1541.130428	-5429.283432	-4514.918270	-5371.481821	-53954.786534	-85819.098153	-89144.143658	-97957.078869
-4850.350899	-5516.075255	-5788.095985	-5689.681255	-138206.289793	-123910.002280	-133423.396459	-151695.098185
-5861.208542	-5676.583132	-5869.590446	-5709.753121	-54108.633591	-86134.615378	-87534.192209	-98795.470452
-4883.610294	-5533.219043	-5788.140689	-5689.144813	-138205.552185	-123909.711708	-133423.083535	-151694.695854
-5875.245437	-5677.700720	-5870.462164	-5710.960115	-54106.711341	-86131.352023	-87528.000775	-98796.543336
-6141.208844	-6292.172526	-5766.772421	-5684.875630	-138202.557051	-123904.839028	-133419.417849	-151691.141926
-1007.974268	-5495.489299	-4958.734507	-5458.787734	-54008.341313	-85896.457541	-88730.010537	-98169.040462
-3062.881894	-4635.304765	-5798.042512	-5699.180746	-138212.972964	-123919.188847	-133430.839590	-151702.317798
-2307.415284	-5545.378392	-5208.850528	-5531.967346	-54018.533709	-85966.776129	-88405.552614	-98347.899121
-6376.796231	-6433.234386	-5771.443936	-5683.333359	-138202.132368	-123903.564978	-133418.903758	-151690.829002
-5404.405940	-5647.101181	-5791.091119	-5667.307158	-54102.911544	-86092.102360	-87724.003222	-98690.104328
-4127.987221	-5209.811653	-5780.943427	-5692.899906	-138207.653249	-123912.528028	-133424.983433	-151696.573400
1541.130428	-5429.283432	-4514.918270	-5371.481821	-53954.786534	-85819.098153	-89144.143658	-97957.078869
-4850.350899	-5516.075255	-5788.095985	-5689.681255	-138206.289793	-123910.002280	-133423.396459	-151695.098185
-5861.208542	-5676.583132	-5869.590446	-5709.753121	-54108.633591	-86134.615378	-87534.192209	-98795.470452
-6157.726783	-6302.096701	-5765.163096	-5684.093318	-138202.065313	-123903.654385	-133418.479075	-151690.225505
-1103.125644	-5495.466947	-4987.925886	-5459.748859	-54010.621191	-85901.598442	-88713.984336	-98176.237723
-3057.517476	-4633.315460	-5795.449709	-5697.347903	-138211.318935	-123916.931321	-133428.805581	-151700.350845
-2253.592283	-5539.633994	-5202.994371	-5525.552395	-54016.723218	-85964.943286	-88418.583681	-98338.354926
-6367.140277	-6425.634793	-5768.538209	-5681.031129	-138200.053656	-123901.016879	-133416.310956	-151688.437365
-5453.244502	-5647.481161	-5801.037645	-5668.380042	-54105.459643	-86097.377371	-87711.620356	-98696.340465
-4162.900646	-5228.676525	-5779.088232	-5691.916429	-138206.870938	-123911.142219	-133423.709383	-151695.388758
1526.244167	-5429.126969	-4537.202959	-5370.699509	-53957.513447	-85823.032060	-89146.982330	-97957.257683
-4816.465654	-5499.222040	-5788.610076	-5690.888249	-138207.742656	-123910.851647	-133424.379936	-151696.081662
-5850.055021	-5676.359615	-5869.970425	-5709.261383	-54111.293448	-86138.504581	-87542.440002	-98794.241106
-6176.703415	-6314.546623	-5765.386613	-5685.076795	-138203.384066	-123904.570807	-133419.373145	-151691.298388
-1197.025323	-5497.098624	-5013.496281	-5462.341662	-54014.063360	-85908.169855	-88698.874557	-98184.865497
-3061.563142	-4638.635175	-5791.739320	-5694.241010	-138208.435560	-123913.690318	-133425.519875	-151697.132194
-3057.517476	-4633.315460	-5795.449709	-5697.347903	-138211.318935	-123916.931321	-133428.805581	-151700.350845
-2253.592283	-5539.633994	-5202.994371	-5525.552395	-54016.723218	-85964.943286	-88418.583681	-98338.354926
-6367.140277	-6425.634793	-5768.538209	-5681.031129	-138200.053656	-123901.016879	-133416.310956	-151688.437365
-5453.244502	-5647.481161	-5801.037645	-5668.380042	-54105.459643	-86097.377371	-87711.620356	-98696.340465
-4162.900646	-5228.676525	-5779.088232	-5691.916429	-138206.870938	-123911.142219	-133423.709383	-151695.388758
1526.244167	-5429.126969	-4537.202959	-5370.699509	-53957.513447	-85823.032060	-89146.982330	-97957.257683
-4816.465654	-5499.222040	-5788.610076	-5690.888249	-138207.742656	-123910.851647	-133424.379936	-151696.081662
-5850.055021	-5676.359615	-5869.970425	-5709.261383	-54111.293448	-86138.504581	-87542.440002	-98794.241106
-6176.703415	-6314.546623	-5765.386613	-5685.076795	-138203.384066	-123904.570807	-133419.373145	-151691.298388
-1197.025323	-5497.098624	-5013.496281	-5462.341662	-54014.063360	-85908.169855	-88698.874557	-98184.865497
-3061.563142	-4638.635175	-5791.739320	-5694.241010	-138208.435560	-123913.690318	-133425.519875	-151697.132194
-2195.097768	-5535.610680	-5193.450176	-5520.858529	-54015.896203	-85964.742120	-88431.882969	-98330.688278
-6361.820562	-6422.013810	-5768.761726	-5681.791089	-138201.014781	-123901.508618	-133416.959157	-151688.996159
-5493.947028	-5650.498647	-5809.531308	-5672.582170	-54110.198213	-86105.558110	-87701.696181	-98705.839957
-4201.524460	-5249.061316	-5778.931770	-5692.676388	-138208.010877	-123911.656310	-133424.357584	-151696.036958
1535.318975	-5427.942327	-4530.050401	-5370.073661	-53958.966310	-85826.429525	-89148.949283	-97957.414145
-4784.569715	-5481.966493	-5787.358378	-5690.329455	-138207.161511	-123909.957577	-133423.485866	-151695.344054
-5828.776160	-5674.303254	-5866.081222	-5707.562650	-54112.053408	-86141.030328	-87549.257284	-98792.140042
-6195.009493	-6325.968364	-5764.313729	-5684.808574	-138203.406418	-123903.877902	-133418.903758	-151691.007816
-1275.189373	-5501.658380	-5031.310622	-5468.309578	-54020.299497	-85917.982270	-88688.033961	-98197.136604
-3074.795374	-4649.431068	-5795.874392	-5699.225449	-138213.688220	-123918.160667	-133430.101982	-151701.826060
-2126.701430	-5537.957613	-5185.448251	-5522.691372	-54021.662953	-85970.911201	-88453.072423	-98329.682449
-6358.825428	-6420.896223	-5770.818087	-5684.629760	-138203.942860	-123903.766144	-133419.194331	-151691.387795
-5536.795323	-5654.589016	-5820.148387	-5677.410147	-54116.210832	-86114.319994	-87694.856548	-98715.831186
-4252.151162	-5279.727910	-5780.272875	-5694.956266	-138210.335459	-123913.399746	-133426.101020	-151697.981560
-4201.524460	-5249.061316	-5778.931770	-5692.676388	-138208.010877	-123911.656310	-133424.357584	-151696.036958
1535.318975	-5427.942327	-4530.050401	-5370.073661	-53958.966310	-85826.429525	-89148.949283	-97957.414145
-4784.569715	-5481.966493	-5787.358378	-5690.329455	-138207.161511	-123909.957577	-133423.485866	-151695.344054
-5828.776160	-5674.303254	-5866.081222	-5707.562650	-54112.053408	-86141.030328	-87549.257284	-98792.140042
-6195.009493	-6325.968364	-5764.313729	-5684.808574	-138203.406418	-123903.877902	-133418.903758	-151691.007816
-1275.189373	-5501.658380	-5031.310622	-5468.309578	-54020.299497	-85917.982270	-88688.033961	-98197.136604
-3074.795374	-4649.431068	-5795.874392	-5699.225449	-138213.688220	-123918.160667	-133430.101982	-151701.826060
-2126.701430	-5537.957613	-5185.448251	-5522.691372	-54021.662953	-85970.911201	-88453.072423	-98329.682449
-6358.825428	-6420.896223	-5770.818087	-5684.629760	-138203.942860	-123903.766144	-133419.194331	-151691.387795
-5536.795323	-5654.589016	-5820.148387	-5677.410147	-54116.210832	-86114.319994	-87694.856548	-98715.831186
-4252.151162	-5279.727910	-5780.272875	-5694.956266	-138210.335459	-123913.399746	-133426.101020	-151697.981560
1524.143103	-5428.903452	-4547.350651	-5370.990082	-53962.810810	-85831.458668	-89153.509039	-97959.604616
-4761.390956	-5471.774098	-5787.157212	-5690.754138	-138207.563842	-123909.979929	-133423.396459	-151695.344054
-5812.280573	-5671.978673	-5863.600178	-5704.969848	-54112.925126	-86142.349081	-87557.929761	-98788.541411
-6208.465243	-6333.523254	-5759.843380	-5681.276999	-138199.919546	-123899.876940	-133414.835741	-151687.006853
-1365.825697	-5500.429034	-5054.176456	-5467.683729	-54021.260622	-85921.200922	-88672.521850	-98202.255154
-3078.818688	-4653.208512	-5792.834555	-5697.012627	-138211.564805	-123915.523161	-133427.375070	-151699.210906
-2077.125260	-5533.420209	-5179.726205	-5517.081084	-54020.947697	-85969.614800	-88467.802223	-98320.540586
-6349.080068	-6412.939002	-5766.772421	-5681.411109	-138200.903022	-123900.189865	-133415.595700	-151687.900923
-5580.940018	-5653.069097	-5826.920966	-5676.292560	-54116.970791	-86117.113962	-87682.585440	-98719.139244
-4290.752624	-5298.972762	-5774.819049	-5690.463566	-138206.222738	-123908.683528	-133421.362450	-151693.488859
1498.215079	-5424.723676	-4566.349633	-5366.139754	-53961.804981	-85830.899874	-89152.324397	-97955.804820
-4726.343420	-5451.031679	-5781.166945	-5685.367368	-138202.624107	-123904.235530	-133417.696764	-151689.778470
-5796.835518	-5667.173048	-5859.085126	-5699.516022	-54111.338152	-86141.075032	-87562.601276	-98782.260571
-6223.150340	-6342.463951	-5757.027061	-5679.488859	-138198.444331	-123897.775876	-133412.846436	-151685.062252
-5812.280573	-5671.978673	-5863.600178	-5704.969848	-54112.925126	-86142.349081	-87557.929761	-98788.541411
-6208.465243	-6333.523254	-5759.843380	-5681.276999	-138199.919546	-123899.876940	-133414.835741	-151687.006853
-1365.825697	-5500.429034	-5054.176456	-5467.683729	-54021.260622	-85921.200922	-88672.521850	-98202.255154
-3078.818688	-4653.208512	-5792.834555	-5697.012627	-138211.564805	-123915.523161	-133427.375070	-151699.210906
-2077.125260	-5533.420209	-5179.726205	-5517.081084	-54020.947697	-85969.614800	-88467.802223	-98320.540586
-6349.080068	-6412.939002	-5766.772421	-5681.411109	-138200.903022	-123900.189865	-133415.595700	-151687.900923
-5580.940018	-5653.069097	-5826.920966	-5676.292560	-54116.970791	-86117.113962	-87682.585440	-98719.139244
-4290.752624	-5298.972762	-5774.819049	-5690.463566	-138206.222738	-123908.683528	-133421.362450	-151693.488859
1498.215079	-5424.723676	-4566.349633	-5366.139754	-53961.804981	-85830.899874	-89152.324397	-97955.804820
-4726.343420	-5451.031679	-5781.166945	-5685.367368	-138202.624107	-123904.235530	-133417.696764	-151689.778470
-5796.835518	-5667.173048	-5859.085126	-5699.516022	-54111.338152	-86141.075032	-87562.601276	-98782.260571
-6223.150340	-6342.463951	-5757.027061	-5679.488859	-138198.444331	-123897.775876	-133412.846436	-151685.062252
-1458.540733	-5500.138462	-5078.115175	-5467.862543	-54022.981706	-85925.447753	-88657.143850	-98208.357180
-3080.740938	-4655.242521	-5786.486660	-5691.558801	-138206.267441	-123909.756411	-133421.608319	-151693.600618
-2021.625879	-5525.977078	-5169.444402	-5508.363904	-54016.723218	-85965.390320	-88478.978095	-98308.962382
-6338.887672	-6404.691208	-5762.682052	-5677.790127	-138197.572612	-123896.367716	-133411.840607	-151684.168182
-5620.010867	-5654.164333	-5833.850006	-5677.723071	-54119.518890	-86122.500732	-87672.437748	-98726.023582
-4334.293823	-5323.693791	-5774.349663	-5690.754138	-138206.692124	-123908.527065	-133421.362450	-151693.488859
1489.766120	-5426.377705	-4575.424442	-5367.480858	-53965.515371	-85836.443107	-89156.437118	-97958.978767
-4701.801205	-5441.241615	-5784.117375	-5688.787185	-138206.021572	-123907.118905	-133420.535436	-151692.818307
-5780.317578	-5670.525810	-5859.956844	-5702.421749	-54116.568460	-86148.093480	-87575.900564	-98785.054539
-6242.685764	-6356.143219	-5759.508104	-5682.193420	-138201.283002	-123900.078106	-133415.148665	-151687.565647
-1540.593987	-5506.352247	-5096.801233	-5474.903342	-54029.910747	-85936.221294	-88646.705585	-98222.259965
-3092.006217	-4665.099641	-5788.967703	-5694.218659	-138209.262575	-123912.103344	-133423.955253	-151696.036958
-1950.189704	-5526.312354	-5158.268530	-5507.715703	-54019.181909	-85968.810137	-88496.591270	-98305.944896
-2021.625879	-5525.977078	-5169.444402	-5508.363904	-54016.723218	-85965.390320	-88478.978095	-98308.962382
-6338.887672	-6404.691208	-5762.682052	-5677.790127	-138197.572612	-123896.367716	-133411.840607	-151684.168182
-5620.010867	-5654.164333	-5833.850006	-5677.723071	-54119.518890	-86122.500732	-87672.437748	-98726.023582
-4334.293823	-5323.693791	-5774.349663	-5690.754138	-138206.692124	-123908.527065	-133421.362450	-151693.488859
1489.766120	-5426.377705	-4575.424442	-5367.480858	-53965.515371	-85836.443107	-89156.437118	-97958.978767
-4701.801205	-5441.241615	-5784.117375	-5688.787185	-138206.021572	-123907.118905	-133420.535436	-151692.818307
-5780.317578	-5670.525810	-5859.956844	-5702.421749	-54116.568460	-86148.093480	-87575.900564	-98785.054539
-6242.685764	-6356.143219	-5759.508104	-5682.193420	-138201.283002	-123900.078106	-133415.148665	-151687.565647
-1540.593987	-5506.352247	-5096.801233	-5474.903342	-54029.910747	-85936.221294	-88646.705585	-98222.259965
-3092.006217	-4665.099641	-5788.967703	-5694.218659	-138209.262575	-123912.103344	-133423.955253	-151696.036958
-1950.189704	-5526.312354	-5158.268530	-5507.715703	-54019.181909	-85968.810137	-88496.591270	-98305.944896
-6332.428018	-6400.489080	-5764.134915	-5679.153583	-138199.092531	-123897.261786	-133412.757029	-151685.151659
-5651.482123	-5655.952472	-5838.789742	-5680.181763	-54121.843472	-86128.580407	-87661.284228	-98734.114913
-4371.263608	-5343.005698	-5773.053261	-5689.569496	-138205.865110	-123907.096554	-133419.909587	-151692.058348
1497.879803	-5425.751856	-4568.942436	-5366.877361	-53966.409441	-85839.594703	-89156.325359	-97959.917541
-4663.333853	-5420.163920	-5781.591628	-5685.970865	-138203.473473	-123904.123772	-133417.495598	-151689.756118
-5746.767610	-5664.647301	-5849.786800	-5696.051502	-54112.142815	-86145.746546	-87578.403959	-98778.058443
-6250.195950	-6358.490152	-5753.316671	-5676.091394	-138195.315086	-123893.461990	-133408.532549	-151681.038938
-1612.253679	-5503.491223	-5102.813852	-5472.735223	-54027.586165	-85937.584750	-88625.091448	-98226.506797
-3082.484374	-4658.461172	-5786.576067	-5691.871726	-138206.759179	-123909.130562	-133421.116581	-151693.242990
-1867.778822	-5522.669020	-5138.934271	-5503.133595	-54017.818453	-85968.430158	-88509.577633	-98298.300600
-6319.687524	-6390.788423	-5762.637348	-5677.454850	-138197.393799	-123895.160722	-133410.633613	-151683.229409
-5680.002949	-5657.204170	-5843.170684	-5681.813441	-54123.788074	-86134.280102	-87649.862486	-98740.708678
-4396.990466	-5353.980405	-5771.242770	-5687.915467	-138204.121674	-123904.861379	-133417.830875	-151690.113746
1501.567841	-5423.024943	-4565.679081	-5363.748117	-53965.403612	-85840.734642	-89154.291350	-97958.352918
-4371.263608	-5343.005698	-5773.053261	-5689.569496	-138205.865110	-123907.096554	-133419.909587	-151692.058348
1497.879803	-5425.751856	-4568.942436	-5366.877361	-53966.409441	-85839.594703	-89156.325359	-97959.917541
-4663.333853	-5420.163920	-5781.591628	-5685.970865	-138203.473473	-123904.123772	-133417.495598	-151689.756118
-5746.767610	-5664.647301	-5849.786800	-5696.051502	-54112.142815	-86145.746546	-87578.403959	-98778.058443
-6250.195950	-6358.490152	-5753.316671	-5676.091394	-138195.315086	-123893.461990	-133408.532549	-151681.038938
-1612.253679	-5503.491223	-5102.813852	-5472.735223	-54027.586165	-85937.584750	-88625.091448	-98226.506797
-3082.484374	-4658.461172	-5786.576067	-5691.871726	-138206.759179	-123909.130562	-133421.116581	-151693.242990
-1867.778822	-5522.669020	-5138.934271	-5503.133595	-54017.818453	-85968.430158	-88509.577633	-98298.300600
-6319.687524	-6390.788423	-5762.637348	-5677.454850	-138197.393799	-123895.160722	-133410.633613	-151683.229409
-5680.002949	-5657.204170	-5843.170684	-5681.813441	-54123.788074	-86134.280102	-87649.862486	-98740.708678
-4396.990466	-5353.980405	-5771.242770	-5687.915467	-138204.121674	-123904.861379	-133417.830875	-151690.113746
1501.567841	-5423.024943	-4565.679081	-5363.748117	-53965.403612	-85840.734642	-89154.291350	-97958.352918
-4623.860672	-5398.840356	-5782.351587	-5686.417900	-138203.831101	-123904.056716	-133417.450895	-151689.890228
-5722.247746	-5666.033109	-5847.864550	-5696.878516	-54115.205004	-86150.842744	-87589.289259	-98778.326664
-6263.316424	-6367.676719	-5755.685956	-5678.259513	-138197.594964	-123895.227777	-133410.298337	-151682.961188
-1688.115500	-5507.156909	-5119.667067	-5477.138517	-54031.788293	-85945.921951	-88611.836864	-98237.593262
-3073.320159	-4653.744954	-5787.738358	-5692.855202	-138207.854415	-123909.734060	-133421.608319	-151694.047653
-1796.499109	-5522.244337	-5128.317193	-5501.636028	-54019.248965	-85971.291181	-88526.520255	-98294.634914
-6309.986867	-6384.127603	-5764.850171	-5679.019472	-138199.025476	-123896.144199	-133411.617090	-151684.414051
-5708.993162	-5658.522923	-5847.439867	-5683.758042	-54124.972716	-86140.024500	-87639.893608	-98748.218864
-4428.618184	-5370.386585	-5771.667453	-5688.116632	-138204.389895	-123904.503751	-133417.428543	-151689.867877
1504.898251	-5424.008420	-4561.655767	-5364.709242	-53967.057641	-85845.450860	-89156.280655	-97961.459811
-4583.761642	-5376.689777	-5781.122241	-5684.853278	-138202.087665	-123901.776839	-133415.215721	-151687.833868
-5690.552973	-5663.239141	-5839.750867	-5693.726920	-54112.589850	-86151.669759	-87596.017134	-98775.532696
-6276.191029	-6375.969216	-5755.887122	-5677.790127	-138197.170281	-123894.266652	-133409.426619	-151682.223580
-1688.115500	-5507.156909	-5119.667067	-5477.138517	-54031.788293	-85945.921951	-88611.836864	-98237.593262
-3073.320159	-4653.744954	-5787.738358	-5692.855202	-138207.854415	-123909.734060	-133421.608319	-151694.047653
-1796.499109	-5522.244337	-5128.317193	-5501.636028	-54019.248965	-85971.291181	-88526.520255	-98294.634914
-6309.986867	-6384.127603	-5764.850171	-5679.019472	-138199.025476	-123896.144199	-133411.617090	-151684.414051
-5708.993162	-5658.522923	-5847.439867	-5683.758042	-54124.972716	-86140.024500	-87639.893608	-98748.218864
-4428.618184	-5370.386585	-5771.667453	-5688.116632	-138204.389895	-123904.503751	-133417.428543	-151689.867877
1504.898251	-5424.008420	-4561.655767	-5364.709242	-53967.057641	-85845.450860	-89156.280655	-97961.459811
-4583.761642	-5376.689777	-5781.122241	-5684.853278	-138202.087665	-123901.776839	-133415.215721	-151687.833868
-5690.552973	-5663.239141	-5839.750867	-5693.726920	-54112.589850	-86151.669759	-87596.017134	-98775.532696
-6276.191029	-6375.969216	-5755.887122	-5677.790127	-138197.170281	-123894.266652	-133409.426619	-151682.223580
-1757.919998	-5508.408607	-5125.098541	-5479.440746	-54031.922404	-85951.912219	-88595.408332	-98247.517436
-3076.114127	-4656.762440	-5783.424471	-5688.340150	-138203.406418	-123904.637862	-133416.757991	-151689.107917
-1710.713114	-5515.360000	-5102.970314	-5494.170546	-54013.057531	-85967.983123	-88536.712651	-98285.649512
-6296.955800	-6373.801097	-5761.296244	-5674.839696	-138194.778644	-123891.450333	-133407.102037	-151679.742537
-5729.377953	-5658.522923	-5847.641033	-5684.562705	-54123.877480	-86144.763070	-87627.398983	-98755.818457
-4468.426641	-5391.039597	-5771.153363	-5687.289618	-138203.629935	-123903.252054	-133416.333308	-151688.929103
1520.186844	-5425.237766	-4545.227235	-5366.296216	-53968.465801	-85850.748223	-89158.046443	-97965.997215
-4556.358404	-5363.591655	-5783.916209	-5687.066100	-138204.255784	-123903.542626	-133417.026212	-151689.577304
-5657.740612	-5665.675481	-5835.727553	-5696.118557	-54115.294411	-86158.129413	-87607.885910	-98778.796050
-6293.871259	-6388.665007	-5760.402174	-5681.902848	-138201.215947	-123897.775876	-133413.159360	-151685.978673
-1822.069505	-5517.550471	-5136.967318	-5489.722549	-54040.907805	-85965.859707	-88588.233422	-98265.599998
-3091.179203	-4668.698271	-5791.605209	-5696.342074	-138211.207177	-123912.170400	-133424.089363	-151696.707511
-1624.435380	-5520.813825	-5089.089881	-5499.132633	-54020.232441	-85977.080283	-88559.153802	-98289.114033
-6293.826555	-6373.488173	-5768.828782	-5681.992254	-138201.662982	-123897.954690	-133413.606395	-151686.537467
-5758.457572	-5666.882475	-5857.609911	-5693.682217	-54132.773475	-86157.771785	-87626.102582	-98770.369443
-6296.955800	-6373.801097	-5761.296244	-5674.839696	-138194.778644	-123891.450333	-133407.102037	-151679.742537
-5729.377953	-5658.522923	-5847.641033	-5684.562705	-54123.877480	-86144.763070	-87627.398983	-98755.818457
-4468.426641	-5391.039597	-5771.153363	-5687.289618	-138203.629935	-123903.252054	-133416.333308	-151688.929103
1520.186844	-5425.237766	-4545.227235	-5366.296216	-53968.465801	-85850.748223	-89158.046443	-97965.997215
-4556.358404	-5363.591655	-5783.916209	-5687.066100	-138204.255784	-123903.542626	-133417.026212	-151689.577304
-5657.740612	-5665.675481	-5835.727553	-5696.118557	-54115.294411	-86158.129413	-87607.885910	-98778.796050
-6293.871259	-6388.665007	-5760.402174	-5681.902848	-138201.215947	-123897.775876	-133413.159360	-151685.978673
-1822.069505	-5517.550471	-5136.967318	-5489.722549	-54040.907805	-85965.859707	-88588.233422	-98265.599998
-3091.179203	-4668.698271	-5791.605209	-5696.342074	-138211.207177	-123912.170400	-133424.089363	-151696.707511
-1624.435380	-5520.813825	-5089.089881	-5499.132633	-54020.232441	-85977.080283	-88559.153802	-98289.114033
-6293.826555	-6373.488173	-5768.828782	-5681.992254	-138201.662982	-123897.954690	-133413.606395	-151686.537467
-5758.457572	-5666.882475	-5857.609911	-5693.682217	-54132.773475	-86157.771785	-87626.102582	-98770.369443
-4513.644220	-5417.325248	-5775.802526	-5691.894077	-138208.144988	-123907.118905	-133420.334270	-151692.952417
1526.244167	-5428.210548	-4545.897787	-5369.492515	-53973.271426	-85858.124299	-89160.907467	-97971.741613
-4524.797741	-5348.392468	-5786.218439	-5689.144813	-138206.312145	-123904.995490	-133418.479075	-151691.276037
-5625.911728	-5665.563722	-5831.614832	-5695.559763	-54117.596640	-86161.973913	-87618.838265	-98777.454946
-6302.610791	-6393.850612	-5759.597511	-5680.897019	-138200.321877	-123896.278309	-133411.594738	-151684.637569
-1892.253982	-5515.874090	-5149.663109	-5488.806127	-54040.684288	-85968.921896	-88570.374378	-98270.807954
-3077.008197	-4657.701213	-5788.341855	-5693.190478	-138208.167339	-123908.437658	-133420.334270	-151693.108880
-1552.574522	-5516.566994	-5075.924704	-5493.857621	-54019.181909	-85976.365027	-88572.564849	-98280.821536
-6278.001520	-6361.351175	-5766.481849	-5679.310045	-138199.181938	-123894.937205	-133410.365392	-151683.519981
-5785.659645	-5664.513190	-5860.381527	-5691.558801	-54131.991164	-86159.738739	-87612.490369	-98772.694024
-4538.253491	-5427.383533	-5773.500296	-5689.614199	-138206.021572	-123904.391993	-133417.540302	-151690.449022
1504.853547	-5426.735333	-4558.481819	-5367.592617	-53974.456069	-85860.560639	-89159.119327	-97971.562799
-4480.384824	-5322.799721	-5785.234962	-5688.027225	-138205.306316	-123903.386164	-133416.802694	-151689.800822
1526.244167	-5428.210548	-4545.897787	-5369.492515	-53973.271426	-85858.124299	-89160.907467	-97971.741613
-4524.797741	-5348.392468	-5786.218439	-5689.144813	-138206.312145	-123904.995490	-133418.479075	-151691.276037
-5625.911728	-5665.563722	-5831.614832	-5695.559763	-54117.596640	-86161.973913	-87618.838265	-98777.454946
-6302.610791	-6393.850612	-5759.597511	-5680.897019	-138200.321877	-123896.278309	-133411.594738	-151684.637569
-1892.253982	-5515.874090	-5149.663109	-5488.806127	-54040.684288	-85968.921896	-88570.374378	-98270.807954
-3077.008197	-4657.701213	-5788.341855	-5693.190478	-138208.167339	-123908.437658	-133420.334270	-151693.108880
-1552.574522	-5516.566994	-5075.924704	-5493.857621	-54019.181909	-85976.365027	-88572.564849	-98280.821536
-6278.001520	-6361.351175	-5766.481849	-5679.310045	-138199.181938	-123894.937205	-133410.365392	-151683.519981
-5785.659645	-5664.513190	-5860.381527	-5691.558801	-54131.991164	-86159.738739	-87612.490369	-98772.694024
-4538.253491	-5427.383533	-5773.500296	-5689.614199	-138206.021572	-123904.391993	-133417.540302	-151690.449022
1504.853547	-5426.735333	-4558.481819	-5367.592617	-53974.456069	-85860.560639	-89159.119327	-97971.562799
-4480.384824	-5322.799721	-5785.234962	-5688.027225	-138205.306316	-123903.386164	-133416.802694	-151689.800822
-5603.112948	-5662.859161	-5827.837387	-5692.296409	-54117.596640	-86163.024445	-87626.460210	-98773.051652
-6313.160814	-6400.600839	-5759.932787	-5681.232295	-138200.791264	-123896.032440	-133411.460627	-151684.704624
-1986.421881	-5519.740941	-5175.814650	-5493.388235	-54045.847541	-85977.549669	-88556.359834	-98282.050882
-3070.190915	-4653.543789	-5789.571201	-5694.419824	-138209.463741	-123909.085859	-133421.250692	-151694.070005
-1498.595059	-5515.382351	-5072.683701	-5491.533040	-54020.545366	-85978.533146	-88587.942849	-98276.172373
-6266.624482	-6353.550417	-5767.241808	-5679.846487	-138199.807787	-123894.825446	-133410.454799	-151683.587037
-5816.505053	-5665.273150	-5865.768297	-5692.855202	-54133.533434	-86165.125509	-87602.432084	-98779.421899
-4576.430270	-5447.388345	-5770.818087	-5687.043749	-138203.585232	-123901.285100	-133414.478113	-151687.543295
1485.809861	-5423.874310	-4567.735442	-5364.597483	-53972.802040	-85861.789985	-89155.699510	-97971.518096
-4451.394612	-5308.405198	-5782.239828	-5684.763871	-138202.110017	-123899.653423	-133413.047601	-151686.157487
-5570.702919	-5657.897074	-5818.583765	-5686.730824	-54113.595678	-86161.750396	-87631.467000	-98767.798992
-6321.632126	-6404.959429	-5755.931825	-5676.985464	-138196.656191	-123891.316222	-133406.677354	-151680.077813
-2054.192371	-5520.143273	-5184.084795	-5494.617581	-54046.071058	-85982.556460	-88539.081936	-98291.036283
